# relative_time, cycles_done, cur_item, corpus_count, pending_total, pending_favs, map_size, saved_crashes, saved_hangs, max_depth, execs_per_sec, total_execs, edges_found, total_crashes, servers_count
65, 0, 0, 3, 3, 1, 33.96%, 4, 0, 2, 11.63, 536, 90, 296, 0
71, 0, 0, 3, 3, 1, 33.96%, 4, 0, 2, 0.45, 560, 90, 314, 0
76, 0, 0, 3, 3, 1, 33.96%, 4, 0, 2, 0.28, 577, 90, 326, 0
81, 0, 0, 3, 3, 1, 33.96%, 4, 0, 2, 10.01, 630, 90, 362, 0
89, 0, 0, 3, 3, 1, 33.96%, 4, 0, 2, 0.39, 664, 90, 380, 0
94, 0, 0, 3, 3, 1, 33.96%, 4, 0, 2, 9.75, 718, 90, 405, 0
99, 0, 0, 3, 3, 1, 33.96%, 4, 0, 2, 5.33, 734, 90, 415, 0
104, 0, 0, 3, 3, 1, 33.96%, 4, 0, 2, 8.93, 767, 90, 438, 0
112, 0, 0, 3, 3, 1, 33.96%, 4, 0, 2, 0.16, 784, 90, 448, 0
117, 0, 1, 3, 2, 2, 33.96%, 4, 0, 2, 9.28, 841, 90, 480, 0
122, 0, 1, 3, 2, 2, 33.96%, 4, 0, 2, 11.76, 891, 90, 507, 0
127, 0, 1, 4, 3, 2, 34.72%, 4, 0, 3, 14.76, 950, 92, 530, 0
133, 0, 1, 4, 3, 2, 34.72%, 4, 0, 3, 3.13, 1001, 92, 560, 0
139, 0, 1, 4, 3, 2, 34.72%, 4, 0, 3, 0.31, 1031, 92, 581, 0
149, 0, 1, 4, 3, 2, 34.72%, 4, 0, 3, 0.50, 1087, 92, 615, 0
156, 0, 1, 4, 3, 2, 34.72%, 4, 0, 3, 0.20, 1108, 92, 627, 0
161, 0, 1, 4, 3, 2, 34.72%, 4, 0, 3, 13.64, 1134, 92, 643, 0
167, 0, 1, 4, 3, 2, 34.72%, 4, 0, 3, 4.85, 1145, 92, 651, 0
174, 0, 1, 4, 3, 2, 34.72%, 4, 0, 3, 0.45, 1173, 92, 664, 0
182, 0, 1, 4, 3, 2, 34.72%, 4, 0, 3, 0.84, 1224, 92, 693, 0
188, 0, 2, 4, 2, 2, 34.72%, 4, 0, 3, 9.88, 1252, 92, 710, 0
193, 0, 2, 4, 2, 2, 34.72%, 4, 0, 3, 13.34, 1307, 92, 737, 0
202, 0, 2, 5, 3, 2, 35.47%, 4, 0, 3, 0.44, 1365, 94, 766, 0
207, 0, 2, 5, 3, 2, 35.47%, 4, 0, 3, 12.84, 1421, 94, 796, 0
212, 0, 2, 6, 4, 2, 35.85%, 4, 0, 3, 11.20, 1470, 95, 821, 0
217, 0, 2, 6, 4, 2, 35.85%, 4, 0, 3, 4.61, 1473, 95, 824, 0
224, 0, 2, 6, 4, 2, 35.85%, 4, 0, 3, 0.43, 1513, 95, 849, 0
230, 0, 2, 6, 4, 2, 35.85%, 4, 0, 3, 0.36, 1563, 95, 874, 0
237, 0, 2, 6, 4, 2, 35.85%, 4, 0, 3, 0.82, 1606, 95, 894, 0
242, 0, 2, 6, 4, 2, 35.85%, 4, 0, 3, 12.97, 1645, 95, 912, 0
248, 0, 2, 6, 4, 2, 35.85%, 4, 0, 3, 12.12, 1701, 95, 940, 0
253, 0, 2, 6, 4, 2, 35.85%, 4, 0, 3, 13.40, 1733, 95, 955, 0
258, 0, 2, 6, 4, 2, 35.85%, 5, 0, 3, 12.25, 1793, 95, 988, 0
263, 0, 2, 6, 4, 2, 35.85%, 6, 0, 3, 11.36, 1846, 95, 1023, 0
268, 0, 2, 6, 4, 2, 35.85%, 6, 0, 3, 13.70, 1886, 95, 1046, 0
273, 0, 2, 6, 4, 2, 35.85%, 6, 0, 3, 9.82, 1928, 95, 1069, 0
278, 0, 2, 6, 4, 2, 35.85%, 6, 0, 3, 10.97, 1988, 95, 1104, 0
285, 0, 2, 6, 4, 2, 35.85%, 6, 0, 3, 0.28, 2031, 95, 1125, 0
290, 0, 3, 6, 3, 3, 35.85%, 6, 0, 3, 14.28, 2079, 95, 1151, 0
296, 0, 3, 6, 3, 3, 35.85%, 7, 0, 3, 12.22, 2140, 95, 1183, 0
301, 0, 3, 6, 3, 3, 35.85%, 7, 0, 3, 12.38, 2191, 95, 1214, 0
307, 0, 3, 6, 3, 3, 35.85%, 7, 0, 3, 0.24, 2217, 95, 1227, 0
312, 0, 4, 6, 2, 2, 35.85%, 7, 0, 3, 9.23, 2272, 95, 1257, 0
317, 0, 4, 7, 3, 2, 36.60%, 7, 0, 4, 13.78, 2303, 97, 1271, 0
322, 0, 4, 7, 3, 2, 36.60%, 7, 0, 4, 12.13, 2358, 97, 1299, 0
328, 0, 4, 7, 3, 2, 36.60%, 7, 0, 4, 14.48, 2396, 97, 1317, 0
333, 0, 4, 7, 3, 2, 36.60%, 7, 0, 4, 10.44, 2443, 97, 1348, 0
338, 0, 4, 7, 3, 2, 36.60%, 7, 0, 4, 10.65, 2501, 97, 1384, 0
343, 0, 4, 7, 3, 2, 36.60%, 7, 0, 4, 11.68, 2561, 97, 1418, 0
348, 0, 4, 7, 3, 2, 36.60%, 7, 0, 4, 11.30, 2591, 97, 1435, 0
353, 0, 4, 7, 3, 2, 36.60%, 7, 0, 4, 0.60, 2630, 97, 1459, 0
358, 0, 5, 7, 2, 2, 36.60%, 8, 0, 4, 14.55, 2671, 97, 1478, 0
364, 0, 5, 7, 2, 2, 36.60%, 8, 0, 4, 12.84, 2733, 97, 1512, 0
379, 0, 5, 7, 2, 2, 36.60%, 8, 0, 4, 0.21, 2746, 97, 1520, 0
386, 0, 5, 7, 2, 2, 36.60%, 8, 0, 4, 0.20, 2766, 97, 1535, 0
392, 0, 5, 7, 2, 2, 36.60%, 8, 0, 4, 0.43, 2793, 97, 1551, 0
399, 0, 5, 7, 2, 2, 36.60%, 8, 0, 4, 0.37, 2831, 97, 1571, 0
404, 0, 6, 7, 1, 1, 36.60%, 8, 0, 4, 10.27, 2881, 97, 1596, 0
409, 0, 6, 7, 1, 1, 36.60%, 8, 0, 4, 10.98, 2938, 97, 1632, 0
414, 0, 6, 7, 1, 1, 36.60%, 8, 0, 4, 10.84, 2990, 97, 1665, 0
419, 0, 6, 7, 1, 1, 36.60%, 8, 0, 4, 11.75, 3051, 97, 1699, 0
426, 0, 6, 7, 1, 1, 36.60%, 8, 0, 4, 1.62, 3115, 97, 1731, 0
432, 0, 6, 7, 1, 1, 36.60%, 8, 0, 4, 0.19, 3126, 97, 1736, 0
437, 0, 6, 7, 1, 1, 36.60%, 8, 0, 4, 9.48, 3182, 97, 1766, 0
442, 0, 6, 7, 1, 1, 36.60%, 8, 0, 4, 11.41, 3216, 97, 1784, 0
450, 0, 2, 7, 0, 0, 36.60%, 8, 0, 4, 0.27, 3254, 97, 1801, 0
457, 0, 2, 7, 0, 0, 36.60%, 8, 0, 4, 0.47, 3289, 97, 1822, 0
462, 0, 2, 7, 0, 0, 36.60%, 8, 0, 4, 9.35, 3329, 97, 1848, 0
467, 0, 2, 7, 0, 0, 36.60%, 8, 0, 4, 5.51, 3360, 97, 1865, 0
475, 0, 2, 7, 0, 0, 36.60%, 8, 0, 4, 0.40, 3399, 97, 1890, 0
482, 0, 2, 7, 0, 0, 36.60%, 8, 0, 4, 0.35, 3438, 97, 1918, 0
487, 0, 3, 7, 0, 0, 36.60%, 8, 0, 4, 15.44, 3479, 97, 1942, 0
492, 0, 3, 7, 0, 0, 36.60%, 8, 0, 4, 0.35, 3505, 97, 1962, 0
498, 0, 3, 7, 0, 0, 36.60%, 8, 0, 4, 1.09, 3547, 97, 1987, 0
503, 0, 3, 7, 0, 0, 36.60%, 9, 0, 4, 14.22, 3565, 97, 1996, 0
508, 0, 3, 7, 0, 0, 36.60%, 9, 0, 4, 13.06, 3629, 97, 2025, 0
513, 1, 3, 7, 0, 0, 36.60%, 9, 0, 4, 9.34, 3662, 97, 2044, 0
519, 1, 3, 7, 0, 0, 36.60%, 9, 0, 4, 0.47, 3681, 97, 2059, 0
524, 1, 3, 7, 0, 0, 36.60%, 9, 0, 4, 9.28, 3732, 97, 2085, 0
529, 1, 3, 7, 0, 0, 36.60%, 9, 0, 4, 9.74, 3785, 97, 2123, 0
535, 1, 3, 7, 0, 0, 36.60%, 9, 0, 4, 6.65, 3808, 97, 2139, 0
540, 1, 3, 7, 0, 0, 36.60%, 9, 0, 4, 0.55, 3811, 97, 2140, 0
545, 1, 2, 7, 0, 0, 36.60%, 9, 0, 4, 8.52, 3856, 97, 2169, 0
550, 1, 2, 7, 0, 0, 36.60%, 9, 0, 4, 9.47, 3901, 97, 2193, 0
555, 1, 2, 7, 0, 0, 36.60%, 9, 0, 4, 11.43, 3960, 97, 2225, 0
560, 1, 2, 7, 0, 0, 36.60%, 9, 0, 4, 11.19, 4014, 97, 2260, 0
567, 1, 2, 7, 0, 0, 36.60%, 9, 0, 4, 0.51, 4025, 97, 2267, 0
572, 1, 2, 7, 0, 0, 36.60%, 9, 0, 4, 0.82, 4048, 97, 2276, 0
578, 1, 6, 7, 0, 0, 36.60%, 9, 0, 4, 0.25, 4071, 97, 2289, 0
583, 1, 6, 7, 0, 0, 36.60%, 9, 0, 4, 8.75, 4124, 97, 2323, 0
588, 1, 6, 7, 0, 0, 36.60%, 9, 0, 4, 14.98, 4167, 97, 2344, 0
596, 1, 6, 7, 0, 0, 36.60%, 9, 0, 4, 0.61, 4216, 97, 2371, 0
601, 1, 6, 7, 0, 0, 36.60%, 9, 0, 4, 9.06, 4271, 97, 2404, 0
609, 1, 6, 7, 0, 0, 36.60%, 9, 0, 4, 0.53, 4308, 97, 2427, 0
619, 1, 6, 7, 0, 0, 36.60%, 9, 0, 4, 0.64, 4366, 97, 2459, 0
624, 1, 6, 7, 0, 0, 36.60%, 9, 0, 4, 9.62, 4420, 97, 2489, 0
629, 1, 6, 7, 0, 0, 36.60%, 9, 0, 4, 9.55, 4443, 97, 2504, 0
638, 1, 2, 7, 0, 0, 36.60%, 9, 0, 4, 0.42, 4501, 97, 2534, 0
644, 1, 2, 7, 0, 0, 36.60%, 9, 0, 4, 8.72, 4554, 97, 2562, 0
653, 1, 2, 7, 0, 0, 36.60%, 9, 0, 4, 0.23, 4611, 97, 2594, 0
658, 1, 1, 7, 0, 0, 36.60%, 9, 0, 4, 10.08, 4666, 97, 2628, 0
663, 1, 1, 7, 0, 0, 36.60%, 9, 0, 4, 12.60, 4693, 97, 2641, 0
670, 1, 1, 7, 0, 0, 36.60%, 9, 0, 4, 0.23, 4720, 97, 2658, 0
675, 1, 1, 7, 0, 0, 36.60%, 9, 0, 4, 9.38, 4776, 97, 2683, 0
683, 1, 1, 7, 0, 0, 36.60%, 9, 0, 4, 0.54, 4801, 97, 2696, 0
688, 1, 1, 7, 0, 0, 36.60%, 9, 0, 4, 0.53, 4814, 97, 2705, 0
693, 1, 4, 7, 0, 0, 36.60%, 9, 0, 4, 9.59, 4869, 97, 2736, 0
698, 1, 4, 7, 0, 0, 36.60%, 9, 0, 4, 1.19, 4911, 97, 2762, 0
703, 1, 4, 7, 0, 0, 36.60%, 9, 0, 4, 10.81, 4968, 97, 2797, 0
709, 1, 4, 7, 0, 0, 36.60%, 9, 0, 4, 11.34, 5028, 97, 2831, 0
714, 1, 6, 7, 0, 0, 36.60%, 9, 0, 4, 13.16, 5077, 97, 2860, 0
719, 1, 6, 7, 0, 0, 36.60%, 9, 0, 4, 11.61, 5127, 97, 2892, 0
724, 1, 6, 7, 0, 0, 36.60%, 9, 0, 4, 11.34, 5171, 97, 2913, 0
729, 1, 6, 7, 0, 0, 36.60%, 9, 0, 4, 11.18, 5225, 97, 2945, 0
736, 1, 6, 7, 0, 0, 36.60%, 9, 0, 4, 0.25, 5261, 97, 2965, 0
741, 1, 6, 7, 0, 0, 36.60%, 9, 0, 4, 11.11, 5321, 97, 2996, 0
746, 1, 6, 7, 0, 0, 36.60%, 9, 0, 4, 11.85, 5382, 97, 3030, 0
751, 1, 6, 7, 0, 0, 36.60%, 9, 0, 4, 11.52, 5430, 97, 3059, 0
758, 1, 6, 7, 0, 0, 36.60%, 9, 0, 4, 0.72, 5443, 97, 3070, 0
763, 1, 2, 7, 0, 0, 36.60%, 9, 0, 4, 8.78, 5495, 97, 3098, 0
768, 1, 2, 7, 0, 0, 36.60%, 9, 0, 4, 10.91, 5520, 97, 3113, 0
773, 1, 2, 7, 0, 0, 36.60%, 9, 0, 4, 0.25, 5535, 97, 3120, 0
780, 1, 2, 7, 0, 0, 36.60%, 9, 0, 4, 0.28, 5576, 97, 3142, 0
789, 1, 2, 7, 0, 0, 36.60%, 9, 0, 4, 0.65, 5620, 97, 3171, 0
794, 1, 2, 7, 0, 0, 36.60%, 9, 0, 4, 0.39, 5624, 97, 3174, 0
799, 1, 0, 7, 0, 0, 36.60%, 9, 0, 4, 18.02, 5652, 97, 3186, 0
807, 1, 0, 7, 0, 0, 36.60%, 9, 0, 4, 0.80, 5704, 97, 3213, 0
813, 1, 0, 7, 0, 0, 36.60%, 9, 0, 4, 13.00, 5759, 97, 3245, 0
818, 1, 0, 7, 0, 0, 36.60%, 9, 0, 4, 11.54, 5814, 97, 3276, 0
823, 2, 4, 7, 0, 0, 36.60%, 9, 0, 4, 10.79, 5868, 97, 3314, 0
828, 2, 4, 7, 0, 0, 36.60%, 9, 0, 4, 10.56, 5923, 97, 3349, 0
833, 2, 4, 7, 0, 0, 36.60%, 9, 0, 4, 2.21, 5978, 97, 3381, 0
839, 2, 4, 7, 0, 0, 36.60%, 9, 0, 4, 3.42, 6000, 97, 3397, 0
844, 2, 6, 7, 0, 0, 36.60%, 9, 0, 4, 9.65, 6059, 97, 3432, 0
849, 2, 6, 7, 0, 0, 36.60%, 9, 0, 4, 11.60, 6120, 97, 3462, 0
854, 2, 6, 7, 0, 0, 36.60%, 9, 0, 4, 10.89, 6175, 97, 3501, 0
859, 2, 6, 7, 0, 0, 36.60%, 9, 0, 4, 10.53, 6191, 97, 3514, 0
866, 2, 6, 7, 0, 0, 36.60%, 9, 0, 4, 1.12, 6241, 97, 3544, 0
873, 2, 6, 7, 0, 0, 36.60%, 9, 0, 4, 0.83, 6297, 97, 3574, 0
878, 2, 6, 7, 0, 0, 36.60%, 9, 0, 4, 0.21, 6309, 97, 3578, 0
883, 2, 6, 7, 0, 0, 36.60%, 9, 0, 4, 9.19, 6364, 97, 3608, 0
889, 2, 6, 7, 0, 0, 36.60%, 9, 0, 4, 0.94, 6394, 97, 3623, 0
895, 2, 6, 7, 0, 0, 36.60%, 9, 0, 4, 0.84, 6416, 97, 3631, 0
904, 2, 6, 7, 0, 0, 36.60%, 9, 0, 4, 0.74, 6459, 97, 3653, 0
909, 2, 6, 7, 0, 0, 36.60%, 9, 0, 4, 9.32, 6512, 97, 3690, 0
914, 2, 6, 7, 0, 0, 36.60%, 9, 0, 4, 10.94, 6570, 97, 3719, 0
920, 2, 6, 7, 0, 0, 36.60%, 9, 0, 4, 0.20, 6583, 97, 3729, 0
928, 2, 6, 7, 0, 0, 36.60%, 9, 0, 4, 0.18, 6608, 97, 3740, 0
933, 2, 6, 7, 0, 0, 36.60%, 9, 0, 4, 9.90, 6662, 97, 3776, 0
940, 2, 6, 7, 0, 0, 36.60%, 9, 0, 4, 1.22, 6675, 97, 3782, 0
945, 2, 6, 7, 0, 0, 36.60%, 9, 0, 4, 11.34, 6727, 97, 3813, 0
950, 2, 6, 7, 0, 0, 36.60%, 9, 0, 4, 11.27, 6784, 97, 3843, 0
955, 2, 6, 7, 0, 0, 36.60%, 9, 0, 4, 13.12, 6820, 97, 3860, 0
960, 2, 4, 7, 0, 0, 36.60%, 9, 0, 4, 11.86, 6877, 97, 3895, 0
966, 2, 4, 7, 0, 0, 36.60%, 9, 0, 4, 11.89, 6937, 97, 3928, 0
971, 2, 4, 7, 0, 0, 36.60%, 9, 0, 4, 4.09, 6952, 97, 3938, 0
979, 2, 4, 7, 0, 0, 36.60%, 9, 0, 4, 0.71, 7007, 97, 3968, 0
984, 2, 1, 7, 0, 0, 36.60%, 9, 0, 4, 10.47, 7058, 97, 4004, 0
989, 2, 1, 7, 0, 0, 36.60%, 9, 0, 4, 10.92, 7113, 97, 4037, 0
995, 2, 1, 7, 0, 0, 36.60%, 9, 0, 4, 0.73, 7149, 97, 4060, 0
1000, 2, 1, 7, 0, 0, 36.60%, 9, 0, 4, 10.85, 7193, 97, 4085, 0
1005, 2, 1, 7, 0, 0, 36.60%, 9, 0, 4, 11.44, 7249, 97, 4116, 0
1011, 2, 4, 7, 0, 0, 36.60%, 9, 0, 4, 0.44, 7255, 97, 4122, 0
1018, 2, 4, 7, 0, 0, 36.60%, 9, 0, 4, 0.81, 7299, 97, 4149, 0
1023, 2, 4, 7, 0, 0, 36.60%, 9, 0, 4, 10.65, 7314, 97, 4158, 0
1029, 2, 4, 7, 0, 0, 36.60%, 9, 0, 4, 0.90, 7346, 97, 4176, 0
1034, 2, 4, 7, 0, 0, 36.60%, 9, 0, 4, 10.55, 7405, 97, 4213, 0
1043, 2, 4, 7, 0, 0, 36.60%, 9, 0, 4, 0.24, 7446, 97, 4237, 0
1048, 2, 4, 7, 0, 0, 36.60%, 9, 0, 4, 1.00, 7473, 97, 4253, 0
1054, 2, 4, 7, 0, 0, 36.60%, 9, 0, 4, 0.66, 7489, 97, 4263, 0
1059, 2, 4, 7, 0, 0, 36.60%, 9, 0, 4, 0.44, 7496, 97, 4269, 0
1067, 2, 4, 7, 0, 0, 36.60%, 9, 0, 4, 0.74, 7550, 97, 4305, 0
1076, 2, 4, 7, 0, 0, 36.60%, 9, 0, 4, 0.37, 7598, 97, 4335, 0
1082, 2, 1, 7, 0, 0, 36.60%, 9, 0, 4, 10.20, 7650, 97, 4362, 0
1087, 2, 1, 7, 0, 0, 36.60%, 9, 0, 4, 10.54, 7702, 97, 4395, 0
1092, 2, 1, 7, 0, 0, 36.60%, 9, 0, 4, 10.69, 7756, 97, 4432, 0
1097, 2, 1, 7, 0, 0, 36.60%, 9, 0, 4, 11.00, 7807, 97, 4459, 0
1102, 2, 0, 7, 0, 0, 36.60%, 9, 0, 4, 10.89, 7863, 97, 4495, 0
1108, 2, 0, 7, 0, 0, 36.60%, 9, 0, 4, 1.17, 7910, 97, 4527, 0
1113, 2, 0, 7, 0, 0, 36.60%, 9, 0, 4, 13.03, 7959, 97, 4555, 0
1118, 2, 0, 7, 0, 0, 36.60%, 9, 0, 4, 13.02, 7988, 97, 4572, 0
1124, 2, 0, 7, 0, 0, 36.60%, 9, 0, 4, 10.96, 8039, 97, 4600, 0
1132, 3, 5, 7, 0, 0, 36.60%, 9, 0, 4, 0.16, 8062, 97, 4616, 0
1138, 3, 5, 7, 0, 0, 36.60%, 9, 0, 4, 0.60, 8092, 97, 4631, 0
1143, 3, 5, 7, 0, 0, 36.60%, 9, 0, 4, 12.85, 8147, 97, 4661, 0
1149, 3, 5, 7, 0, 0, 36.60%, 9, 0, 4, 1.03, 8189, 97, 4682, 0
1154, 3, 5, 7, 0, 0, 36.60%, 9, 0, 4, 10.44, 8244, 97, 4715, 0
1160, 3, 2, 7, 0, 0, 36.60%, 9, 0, 4, 0.46, 8291, 97, 4744, 0
1168, 3, 2, 7, 0, 0, 36.60%, 9, 0, 4, 0.46, 8338, 97, 4767, 0
1173, 3, 2, 7, 0, 0, 36.60%, 9, 0, 4, 12.73, 8399, 97, 4800, 0
1178, 3, 2, 7, 0, 0, 36.60%, 9, 0, 4, 10.92, 8452, 97, 4834, 0
1183, 3, 2, 7, 0, 0, 36.60%, 9, 0, 4, 10.80, 8499, 97, 4859, 0
1189, 3, 2, 7, 0, 0, 36.60%, 9, 0, 4, 10.25, 8538, 97, 4886, 0
1195, 3, 2, 7, 0, 0, 36.60%, 9, 0, 4, 0.19, 8551, 97, 4896, 0
1200, 3, 2, 7, 0, 0, 36.60%, 9, 0, 4, 8.58, 8591, 97, 4927, 0
1205, 3, 2, 7, 0, 0, 36.60%, 9, 0, 4, 1.01, 8616, 97, 4941, 0
1213, 3, 6, 7, 0, 0, 36.60%, 9, 0, 4, 0.52, 8667, 97, 4970, 0
1218, 3, 6, 7, 0, 0, 36.60%, 9, 0, 4, 11.57, 8726, 97, 5003, 0
1224, 3, 6, 7, 0, 0, 36.60%, 9, 0, 4, 10.72, 8778, 97, 5039, 0
1231, 3, 6, 7, 0, 0, 36.60%, 9, 0, 4, 0.70, 8831, 97, 5070, 0
1236, 3, 6, 7, 0, 0, 36.60%, 9, 0, 4, 7.72, 8876, 97, 5100, 0
1245, 3, 6, 7, 0, 0, 36.60%, 9, 0, 4, 0.41, 8925, 97, 5127, 0
1252, 3, 6, 7, 0, 0, 36.60%, 9, 0, 4, 0.58, 8959, 97, 5146, 0
1257, 3, 6, 7, 0, 0, 36.60%, 9, 0, 4, 11.01, 9012, 97, 5176, 0
1262, 3, 4, 7, 0, 0, 36.60%, 9, 0, 4, 10.69, 9063, 97, 5207, 0
1267, 3, 4, 7, 0, 0, 36.60%, 9, 0, 4, 14.03, 9096, 97, 5221, 0
1277, 3, 4, 7, 0, 0, 36.60%, 9, 0, 4, 0.35, 9148, 97, 5247, 0
1283, 3, 4, 7, 0, 0, 36.60%, 9, 0, 4, 0.73, 9154, 97, 5249, 0
1288, 3, 4, 7, 0, 0, 36.60%, 9, 0, 4, 10.79, 9208, 97, 5282, 0
1293, 3, 6, 7, 0, 0, 36.60%, 9, 0, 4, 12.31, 9270, 97, 5309, 0
1298, 3, 6, 7, 0, 0, 36.60%, 9, 0, 4, 12.45, 9332, 97, 5337, 0
1303, 3, 6, 7, 0, 0, 36.60%, 9, 0, 4, 11.24, 9384, 97, 5364, 0
1308, 3, 6, 7, 0, 0, 36.60%, 9, 0, 4, 10.57, 9434, 97, 5397, 0
1313, 3, 6, 7, 0, 0, 36.60%, 9, 0, 4, 11.73, 9493, 97, 5427, 0
1318, 3, 6, 7, 0, 0, 36.60%, 9, 0, 4, 11.13, 9550, 97, 5461, 0
1323, 3, 6, 7, 0, 0, 36.60%, 9, 0, 4, 8.93, 9585, 97, 5476, 0
1329, 3, 6, 7, 0, 0, 36.60%, 9, 0, 4, 10.12, 9641, 97, 5508, 0
1334, 3, 1, 7, 0, 0, 36.60%, 9, 0, 4, 11.13, 9695, 97, 5539, 0
1339, 3, 1, 7, 0, 0, 36.60%, 9, 0, 4, 11.03, 9752, 97, 5571, 0
1346, 3, 1, 7, 0, 0, 36.60%, 9, 0, 4, 0.73, 9794, 97, 5594, 0
1351, 3, 1, 7, 0, 0, 36.60%, 9, 0, 4, 10.23, 9821, 97, 5610, 0
1356, 3, 2, 7, 0, 0, 36.60%, 9, 0, 4, 12.06, 9885, 97, 5639, 0
1361, 3, 2, 7, 0, 0, 36.60%, 9, 0, 4, 19.42, 9923, 97, 5659, 0
1367, 3, 2, 7, 0, 0, 36.60%, 9, 0, 4, 13.43, 9981, 97, 5692, 0
1372, 3, 2, 7, 0, 0, 36.60%, 9, 0, 4, 13.19, 10031, 97, 5722, 0
1377, 3, 5, 7, 0, 0, 36.60%, 9, 0, 4, 1.07, 10085, 97, 5751, 0
1387, 3, 5, 7, 0, 0, 36.60%, 9, 0, 4, 0.44, 10093, 97, 5756, 0
1392, 3, 5, 7, 0, 0, 36.60%, 9, 0, 4, 8.45, 10143, 97, 5788, 0
1400, 3, 5, 7, 0, 0, 36.60%, 9, 0, 4, 0.43, 10161, 97, 5794, 0
1407, 3, 5, 7, 0, 0, 36.60%, 9, 0, 4, 1.10, 10207, 97, 5814, 0
1412, 4, 2, 7, 0, 0, 36.60%, 9, 0, 4, 12.20, 10268, 97, 5842, 0
1417, 4, 2, 7, 0, 0, 36.60%, 9, 0, 4, 10.88, 10318, 97, 5870, 0
1422, 4, 2, 7, 0, 0, 36.60%, 9, 0, 4, 10.42, 10371, 97, 5906, 0
1428, 4, 2, 7, 0, 0, 36.60%, 9, 0, 4, 0.55, 10397, 97, 5917, 0
1436, 4, 2, 7, 0, 0, 36.60%, 9, 0, 4, 0.65, 10438, 97, 5942, 0
1445, 4, 5, 7, 0, 0, 36.60%, 9, 0, 4, 0.42, 10486, 97, 5974, 0
1455, 4, 5, 7, 0, 0, 36.60%, 9, 0, 4, 0.51, 10540, 97, 6003, 0
1461, 4, 5, 7, 0, 0, 36.60%, 9, 0, 4, 10.46, 10560, 97, 6016, 0
1468, 4, 5, 7, 0, 0, 36.60%, 9, 0, 4, 0.18, 10587, 97, 6032, 0
1473, 4, 5, 7, 0, 0, 36.60%, 9, 0, 4, 0.66, 10618, 97, 6044, 0
1479, 4, 5, 7, 0, 0, 36.60%, 9, 0, 4, 0.57, 10623, 97, 6048, 0
1484, 4, 6, 7, 0, 0, 36.60%, 9, 0, 4, 12.14, 10652, 97, 6065, 0
1489, 4, 6, 7, 0, 0, 36.60%, 9, 0, 4, 0.46, 10662, 97, 6071, 0
1495, 4, 6, 7, 0, 0, 36.60%, 9, 0, 4, 9.19, 10717, 97, 6103, 0
1503, 4, 6, 7, 0, 0, 36.60%, 9, 0, 4, 0.56, 10771, 97, 6131, 0
1508, 4, 6, 7, 0, 0, 36.60%, 9, 0, 4, 10.07, 10831, 97, 6160, 0
1515, 4, 6, 7, 0, 0, 36.60%, 9, 0, 4, 0.23, 10861, 97, 6178, 0
1520, 4, 6, 7, 0, 0, 36.60%, 9, 0, 4, 12.05, 10918, 97, 6207, 0
1525, 4, 6, 7, 0, 0, 36.60%, 9, 0, 4, 10.94, 10972, 97, 6246, 0
1530, 4, 6, 7, 0, 0, 36.60%, 9, 0, 4, 10.99, 11028, 97, 6279, 0
1535, 4, 3, 7, 0, 0, 36.60%, 9, 0, 4, 13.02, 11052, 97, 6294, 0
1540, 4, 3, 7, 0, 0, 36.60%, 9, 0, 4, 10.84, 11105, 97, 6325, 0
1545, 4, 3, 7, 0, 0, 36.60%, 9, 0, 4, 9.55, 11135, 97, 6346, 0
1551, 4, 3, 7, 0, 0, 36.60%, 9, 0, 4, 0.29, 11163, 97, 6361, 0
1556, 4, 3, 7, 0, 0, 36.60%, 9, 0, 4, 9.86, 11221, 97, 6392, 0
1564, 4, 0, 7, 0, 0, 36.60%, 9, 0, 4, 0.46, 11269, 97, 6421, 0
1570, 4, 0, 7, 0, 0, 36.60%, 9, 0, 4, 10.33, 11326, 97, 6451, 0
1575, 4, 0, 7, 0, 0, 36.60%, 9, 0, 4, 10.65, 11381, 97, 6486, 0
1580, 4, 0, 7, 0, 0, 36.60%, 9, 0, 4, 8.91, 11403, 97, 6499, 0
1585, 4, 5, 7, 0, 0, 36.60%, 9, 0, 4, 11.13, 11459, 97, 6530, 0
1593, 4, 5, 7, 0, 0, 36.60%, 9, 0, 4, 0.14, 11472, 97, 6540, 0
1599, 4, 5, 7, 0, 0, 36.60%, 9, 0, 4, 9.73, 11525, 97, 6575, 0
1604, 4, 5, 7, 0, 0, 36.60%, 9, 0, 4, 9.71, 11576, 97, 6606, 0
1609, 4, 5, 7, 0, 0, 36.60%, 9, 0, 4, 9.12, 11592, 97, 6617, 0
1614, 4, 5, 7, 0, 0, 36.60%, 9, 0, 4, 11.08, 11647, 97, 6649, 0
1623, 4, 4, 7, 0, 0, 36.60%, 9, 0, 4, 0.32, 11664, 97, 6659, 0
1629, 4, 4, 7, 0, 0, 36.60%, 9, 0, 4, 1.08, 11694, 97, 6678, 0
1634, 4, 4, 7, 0, 0, 36.60%, 9, 0, 4, 11.71, 11755, 97, 6708, 0
1639, 4, 4, 7, 0, 0, 36.60%, 9, 0, 4, 5.44, 11772, 97, 6717, 0
1644, 4, 4, 7, 0, 0, 36.60%, 9, 0, 4, 9.80, 11831, 97, 6751, 0
1653, 4, 4, 7, 0, 0, 36.60%, 9, 0, 4, 0.79, 11840, 97, 6757, 0
1658, 4, 3, 7, 0, 0, 36.60%, 9, 0, 4, 10.67, 11894, 97, 6793, 0
1664, 4, 3, 7, 0, 0, 36.60%, 9, 0, 4, 0.37, 11901, 97, 6799, 0
1669, 4, 3, 7, 0, 0, 36.60%, 9, 0, 4, 9.26, 11957, 97, 6826, 0
1674, 4, 3, 7, 0, 0, 36.60%, 9, 0, 4, 9.70, 12005, 97, 6854, 0
1679, 4, 3, 7, 0, 0, 36.60%, 9, 0, 4, 9.19, 12047, 97, 6881, 0
1684, 4, 3, 7, 0, 0, 36.60%, 9, 0, 4, 0.73, 12058, 97, 6886, 0
1691, 4, 3, 7, 0, 0, 36.60%, 9, 0, 4, 0.34, 12067, 97, 6894, 0
1696, 4, 3, 7, 0, 0, 36.60%, 9, 0, 4, 8.30, 12109, 97, 6916, 0
1701, 4, 3, 7, 0, 0, 36.60%, 9, 0, 4, 12.65, 12126, 97, 6924, 0
1706, 4, 3, 7, 0, 0, 36.60%, 9, 0, 4, 0.34, 12150, 97, 6939, 0
1714, 4, 3, 7, 0, 0, 36.60%, 9, 0, 4, 0.17, 12168, 97, 6949, 0
1719, 4, 3, 7, 0, 0, 36.60%, 9, 0, 4, 10.62, 12224, 97, 6980, 0
1724, 5, 4, 7, 0, 0, 36.60%, 9, 0, 4, 10.55, 12276, 97, 7017, 0
1729, 5, 4, 7, 0, 0, 36.60%, 9, 0, 4, 11.07, 12333, 97, 7050, 0
1738, 5, 4, 7, 0, 0, 36.60%, 9, 0, 4, 0.47, 12374, 97, 7069, 0
1743, 5, 4, 7, 0, 0, 36.60%, 9, 0, 4, 11.76, 12434, 97, 7097, 0
1748, 5, 1, 7, 0, 0, 36.60%, 9, 0, 4, 10.86, 12490, 97, 7135, 0
1754, 5, 1, 7, 0, 0, 36.60%, 9, 0, 4, 0.66, 12524, 97, 7159, 0
1762, 5, 1, 7, 0, 0, 36.60%, 9, 0, 4, 0.61, 12569, 97, 7187, 0
1767, 5, 1, 7, 0, 0, 36.60%, 9, 0, 4, 10.34, 12610, 97, 7211, 0
1772, 5, 0, 7, 0, 0, 36.60%, 9, 0, 4, 11.12, 12670, 97, 7244, 0
1779, 5, 0, 7, 0, 0, 36.60%, 9, 0, 4, 0.72, 12691, 97, 7253, 0
1784, 5, 0, 7, 0, 0, 36.60%, 9, 0, 4, 8.83, 12739, 97, 7285, 0
1789, 5, 0, 7, 0, 0, 36.60%, 9, 0, 4, 9.67, 12769, 97, 7307, 0
1795, 5, 0, 7, 0, 0, 36.60%, 9, 0, 4, 11.01, 12827, 97, 7341, 0
1800, 5, 4, 7, 0, 0, 36.60%, 9, 0, 4, 10.83, 12858, 97, 7358, 0
1807, 5, 4, 7, 0, 0, 36.60%, 9, 0, 4, 0.34, 12875, 97, 7370, 0
1812, 5, 4, 7, 0, 0, 36.60%, 9, 0, 4, 9.97, 12929, 97, 7403, 0
1819, 5, 4, 7, 0, 0, 36.60%, 9, 0, 4, 0.54, 12946, 97, 7413, 0
1829, 5, 4, 7, 0, 0, 36.60%, 9, 0, 4, 0.24, 12967, 97, 7425, 0
1835, 5, 4, 7, 0, 0, 36.60%, 9, 0, 4, 0.23, 12968, 97, 7426, 0
1840, 5, 4, 7, 0, 0, 36.60%, 9, 0, 4, 11.16, 13027, 97, 7457, 0
1845, 5, 3, 7, 0, 0, 36.60%, 9, 0, 4, 11.17, 13084, 97, 7492, 0
1851, 5, 3, 7, 0, 0, 36.60%, 9, 0, 4, 0.57, 13117, 97, 7504, 0
1857, 5, 3, 7, 0, 0, 36.60%, 9, 0, 4, 0.65, 13147, 97, 7525, 0
1865, 5, 3, 7, 0, 0, 36.60%, 9, 0, 4, 0.33, 13182, 97, 7543, 0
1870, 5, 3, 7, 0, 0, 36.60%, 9, 0, 4, 11.40, 13238, 97, 7575, 0
1875, 5, 5, 7, 0, 0, 36.60%, 9, 0, 4, 11.55, 13283, 97, 7597, 0
1882, 5, 5, 7, 0, 0, 36.60%, 9, 0, 4, 0.69, 13313, 97, 7614, 0
1887, 5, 5, 7, 0, 0, 36.60%, 9, 0, 4, 0.58, 13349, 97, 7637, 0
1893, 5, 5, 7, 0, 0, 36.60%, 9, 0, 4, 10.66, 13406, 97, 7673, 0
1898, 5, 5, 7, 0, 0, 36.60%, 9, 0, 4, 10.19, 13438, 97, 7696, 0
1903, 5, 5, 7, 0, 0, 36.60%, 9, 0, 4, 10.61, 13464, 97, 7712, 0
1912, 5, 5, 7, 0, 0, 36.60%, 9, 0, 4, 0.36, 13477, 97, 7720, 0
1919, 5, 5, 7, 0, 0, 36.60%, 9, 0, 4, 0.36, 13499, 97, 7732, 0
1924, 5, 5, 7, 0, 0, 36.60%, 9, 0, 4, 11.10, 13549, 97, 7765, 0
1929, 5, 5, 7, 0, 0, 36.60%, 9, 0, 4, 10.03, 13602, 97, 7792, 0
1934, 5, 5, 7, 0, 0, 36.60%, 9, 0, 4, 14.08, 13610, 97, 7796, 0
1943, 5, 5, 7, 0, 0, 36.60%, 9, 0, 4, 0.76, 13668, 97, 7824, 0
1950, 5, 5, 7, 0, 0, 36.60%, 9, 0, 4, 0.28, 13712, 97, 7849, 0
1955, 5, 5, 7, 0, 0, 36.60%, 9, 0, 4, 11.14, 13770, 97, 7882, 0
1960, 5, 5, 7, 0, 0, 36.60%, 9, 0, 4, 0.23, 13783, 97, 7887, 0
1965, 5, 5, 7, 0, 0, 36.60%, 9, 0, 4, 13.09, 13847, 97, 7915, 0
1973, 5, 5, 7, 0, 0, 36.60%, 9, 0, 4, 0.32, 13888, 97, 7942, 0
1978, 5, 5, 7, 0, 0, 36.60%, 9, 0, 4, 7.34, 13928, 97, 7969, 0
1983, 5, 5, 7, 0, 0, 36.60%, 9, 0, 4, 10.71, 13990, 97, 8001, 0
1990, 5, 5, 7, 0, 0, 36.60%, 9, 0, 4, 0.51, 14045, 97, 8033, 0
1995, 6, 0, 7, 0, 0, 36.60%, 9, 0, 4, 2.64, 14100, 97, 8064, 0
2000, 6, 0, 7, 0, 0, 36.60%, 9, 0, 4, 0.56, 14118, 97, 8075, 0
2008, 6, 0, 7, 0, 0, 36.60%, 9, 0, 4, 0.67, 14159, 97, 8101, 0
2013, 6, 0, 7, 0, 0, 36.60%, 9, 0, 4, 13.93, 14180, 97, 8114, 0
2018, 6, 0, 7, 0, 0, 36.60%, 9, 0, 4, 10.96, 14222, 97, 8132, 0
2024, 6, 2, 7, 0, 0, 36.60%, 9, 0, 4, 11.49, 14283, 97, 8169, 0
2030, 6, 2, 7, 0, 0, 36.60%, 9, 0, 4, 0.47, 14288, 97, 8173, 0
2035, 6, 2, 7, 0, 0, 36.60%, 9, 0, 4, 9.79, 14342, 97, 8203, 0
2041, 6, 2, 7, 0, 0, 36.60%, 9, 0, 4, 9.70, 14393, 97, 8235, 0
2049, 6, 2, 7, 0, 0, 36.60%, 9, 0, 4, 0.59, 14436, 97, 8260, 0
2054, 6, 1, 7, 0, 0, 36.60%, 9, 0, 4, 10.16, 14476, 97, 8282, 0
2062, 6, 1, 7, 0, 0, 36.60%, 9, 0, 4, 0.65, 14520, 97, 8305, 0
2069, 6, 1, 7, 0, 0, 36.60%, 9, 0, 4, 0.18, 14540, 97, 8317, 0
2076, 6, 1, 7, 0, 0, 36.60%, 9, 0, 4, 0.83, 14579, 97, 8345, 0
2082, 6, 1, 7, 0, 0, 36.60%, 9, 0, 4, 10.26, 14638, 97, 8376, 0
2087, 6, 4, 7, 0, 0, 36.60%, 9, 0, 4, 11.28, 14696, 97, 8407, 0
2095, 6, 4, 7, 0, 0, 36.60%, 9, 0, 4, 0.19, 14726, 97, 8432, 0
2102, 6, 4, 7, 0, 0, 36.60%, 9, 0, 4, 0.46, 14750, 97, 8450, 0
2112, 6, 4, 7, 0, 0, 36.60%, 9, 0, 4, 0.31, 14791, 97, 8476, 0
2117, 6, 4, 7, 0, 0, 36.60%, 9, 0, 4, 9.14, 14826, 97, 8497, 0
2122, 6, 3, 7, 0, 0, 36.60%, 9, 0, 4, 11.34, 14888, 97, 8525, 0
2127, 6, 3, 7, 0, 0, 36.60%, 9, 0, 4, 10.07, 14936, 97, 8558, 0
2132, 6, 3, 7, 0, 0, 36.60%, 9, 0, 4, 10.03, 14980, 97, 8590, 0
2137, 6, 3, 7, 0, 0, 36.60%, 9, 0, 4, 11.19, 15027, 97, 8622, 0
2143, 6, 3, 7, 0, 0, 36.60%, 9, 0, 4, 12.43, 15093, 97, 8652, 0
2148, 6, 3, 7, 0, 0, 36.60%, 9, 0, 4, 12.66, 15149, 97, 8682, 0
2154, 6, 3, 7, 0, 0, 36.60%, 9, 0, 4, 1.16, 15208, 97, 8709, 0
2160, 6, 3, 7, 0, 0, 36.60%, 9, 0, 4, 3.80, 15223, 97, 8721, 0
2165, 6, 1, 7, 0, 0, 36.60%, 9, 0, 4, 9.71, 15270, 97, 8750, 0
2170, 6, 1, 7, 0, 0, 36.60%, 9, 0, 4, 9.93, 15322, 97, 8789, 0
2175, 6, 1, 7, 0, 0, 36.60%, 9, 0, 4, 11.66, 15364, 97, 8811, 0
2180, 6, 1, 7, 0, 0, 36.60%, 9, 0, 4, 0.81, 15398, 97, 8832, 0
2189, 6, 2, 7, 0, 0, 36.60%, 9, 0, 4, 0.24, 15454, 97, 8863, 0
2194, 6, 2, 7, 0, 0, 36.60%, 9, 0, 4, 0.68, 15477, 97, 8880, 0
2200, 6, 2, 7, 0, 0, 36.60%, 9, 0, 4, 0.34, 15511, 97, 8899, 0
2205, 6, 2, 7, 0, 0, 36.60%, 9, 0, 4, 4.86, 15521, 97, 8905, 0
2212, 6, 2, 7, 0, 0, 36.60%, 9, 0, 4, 0.49, 15538, 97, 8910, 0
2218, 6, 2, 7, 0, 0, 36.60%, 9, 0, 4, 8.52, 15575, 97, 8925, 0
2223, 6, 2, 7, 0, 0, 36.60%, 9, 0, 4, 0.24, 15587, 97, 8933, 0
2228, 6, 2, 7, 0, 0, 36.60%, 9, 0, 4, 0.46, 15603, 97, 8942, 0
2235, 6, 2, 7, 0, 0, 36.60%, 9, 0, 4, 0.61, 15638, 97, 8963, 0
2241, 6, 4, 7, 0, 0, 36.60%, 9, 0, 4, 10.81, 15697, 97, 8991, 0
2246, 6, 4, 7, 0, 0, 36.60%, 9, 0, 4, 10.19, 15745, 97, 9017, 0
2251, 6, 4, 7, 0, 0, 36.60%, 9, 0, 4, 11.18, 15801, 97, 9047, 0
2256, 6, 4, 7, 0, 0, 36.60%, 9, 0, 4, 13.58, 15831, 97, 9066, 0
2261, 7, 1, 7, 0, 0, 36.60%, 9, 0, 4, 12.73, 15896, 97, 9099, 0
2266, 7, 1, 7, 0, 0, 36.60%, 9, 0, 4, 7.84, 15945, 97, 9125, 0
2271, 7, 1, 7, 0, 0, 36.60%, 9, 0, 4, 4.18, 15962, 97, 9137, 0
2276, 7, 1, 7, 0, 0, 36.60%, 9, 0, 4, 7.80, 16002, 97, 9155, 0
2281, 7, 1, 7, 0, 0, 36.60%, 9, 0, 4, 9.88, 16057, 97, 9190, 0
2286, 7, 1, 7, 0, 0, 36.60%, 9, 0, 4, 10.69, 16105, 97, 9222, 0
2291, 7, 1, 7, 0, 0, 36.60%, 9, 0, 4, 11.40, 16163, 97, 9256, 0
2297, 7, 1, 7, 0, 0, 36.60%, 9, 0, 4, 0.73, 16184, 97, 9268, 0
2302, 7, 1, 7, 0, 0, 36.60%, 9, 0, 4, 10.92, 16225, 97, 9291, 0
2312, 7, 0, 7, 0, 0, 36.60%, 9, 0, 4, 0.17, 16265, 97, 9314, 0
2317, 7, 0, 7, 0, 0, 36.60%, 9, 0, 4, 10.46, 16319, 97, 9351, 0
2322, 7, 0, 7, 0, 0, 36.60%, 9, 0, 4, 0.37, 16353, 97, 9372, 0
2328, 7, 0, 7, 0, 0, 36.60%, 9, 0, 4, 1.59, 16399, 97, 9399, 0
2334, 7, 0, 7, 0, 0, 36.60%, 9, 0, 4, 0.99, 16432, 97, 9418, 0
2340, 7, 2, 7, 0, 0, 36.60%, 9, 0, 4, 1.46, 16475, 97, 9446, 0
2345, 7, 2, 7, 0, 0, 36.60%, 9, 0, 4, 12.73, 16492, 97, 9456, 0
2350, 7, 2, 7, 0, 0, 36.60%, 9, 0, 4, 11.39, 16546, 97, 9490, 0
2359, 7, 2, 7, 0, 0, 36.60%, 9, 0, 4, 0.13, 16565, 97, 9501, 0
2368, 7, 2, 7, 0, 0, 36.60%, 9, 0, 4, 0.53, 16599, 97, 9524, 0
2374, 7, 2, 7, 0, 0, 36.60%, 9, 0, 4, 0.29, 16630, 97, 9542, 0
2379, 7, 3, 7, 0, 0, 36.60%, 9, 0, 4, 6.24, 16680, 97, 9570, 0
2384, 7, 3, 7, 0, 0, 36.60%, 9, 0, 4, 10.53, 16708, 97, 9586, 0
2390, 7, 3, 7, 0, 0, 36.60%, 9, 0, 4, 0.67, 16715, 97, 9588, 0
2398, 7, 3, 7, 0, 0, 36.60%, 9, 0, 4, 0.46, 16757, 97, 9614, 0
2405, 7, 3, 7, 0, 0, 36.60%, 9, 0, 4, 0.77, 16791, 97, 9631, 0
2410, 7, 1, 7, 0, 0, 36.60%, 9, 0, 4, 13.08, 16855, 97, 9665, 0
2417, 7, 1, 7, 0, 0, 36.60%, 9, 0, 4, 0.49, 16872, 97, 9676, 0
2422, 7, 1, 7, 0, 0, 36.60%, 9, 0, 4, 0.32, 16892, 97, 9689, 0
2428, 7, 1, 7, 0, 0, 36.60%, 9, 0, 4, 1.65, 16953, 97, 9723, 0
2433, 7, 1, 7, 0, 0, 36.60%, 9, 0, 4, 1.06, 17008, 97, 9748, 0
2438, 7, 3, 7, 0, 0, 36.60%, 9, 0, 4, 13.05, 17052, 97, 9772, 0
2444, 7, 3, 7, 0, 0, 36.60%, 9, 0, 4, 9.31, 17084, 97, 9792, 0
2450, 7, 3, 7, 0, 0, 36.60%, 9, 0, 4, 1.02, 17134, 97, 9816, 0
2455, 7, 3, 7, 0, 0, 36.60%, 9, 0, 4, 4.12, 17148, 97, 9825, 0
2462, 7, 3, 7, 0, 0, 36.60%, 9, 0, 4, 0.58, 17168, 97, 9836, 0
2468, 7, 3, 7, 0, 0, 36.60%, 9, 0, 4, 1.30, 17216, 97, 9861, 0
2476, 7, 3, 7, 0, 0, 36.60%, 9, 0, 4, 0.24, 17232, 97, 9873, 0
2481, 7, 0, 7, 0, 0, 36.60%, 9, 0, 4, 6.94, 17269, 97, 9898, 0
2487, 7, 0, 7, 0, 0, 36.60%, 9, 0, 4, 7.08, 17306, 97, 9922, 0
2492, 7, 0, 7, 0, 0, 36.60%, 9, 0, 4, 7.05, 17343, 97, 9942, 0
2499, 7, 0, 7, 0, 0, 36.60%, 9, 0, 4, 0.21, 17364, 97, 9952, 0
2507, 7, 0, 7, 0, 0, 36.60%, 9, 0, 4, 0.44, 17412, 97, 9979, 0
2512, 7, 5, 7, 0, 0, 36.60%, 9, 0, 4, 9.51, 17468, 97, 10008, 0
2517, 7, 5, 7, 0, 0, 36.60%, 9, 0, 4, 14.76, 17502, 97, 10024, 0
2522, 7, 5, 7, 0, 0, 36.60%, 9, 0, 4, 11.79, 17559, 97, 10060, 0
2527, 7, 5, 7, 0, 0, 36.60%, 9, 0, 4, 1.98, 17607, 97, 10094, 0
2533, 7, 5, 7, 0, 0, 36.60%, 9, 0, 4, 6.94, 17618, 97, 10100, 0
2538, 8, 3, 7, 0, 0, 36.60%, 9, 0, 4, 14.71, 17657, 97, 10124, 0
2544, 8, 3, 7, 0, 0, 36.60%, 9, 0, 4, 0.33, 17665, 97, 10127, 0
2549, 8, 3, 7, 0, 0, 36.60%, 9, 0, 4, 10.55, 17723, 97, 10158, 0
2554, 8, 3, 7, 0, 0, 36.60%, 9, 0, 4, 10.45, 17745, 97, 10171, 0
2559, 8, 3, 7, 0, 0, 36.60%, 9, 0, 4, 13.49, 17791, 97, 10199, 0
2565, 8, 3, 7, 0, 0, 36.60%, 9, 0, 4, 12.04, 17823, 97, 10222, 0
2571, 8, 5, 7, 0, 0, 36.60%, 9, 0, 4, 1.05, 17875, 97, 10251, 0
2576, 8, 5, 7, 0, 0, 36.60%, 9, 0, 4, 0.23, 17888, 97, 10259, 0
2582, 8, 5, 7, 0, 0, 36.60%, 9, 0, 4, 1.54, 17928, 97, 10285, 0
2587, 8, 5, 7, 0, 0, 36.60%, 9, 0, 4, 14.53, 17974, 97, 10307, 0
2592, 8, 5, 7, 0, 0, 36.60%, 9, 0, 4, 11.47, 18029, 97, 10341, 0
2598, 8, 5, 7, 0, 0, 36.60%, 9, 0, 4, 3.02, 18052, 97, 10352, 0
2604, 8, 5, 7, 0, 0, 36.60%, 9, 0, 4, 0.40, 18059, 97, 10357, 0
2610, 8, 5, 7, 0, 0, 36.60%, 9, 0, 4, 0.23, 18078, 97, 10367, 0
2615, 8, 5, 7, 0, 0, 36.60%, 9, 0, 4, 10.46, 18135, 97, 10404, 0
2621, 8, 5, 7, 0, 0, 36.60%, 9, 0, 4, 0.71, 18188, 97, 10434, 0
2626, 8, 6, 7, 0, 0, 36.60%, 9, 0, 4, 13.04, 18251, 97, 10467, 0
2634, 8, 6, 7, 0, 0, 36.60%, 9, 0, 4, 0.29, 18300, 97, 10499, 0
2640, 8, 6, 7, 0, 0, 36.60%, 9, 0, 4, 1.18, 18336, 97, 10515, 0
2645, 8, 6, 7, 0, 0, 36.60%, 9, 0, 4, 1.13, 18385, 97, 10541, 0
2652, 8, 6, 7, 0, 0, 36.60%, 9, 0, 4, 0.18, 18397, 97, 10547, 0
2661, 8, 6, 7, 0, 0, 36.60%, 9, 0, 4, 0.20, 18447, 97, 10576, 0
2666, 8, 6, 7, 0, 0, 36.60%, 9, 0, 4, 9.12, 18501, 97, 10607, 0
2674, 8, 6, 7, 0, 0, 36.60%, 9, 0, 4, 0.67, 18540, 97, 10630, 0
2681, 8, 6, 7, 0, 0, 36.60%, 9, 0, 4, 0.61, 18560, 97, 10641, 0
2686, 8, 6, 7, 0, 0, 36.60%, 9, 0, 4, 9.70, 18620, 97, 10671, 0
2693, 8, 0, 7, 0, 0, 36.60%, 9, 0, 4, 0.77, 18652, 97, 10688, 0
2698, 8, 0, 7, 0, 0, 36.60%, 9, 0, 4, 0.28, 18666, 97, 10696, 0
2703, 8, 0, 7, 0, 0, 36.60%, 9, 0, 4, 10.01, 18726, 97, 10727, 0
2709, 8, 0, 7, 0, 0, 36.60%, 9, 0, 4, 4.93, 18737, 97, 10735, 0
2714, 8, 0, 7, 0, 0, 36.60%, 9, 0, 4, 10.54, 18766, 97, 10753, 0
2719, 8, 0, 7, 0, 0, 36.60%, 9, 0, 4, 10.84, 18822, 97, 10786, 0
2726, 8, 2, 7, 0, 0, 36.60%, 9, 0, 4, 0.53, 18856, 97, 10807, 0
2734, 8, 2, 7, 0, 0, 36.60%, 9, 0, 4, 0.26, 18903, 97, 10831, 0
2743, 8, 2, 7, 0, 0, 36.60%, 9, 0, 4, 0.32, 18942, 97, 10851, 0
2750, 8, 2, 7, 0, 0, 36.60%, 9, 0, 4, 0.41, 18991, 97, 10886, 0
2756, 8, 2, 7, 0, 0, 36.60%, 9, 0, 4, 5.46, 19009, 97, 10898, 0
2761, 8, 4, 7, 0, 0, 36.60%, 9, 0, 4, 10.52, 19069, 97, 10931, 0
2766, 8, 4, 7, 0, 0, 36.60%, 9, 0, 4, 10.70, 19122, 97, 10959, 0
2773, 8, 4, 7, 0, 0, 36.60%, 9, 0, 4, 0.52, 19161, 97, 10980, 0
2789, 8, 4, 7, 0, 0, 36.60%, 9, 0, 4, 0.26, 19206, 97, 11003, 0
2794, 8, 1, 7, 0, 0, 36.60%, 9, 0, 4, 9.47, 19259, 97, 11032, 0
2800, 8, 1, 7, 0, 0, 36.60%, 9, 0, 4, 0.35, 19268, 97, 11040, 0
2806, 8, 1, 7, 0, 0, 36.60%, 9, 0, 4, 0.74, 19318, 97, 11061, 0
2812, 8, 1, 7, 0, 0, 36.60%, 9, 0, 4, 11.95, 19377, 97, 11093, 0
2817, 8, 1, 7, 0, 0, 36.60%, 9, 0, 4, 0.24, 19387, 97, 11100, 0
2823, 8, 1, 7, 0, 0, 36.60%, 9, 0, 4, 0.61, 19428, 97, 11122, 0
2828, 8, 1, 7, 0, 0, 36.60%, 9, 0, 4, 8.26, 19436, 97, 11127, 0
2836, 8, 3, 7, 0, 0, 36.60%, 9, 0, 4, 0.66, 19470, 97, 11149, 0
2846, 8, 3, 7, 0, 0, 36.60%, 9, 0, 4, 0.33, 19522, 97, 11182, 0
2852, 8, 3, 7, 0, 0, 36.60%, 9, 0, 4, 0.63, 19549, 97, 11199, 0
2857, 8, 3, 7, 0, 0, 36.60%, 9, 0, 4, 9.16, 19587, 97, 11226, 0
2863, 8, 3, 7, 0, 0, 36.60%, 9, 0, 4, 10.77, 19647, 97, 11260, 0
2868, 9, 6, 7, 0, 0, 36.60%, 9, 0, 4, 8.90, 19689, 97, 11282, 0
2876, 9, 6, 7, 0, 0, 36.60%, 9, 0, 4, 0.43, 19706, 97, 11292, 0
2885, 9, 6, 7, 0, 0, 36.60%, 9, 0, 4, 0.51, 19746, 97, 11316, 0
2895, 9, 6, 7, 0, 0, 36.60%, 9, 0, 4, 0.34, 19791, 97, 11338, 0
2901, 9, 6, 7, 0, 0, 36.60%, 9, 0, 4, 0.23, 19814, 97, 11349, 0
2906, 9, 6, 7, 0, 0, 36.60%, 9, 0, 4, 11.21, 19871, 97, 11384, 0
2914, 9, 6, 7, 0, 0, 36.60%, 9, 0, 4, 0.26, 19924, 97, 11411, 0
2920, 9, 6, 7, 0, 0, 36.60%, 9, 0, 4, 0.50, 19955, 97, 11430, 0
2926, 9, 6, 7, 0, 0, 36.60%, 9, 0, 4, 0.19, 19959, 97, 11433, 0
2931, 9, 6, 7, 0, 0, 36.60%, 9, 0, 4, 8.30, 20009, 97, 11464, 0
2936, 9, 4, 7, 0, 0, 36.60%, 9, 0, 4, 10.23, 20063, 97, 11497, 0
2941, 9, 4, 7, 0, 0, 36.60%, 9, 0, 4, 9.94, 20109, 97, 11526, 0
2946, 9, 4, 7, 0, 0, 36.60%, 9, 0, 4, 0.55, 20149, 97, 11551, 0
2955, 9, 4, 7, 0, 0, 36.60%, 9, 0, 4, 0.54, 20188, 97, 11579, 0
2960, 9, 4, 7, 0, 0, 36.60%, 9, 0, 4, 10.22, 20211, 97, 11591, 0
2965, 9, 2, 7, 0, 0, 36.60%, 9, 0, 4, 11.89, 20274, 97, 11621, 0
2976, 9, 2, 7, 0, 0, 36.60%, 9, 0, 4, 0.13, 20310, 97, 11643, 0
2981, 9, 2, 7, 0, 0, 36.60%, 9, 0, 4, 10.86, 20371, 97, 11672, 0
2986, 9, 2, 7, 0, 0, 36.60%, 9, 0, 4, 10.78, 20424, 97, 11703, 0
2995, 9, 3, 7, 0, 0, 36.60%, 9, 0, 4, 0.36, 20458, 97, 11723, 0
3002, 9, 3, 7, 0, 0, 36.60%, 9, 0, 4, 0.39, 20479, 97, 11734, 0
3007, 9, 3, 7, 0, 0, 36.60%, 9, 0, 4, 10.93, 20532, 97, 11767, 0
3013, 9, 3, 7, 0, 0, 36.60%, 9, 0, 4, 11.19, 20589, 97, 11802, 0
3018, 9, 3, 7, 0, 0, 36.60%, 9, 0, 4, 10.99, 20645, 97, 11835, 0
3024, 9, 5, 7, 0, 0, 36.60%, 9, 0, 4, 1.14, 20689, 97, 11862, 0
3031, 9, 5, 7, 0, 0, 36.60%, 9, 0, 4, 0.28, 20707, 97, 11873, 0
3036, 9, 5, 7, 0, 0, 36.60%, 9, 0, 4, 10.09, 20761, 97, 11907, 0
3041, 9, 5, 7, 0, 0, 36.60%, 9, 0, 4, 10.73, 20817, 97, 11943, 0
3048, 9, 5, 7, 0, 0, 36.60%, 9, 0, 4, 0.69, 20849, 97, 11961, 0
3054, 9, 3, 7, 0, 0, 36.60%, 9, 0, 4, 0.62, 20881, 97, 11983, 0
3060, 9, 3, 7, 0, 0, 36.60%, 9, 0, 4, 1.67, 20898, 97, 11994, 0
3067, 9, 3, 7, 0, 0, 36.60%, 9, 0, 4, 0.25, 20942, 97, 12019, 0
3072, 9, 3, 7, 0, 0, 36.60%, 9, 0, 4, 9.46, 20997, 97, 12053, 0
3078, 9, 3, 7, 0, 0, 36.60%, 9, 0, 4, 0.43, 21036, 97, 12078, 0
3085, 9, 3, 7, 0, 0, 36.60%, 9, 0, 4, 3.81, 21042, 97, 12084, 0
3095, 9, 5, 7, 0, 0, 36.60%, 9, 0, 4, 0.58, 21080, 97, 12108, 0
3100, 9, 5, 7, 0, 0, 36.60%, 9, 0, 4, 0.61, 21100, 97, 12120, 0
3105, 9, 5, 7, 0, 0, 36.60%, 9, 0, 4, 11.80, 21162, 97, 12152, 0
3111, 9, 5, 7, 0, 0, 36.60%, 9, 0, 4, 0.74, 21195, 97, 12172, 0
3116, 9, 5, 7, 0, 0, 36.60%, 9, 0, 4, 11.13, 21246, 97, 12200, 0
3122, 9, 3, 7, 0, 0, 36.60%, 9, 0, 4, 0.37, 21283, 97, 12221, 0
3129, 9, 3, 7, 0, 0, 36.60%, 9, 0, 4, 0.35, 21330, 97, 12248, 0
3134, 9, 3, 7, 0, 0, 36.60%, 9, 0, 4, 11.82, 21370, 97, 12269, 0
3139, 9, 3, 7, 0, 0, 36.60%, 9, 0, 4, 10.52, 21423, 97, 12304, 0
3145, 9, 3, 7, 0, 0, 36.60%, 9, 0, 4, 12.86, 21463, 97, 12329, 0
3150, 9, 3, 7, 0, 0, 36.60%, 9, 0, 4, 10.91, 21512, 97, 12366, 0
3155, 9, 3, 7, 0, 0, 36.60%, 9, 0, 4, 10.99, 21560, 97, 12393, 0
3160, 9, 3, 7, 0, 0, 36.60%, 9, 0, 4, 2.03, 21610, 97, 12423, 0
3165, 10, 4, 7, 0, 0, 36.60%, 9, 0, 4, 11.28, 21662, 97, 12450, 0
3171, 10, 4, 7, 0, 0, 36.60%, 9, 0, 4, 11.05, 21717, 97, 12482, 0
3177, 10, 4, 7, 0, 0, 36.60%, 9, 0, 4, 0.51, 21728, 97, 12490, 0
3182, 10, 4, 7, 0, 0, 36.60%, 9, 0, 4, 11.27, 21754, 97, 12505, 0
3187, 10, 4, 7, 0, 0, 36.60%, 9, 0, 4, 10.82, 21796, 97, 12526, 0
3195, 10, 4, 7, 0, 0, 36.60%, 9, 0, 4, 0.26, 21798, 97, 12527, 0
3200, 10, 4, 7, 0, 0, 36.60%, 9, 0, 4, 8.43, 21846, 97, 12552, 0
3205, 10, 1, 7, 0, 0, 36.60%, 9, 0, 4, 11.03, 21885, 97, 12577, 0
3213, 10, 1, 7, 0, 0, 36.60%, 9, 0, 4, 0.29, 21920, 97, 12597, 0
3218, 10, 1, 7, 0, 0, 36.60%, 9, 0, 4, 11.65, 21982, 97, 12627, 0
3226, 10, 1, 7, 0, 0, 36.60%, 9, 0, 4, 0.56, 22030, 97, 12663, 0
3232, 10, 1, 7, 0, 0, 36.60%, 9, 0, 4, 0.28, 22048, 97, 12674, 0
3238, 10, 6, 7, 0, 0, 36.60%, 9, 0, 4, 0.37, 22058, 97, 12682, 0
3243, 10, 6, 7, 0, 0, 36.60%, 9, 0, 4, 9.23, 22110, 97, 12707, 0
3248, 10, 6, 7, 0, 0, 36.60%, 9, 0, 4, 13.51, 22136, 97, 12720, 0
3253, 10, 6, 7, 0, 0, 36.60%, 9, 0, 4, 7.03, 22193, 97, 12749, 0
3258, 10, 6, 7, 0, 0, 36.60%, 9, 0, 4, 10.23, 22249, 97, 12777, 0
3264, 10, 6, 7, 0, 0, 36.60%, 9, 0, 4, 0.62, 22291, 97, 12803, 0
3269, 10, 6, 7, 0, 0, 36.60%, 9, 0, 4, 9.83, 22337, 97, 12836, 0
3274, 10, 6, 7, 0, 0, 36.60%, 9, 0, 4, 9.59, 22385, 97, 12867, 0
3280, 10, 6, 7, 0, 0, 36.60%, 9, 0, 4, 9.77, 22434, 97, 12899, 0
3285, 10, 5, 7, 0, 0, 36.60%, 9, 0, 4, 1.77, 22486, 97, 12930, 0
3290, 10, 5, 7, 0, 0, 36.60%, 9, 0, 4, 11.07, 22537, 97, 12962, 0
3296, 10, 5, 7, 0, 0, 36.60%, 9, 0, 4, 0.54, 22566, 97, 12979, 0
3302, 10, 5, 7, 0, 0, 36.60%, 9, 0, 4, 11.22, 22624, 97, 13015, 0
3307, 10, 0, 7, 0, 0, 36.60%, 9, 0, 4, 10.49, 22676, 97, 13047, 0
3312, 10, 0, 7, 0, 0, 36.60%, 9, 0, 4, 0.23, 22685, 97, 13053, 0
3320, 10, 0, 7, 0, 0, 36.60%, 9, 0, 4, 0.51, 22713, 97, 13073, 0
3326, 10, 0, 7, 0, 0, 36.60%, 9, 0, 4, 10.79, 22766, 97, 13103, 0
3331, 10, 0, 7, 0, 0, 36.60%, 9, 0, 4, 9.75, 22817, 97, 13127, 0
3336, 10, 0, 7, 0, 0, 36.60%, 9, 0, 4, 1.16, 22822, 97, 13132, 0
3341, 10, 0, 7, 0, 0, 36.60%, 9, 0, 4, 12.73, 22848, 97, 13147, 0
3350, 10, 5, 7, 0, 0, 36.60%, 9, 0, 4, 0.12, 22855, 97, 13154, 0
3357, 10, 5, 7, 0, 0, 36.60%, 9, 0, 4, 0.32, 22862, 97, 13160, 0
3362, 10, 5, 7, 0, 0, 36.60%, 9, 0, 4, 7.87, 22907, 97, 13192, 0
3367, 10, 5, 7, 0, 0, 36.60%, 9, 0, 4, 9.78, 22961, 97, 13222, 0
3374, 10, 5, 7, 0, 0, 36.60%, 9, 0, 4, 0.23, 22985, 97, 13232, 0
3380, 10, 5, 7, 0, 0, 36.60%, 9, 0, 4, 0.42, 23000, 97, 13241, 0
3385, 10, 5, 7, 0, 0, 36.60%, 9, 0, 4, 11.99, 23036, 97, 13264, 0
3391, 10, 6, 7, 0, 0, 36.60%, 9, 0, 4, 0.68, 23052, 97, 13274, 0
3396, 10, 6, 7, 0, 0, 36.60%, 9, 0, 4, 8.46, 23098, 97, 13308, 0
3405, 10, 6, 7, 0, 0, 36.60%, 9, 0, 4, 0.45, 23107, 97, 13316, 0
3411, 10, 6, 7, 0, 0, 36.60%, 9, 0, 4, 1.50, 23148, 97, 13346, 0
3416, 10, 6, 7, 0, 0, 36.60%, 9, 0, 4, 10.98, 23207, 97, 13376, 0
3421, 10, 6, 7, 0, 0, 36.60%, 9, 0, 4, 10.58, 23259, 97, 13407, 0
3426, 10, 6, 7, 0, 0, 36.60%, 9, 0, 4, 11.35, 23319, 97, 13437, 0
3432, 10, 6, 7, 0, 0, 36.60%, 9, 0, 4, 10.45, 23372, 97, 13475, 0
3437, 10, 6, 7, 0, 0, 36.60%, 9, 0, 4, 13.06, 23420, 97, 13501, 0
3442, 10, 1, 7, 0, 0, 36.60%, 9, 0, 4, 11.83, 23476, 97, 13537, 0
3449, 10, 1, 7, 0, 0, 36.60%, 9, 0, 4, 0.17, 23493, 97, 13549, 0
3455, 10, 1, 7, 0, 0, 36.60%, 9, 0, 4, 0.56, 23536, 97, 13575, 0
3460, 10, 1, 7, 0, 0, 36.60%, 9, 0, 4, 11.40, 23570, 97, 13594, 0
3465, 10, 1, 7, 0, 0, 36.60%, 9, 0, 4, 5.12, 23622, 97, 13622, 0
3470, 10, 1, 7, 0, 0, 36.60%, 9, 0, 4, 4.93, 23631, 97, 13627, 0
3475, 10, 4, 7, 0, 0, 36.60%, 9, 0, 4, 8.11, 23673, 97, 13651, 0
3481, 10, 4, 7, 0, 0, 36.60%, 9, 0, 4, 2.28, 23700, 97, 13666, 0
3490, 10, 4, 7, 0, 0, 36.60%, 9, 0, 4, 0.32, 23734, 97, 13686, 0
3495, 10, 4, 7, 0, 0, 36.60%, 9, 0, 4, 9.94, 23785, 97, 13714, 0
3500, 10, 4, 7, 0, 0, 36.60%, 9, 0, 4, 10.15, 23836, 97, 13746, 0
3518, 11, 2, 7, 0, 0, 36.60%, 9, 0, 4, 0.12, 23852, 97, 13756, 0
3523, 11, 2, 7, 0, 0, 36.60%, 9, 0, 4, 10.00, 23892, 97, 13785, 0
3528, 11, 2, 7, 0, 0, 36.60%, 9, 0, 4, 14.02, 23923, 97, 13800, 0
3535, 11, 2, 7, 0, 0, 36.60%, 9, 0, 4, 0.66, 23956, 97, 13817, 0
3542, 11, 2, 7, 0, 0, 36.60%, 9, 0, 4, 0.35, 23991, 97, 13837, 0
3547, 11, 2, 7, 0, 0, 36.60%, 9, 0, 4, 2.11, 24039, 97, 13864, 0
3552, 11, 5, 7, 0, 0, 36.60%, 9, 0, 4, 11.80, 24093, 97, 13893, 0
3557, 11, 5, 7, 0, 0, 36.60%, 9, 0, 4, 11.30, 24148, 97, 13926, 0
3562, 11, 5, 7, 0, 0, 36.60%, 9, 0, 4, 11.60, 24208, 97, 13959, 0
3568, 11, 5, 7, 0, 0, 36.60%, 9, 0, 4, 0.33, 24243, 97, 13977, 0
3573, 11, 3, 7, 0, 0, 36.60%, 9, 0, 4, 8.73, 24293, 97, 14008, 0
3578, 11, 3, 7, 0, 0, 36.60%, 9, 0, 4, 10.00, 24312, 97, 14022, 0
3583, 11, 3, 7, 0, 0, 36.60%, 9, 0, 4, 10.17, 24333, 97, 14034, 0
3589, 11, 3, 7, 0, 0, 36.60%, 9, 0, 4, 10.45, 24386, 97, 14063, 0
3594, 11, 3, 7, 0, 0, 36.60%, 9, 0, 4, 0.31, 24410, 97, 14080, 0
3599, 11, 0, 7, 0, 0, 36.60%, 9, 0, 4, 8.12, 24454, 97, 14109, 0
3604, 11, 0, 7, 0, 0, 36.60%, 9, 0, 4, 10.74, 24514, 97, 14141, 0
3609, 11, 0, 7, 0, 0, 36.60%, 9, 0, 4, 11.16, 24569, 97, 14172, 0
3614, 11, 0, 7, 0, 0, 36.60%, 9, 0, 4, 11.03, 24624, 97, 14204, 0
3620, 11, 2, 7, 0, 0, 36.60%, 9, 0, 4, 11.14, 24682, 97, 14238, 0
3629, 11, 2, 7, 0, 0, 36.60%, 9, 0, 4, 0.21, 24684, 97, 14240, 0
3634, 11, 2, 7, 0, 0, 36.60%, 9, 0, 4, 9.68, 24736, 97, 14275, 0
3643, 11, 2, 7, 0, 0, 36.60%, 9, 0, 4, 0.20, 24778, 97, 14299, 0
3648, 11, 2, 7, 0, 0, 36.60%, 9, 0, 4, 12.20, 24839, 97, 14327, 0
3653, 11, 6, 7, 0, 0, 36.60%, 9, 0, 4, 2.18, 24885, 97, 14354, 0
3662, 11, 6, 7, 0, 0, 36.60%, 9, 0, 4, 0.18, 24911, 97, 14374, 0
3667, 11, 6, 7, 0, 0, 36.60%, 9, 0, 4, 10.06, 24936, 97, 14391, 0
3672, 11, 6, 7, 0, 0, 36.60%, 9, 0, 4, 18.94, 25001, 97, 14417, 0
3678, 11, 6, 7, 0, 0, 36.60%, 9, 0, 4, 1.05, 25050, 97, 14445, 0
3683, 11, 6, 7, 0, 0, 36.60%, 9, 0, 4, 11.29, 25105, 97, 14475, 0
3688, 11, 6, 7, 0, 0, 36.60%, 9, 0, 4, 11.73, 25162, 97, 14505, 0
3693, 11, 6, 7, 0, 0, 36.60%, 9, 0, 4, 14.36, 25179, 97, 14515, 0
3698, 11, 6, 7, 0, 0, 36.60%, 9, 0, 4, 13.21, 25223, 97, 14538, 0
3703, 11, 4, 7, 0, 0, 36.60%, 9, 0, 4, 1.23, 25264, 97, 14560, 0
3714, 11, 4, 7, 0, 0, 36.60%, 9, 0, 4, 0.51, 25324, 97, 14592, 0
3719, 11, 4, 7, 0, 0, 36.60%, 9, 0, 4, 8.75, 25371, 97, 14619, 0
3724, 11, 4, 7, 0, 0, 36.60%, 9, 0, 4, 10.50, 25403, 97, 14639, 0
3731, 11, 4, 7, 0, 0, 36.60%, 9, 0, 4, 0.29, 25442, 97, 14658, 0
3736, 11, 4, 7, 0, 0, 36.60%, 9, 0, 4, 0.43, 25449, 97, 14663, 0
3741, 11, 4, 7, 0, 0, 36.60%, 9, 0, 4, 9.97, 25507, 97, 14695, 0
3746, 11, 4, 7, 0, 0, 36.60%, 9, 0, 4, 10.70, 25546, 97, 14722, 0
3751, 11, 4, 7, 0, 0, 36.60%, 9, 0, 4, 0.27, 25563, 97, 14732, 0
3758, 11, 4, 7, 0, 0, 36.60%, 9, 0, 4, 0.80, 25597, 97, 14752, 0
3763, 11, 3, 7, 0, 0, 36.60%, 9, 0, 4, 12.18, 25659, 97, 14784, 0
3768, 11, 3, 7, 0, 0, 36.60%, 9, 0, 4, 10.95, 25707, 97, 14813, 0
3773, 11, 3, 7, 0, 0, 36.60%, 9, 0, 4, 0.72, 25751, 97, 14836, 0
3778, 11, 3, 7, 0, 0, 36.60%, 9, 0, 4, 10.44, 25807, 97, 14868, 0
3783, 12, 1, 7, 0, 0, 36.60%, 9, 0, 4, 10.97, 25853, 97, 14895, 0
3788, 12, 1, 7, 0, 0, 36.60%, 9, 0, 4, 11.34, 25912, 97, 14929, 0
3793, 12, 1, 7, 0, 0, 36.60%, 9, 0, 4, 1.11, 25932, 97, 14940, 0
3799, 12, 1, 7, 0, 0, 36.60%, 9, 0, 4, 12.93, 25957, 97, 14951, 0
3804, 12, 1, 7, 0, 0, 36.60%, 9, 0, 4, 11.62, 26014, 97, 14987, 0
3809, 12, 3, 7, 0, 0, 36.60%, 9, 0, 4, 11.46, 26072, 97, 15021, 0
3815, 12, 3, 7, 0, 0, 36.60%, 9, 0, 4, 0.62, 26118, 97, 15039, 0
3820, 12, 3, 7, 0, 0, 36.60%, 9, 0, 4, 9.62, 26127, 97, 15045, 0
3826, 12, 3, 7, 0, 0, 36.60%, 9, 0, 4, 11.23, 26186, 97, 15079, 0
3831, 12, 3, 7, 0, 0, 36.60%, 9, 0, 4, 10.66, 26241, 97, 15114, 0
3836, 12, 2, 7, 0, 0, 36.60%, 9, 0, 4, 14.70, 26278, 97, 15133, 0
3843, 12, 2, 7, 0, 0, 36.60%, 9, 0, 4, 0.34, 26294, 97, 15146, 0
3851, 12, 2, 7, 0, 0, 36.60%, 9, 0, 4, 0.34, 26316, 97, 15161, 0
3856, 12, 2, 7, 0, 0, 36.60%, 9, 0, 4, 0.69, 26327, 97, 15167, 0
3862, 12, 2, 7, 0, 0, 36.60%, 9, 0, 4, 8.66, 26379, 97, 15199, 0
3867, 12, 2, 7, 0, 0, 36.60%, 9, 0, 4, 0.44, 26417, 97, 15219, 0
3872, 12, 5, 7, 0, 0, 36.60%, 9, 0, 4, 11.34, 26477, 97, 15254, 0
3879, 12, 5, 7, 0, 0, 36.60%, 9, 0, 4, 0.18, 26488, 97, 15263, 0
3884, 12, 5, 7, 0, 0, 36.60%, 9, 0, 4, 10.11, 26527, 97, 15285, 0
3889, 12, 5, 7, 0, 0, 36.60%, 9, 0, 4, 9.12, 26548, 97, 15295, 0
3900, 12, 5, 7, 0, 0, 36.60%, 9, 0, 4, 0.52, 26591, 97, 15318, 0
3905, 12, 5, 7, 0, 0, 36.60%, 9, 0, 4, 0.71, 26610, 97, 15325, 0
3910, 12, 5, 7, 0, 0, 36.60%, 9, 0, 4, 13.20, 26635, 97, 15337, 0
3917, 12, 6, 7, 0, 0, 36.60%, 9, 0, 4, 0.32, 26674, 97, 15360, 0
3923, 12, 6, 7, 0, 0, 36.60%, 9, 0, 4, 0.37, 26682, 97, 15366, 0
3928, 12, 6, 7, 0, 0, 36.60%, 9, 0, 4, 12.20, 26742, 97, 15400, 0
3936, 12, 6, 7, 0, 0, 36.60%, 9, 0, 4, 0.60, 26798, 97, 15427, 0
3941, 12, 6, 7, 0, 0, 36.60%, 9, 0, 4, 9.89, 26850, 97, 15463, 0
3949, 12, 6, 7, 0, 0, 36.60%, 9, 0, 4, 0.31, 26899, 97, 15494, 0
3956, 12, 6, 7, 0, 0, 36.60%, 9, 0, 4, 0.95, 26941, 97, 15518, 0
3961, 12, 6, 7, 0, 0, 36.60%, 9, 0, 4, 10.73, 26989, 97, 15548, 0
3966, 12, 6, 7, 0, 0, 36.60%, 9, 0, 4, 10.44, 27042, 97, 15583, 0
3971, 12, 4, 7, 0, 0, 36.60%, 9, 0, 4, 10.61, 27097, 97, 15613, 0
3976, 12, 4, 7, 0, 0, 36.60%, 9, 0, 4, 13.49, 27141, 97, 15637, 0
3982, 12, 4, 7, 0, 0, 36.60%, 9, 0, 4, 12.26, 27201, 97, 15670, 0
3987, 12, 2, 7, 0, 0, 36.60%, 9, 0, 4, 11.93, 27259, 97, 15703, 0
3993, 12, 2, 7, 0, 0, 36.60%, 9, 0, 4, 0.34, 27264, 97, 15706, 0
3998, 12, 2, 7, 0, 0, 36.60%, 9, 0, 4, 10.34, 27316, 97, 15735, 0
4003, 12, 2, 7, 0, 0, 36.60%, 9, 0, 4, 10.89, 27364, 97, 15753, 0
4010, 12, 2, 7, 0, 0, 36.60%, 9, 0, 4, 0.69, 27395, 97, 15772, 0
4015, 12, 4, 7, 0, 0, 36.60%, 9, 0, 4, 10.35, 27451, 97, 15807, 0
4020, 12, 4, 7, 0, 0, 36.60%, 9, 0, 4, 11.36, 27510, 97, 15842, 0
4025, 12, 4, 7, 0, 0, 36.60%, 9, 0, 4, 15.94, 27545, 97, 15862, 0
4032, 12, 4, 7, 0, 0, 36.60%, 9, 0, 4, 0.34, 27563, 97, 15872, 0
4037, 12, 4, 7, 0, 0, 36.60%, 9, 0, 4, 8.79, 27609, 97, 15898, 0
4043, 12, 4, 7, 0, 0, 36.60%, 9, 0, 4, 0.50, 27633, 97, 15910, 0
4048, 12, 2, 7, 0, 0, 36.60%, 9, 0, 4, 9.28, 27678, 97, 15936, 0
4053, 12, 2, 7, 0, 0, 36.60%, 9, 0, 4, 11.38, 27739, 97, 15970, 0
4059, 12, 2, 7, 0, 0, 36.60%, 9, 0, 4, 0.36, 27775, 97, 15984, 0
4064, 12, 2, 7, 0, 0, 36.60%, 9, 0, 4, 12.72, 27837, 97, 16018, 0
4071, 13, 3, 7, 0, 0, 36.60%, 9, 0, 4, 0.54, 27855, 97, 16027, 0
4077, 13, 3, 7, 0, 0, 36.60%, 9, 0, 4, 0.23, 27878, 97, 16042, 0
4082, 13, 3, 7, 0, 0, 36.60%, 9, 0, 4, 11.25, 27936, 97, 16073, 0
4088, 13, 3, 7, 0, 0, 36.60%, 9, 0, 4, 11.19, 27965, 97, 16086, 0
4093, 13, 3, 7, 0, 0, 36.60%, 9, 0, 4, 11.14, 28024, 97, 16123, 0
4100, 13, 5, 7, 0, 0, 36.60%, 9, 0, 4, 0.93, 28071, 97, 16151, 0
4106, 13, 5, 7, 0, 0, 36.60%, 9, 0, 4, 0.74, 28093, 97, 16165, 0
4111, 13, 5, 7, 0, 0, 36.60%, 9, 0, 4, 10.53, 28151, 97, 16195, 0
4119, 13, 5, 7, 0, 0, 36.60%, 9, 0, 4, 0.22, 28187, 97, 16218, 0
4126, 13, 5, 7, 0, 0, 36.60%, 9, 0, 4, 0.43, 28208, 97, 16231, 0
4134, 13, 5, 7, 0, 0, 36.60%, 9, 0, 4, 0.42, 28243, 97, 16251, 0
4141, 13, 0, 7, 0, 0, 36.60%, 9, 0, 4, 0.64, 28273, 97, 16269, 0
4147, 13, 0, 7, 0, 0, 36.60%, 9, 0, 4, 10.71, 28300, 97, 16286, 0
4153, 13, 0, 7, 0, 0, 36.60%, 9, 0, 4, 0.83, 28333, 97, 16305, 0
4158, 13, 0, 7, 0, 0, 36.60%, 9, 0, 4, 11.03, 28392, 97, 16341, 0
4163, 13, 0, 7, 0, 0, 36.60%, 9, 0, 4, 9.55, 28446, 97, 16367, 0
4169, 13, 3, 7, 0, 0, 36.60%, 9, 0, 4, 10.66, 28502, 97, 16401, 0
4175, 13, 3, 7, 0, 0, 36.60%, 9, 0, 4, 0.18, 28510, 97, 16405, 0
4180, 13, 3, 7, 0, 0, 36.60%, 9, 0, 4, 10.20, 28534, 97, 16418, 0
4189, 13, 3, 7, 0, 0, 36.60%, 9, 0, 4, 0.24, 28589, 97, 16449, 0
4194, 13, 3, 7, 0, 0, 36.60%, 9, 0, 4, 10.23, 28610, 97, 16462, 0
4199, 13, 3, 7, 0, 0, 36.60%, 9, 0, 4, 10.19, 28647, 97, 16487, 0
4204, 13, 4, 7, 0, 0, 36.60%, 9, 0, 4, 10.85, 28703, 97, 16522, 0
4209, 13, 4, 7, 0, 0, 36.60%, 9, 0, 4, 11.01, 28759, 97, 16558, 0
4215, 13, 4, 7, 0, 0, 36.60%, 9, 0, 4, 0.51, 28793, 97, 16583, 0
4221, 13, 4, 7, 0, 0, 36.60%, 9, 0, 4, 0.47, 28810, 97, 16591, 0
4226, 13, 3, 7, 0, 0, 36.60%, 9, 0, 4, 9.14, 28864, 97, 16623, 0
4231, 13, 3, 7, 0, 0, 36.60%, 9, 0, 4, 11.02, 28926, 97, 16658, 0
4239, 13, 3, 7, 0, 0, 36.60%, 9, 0, 4, 0.51, 28969, 97, 16683, 0
4244, 13, 3, 7, 0, 0, 36.60%, 9, 0, 4, 10.41, 29018, 97, 16710, 0
4249, 13, 3, 7, 0, 0, 36.60%, 9, 0, 4, 11.35, 29076, 97, 16739, 0
4254, 13, 3, 7, 0, 0, 36.60%, 9, 0, 4, 11.56, 29136, 97, 16766, 0
4259, 13, 3, 7, 0, 0, 36.60%, 9, 0, 4, 11.16, 29182, 97, 16788, 0
4264, 13, 3, 7, 0, 0, 36.60%, 9, 0, 4, 10.19, 29213, 97, 16806, 0
4269, 13, 4, 7, 0, 0, 36.60%, 9, 0, 4, 9.87, 29263, 97, 16838, 0
4275, 13, 4, 7, 0, 0, 36.60%, 9, 0, 4, 10.01, 29307, 97, 16858, 0
4280, 13, 4, 7, 0, 0, 36.60%, 9, 0, 4, 5.09, 29321, 97, 16867, 0
4285, 13, 4, 7, 0, 0, 36.60%, 9, 0, 4, 9.16, 29377, 97, 16898, 0
4299, 13, 4, 7, 0, 0, 36.60%, 9, 0, 4, 0.24, 29399, 97, 16906, 0
4304, 13, 4, 7, 0, 0, 36.60%, 9, 0, 4, 14.22, 29412, 97, 16911, 0
4309, 13, 2, 7, 0, 0, 36.60%, 9, 0, 4, 5.64, 29455, 97, 16930, 0
4314, 13, 2, 7, 0, 0, 36.60%, 9, 0, 4, 10.22, 29513, 97, 16962, 0
4319, 13, 2, 7, 0, 0, 36.60%, 9, 0, 4, 10.54, 29547, 97, 16980, 0
4326, 13, 2, 7, 0, 0, 36.60%, 9, 0, 4, 0.33, 29595, 97, 17004, 0
4332, 13, 2, 7, 0, 0, 36.60%, 9, 0, 4, 0.41, 29631, 97, 17027, 0
4338, 14, 3, 7, 0, 0, 36.60%, 9, 0, 4, 0.23, 29651, 97, 17043, 0
4343, 14, 3, 7, 0, 0, 36.60%, 9, 0, 4, 11.06, 29695, 97, 17063, 0
4348, 14, 3, 7, 0, 0, 36.60%, 9, 0, 4, 10.96, 29714, 97, 17074, 0
4354, 14, 3, 7, 0, 0, 36.60%, 9, 0, 4, 11.10, 29770, 97, 17106, 0
4359, 14, 3, 7, 0, 0, 36.60%, 9, 0, 4, 10.17, 29790, 97, 17119, 0
4364, 14, 3, 7, 0, 0, 36.60%, 9, 0, 4, 10.50, 29842, 97, 17152, 0
4369, 14, 4, 7, 0, 0, 36.60%, 9, 0, 4, 10.52, 29895, 97, 17183, 0
4377, 14, 4, 7, 0, 0, 36.60%, 9, 0, 4, 0.70, 29928, 97, 17203, 0
4384, 14, 4, 7, 0, 0, 36.60%, 9, 0, 4, 0.50, 29944, 97, 17209, 0
4390, 14, 4, 7, 0, 0, 36.60%, 9, 0, 4, 0.49, 29946, 97, 17211, 0
4396, 14, 4, 7, 0, 0, 36.60%, 9, 0, 4, 0.59, 29993, 97, 17234, 0
4401, 14, 4, 7, 0, 0, 36.60%, 9, 0, 4, 9.62, 30044, 97, 17265, 0
4407, 14, 5, 7, 0, 0, 36.60%, 9, 0, 4, 1.70, 30093, 97, 17290, 0
4412, 14, 5, 7, 0, 0, 36.60%, 9, 0, 4, 11.10, 30120, 97, 17305, 0
4418, 14, 5, 7, 0, 0, 36.60%, 9, 0, 4, 0.32, 30125, 97, 17307, 0
4424, 14, 5, 7, 0, 0, 36.60%, 9, 0, 4, 13.34, 30173, 97, 17334, 0
4429, 14, 5, 7, 0, 0, 36.60%, 9, 0, 4, 1.07, 30190, 97, 17346, 0
4434, 14, 5, 7, 0, 0, 36.60%, 9, 0, 4, 9.94, 30242, 97, 17376, 0
4439, 14, 3, 7, 0, 0, 36.60%, 9, 0, 4, 11.47, 30301, 97, 17406, 0
4444, 14, 3, 7, 0, 0, 36.60%, 9, 0, 4, 13.14, 30328, 97, 17420, 0
4449, 14, 3, 7, 0, 0, 36.60%, 9, 0, 4, 9.70, 30364, 97, 17441, 0
4454, 14, 3, 7, 0, 0, 36.60%, 9, 0, 4, 1.60, 30415, 97, 17474, 0
4460, 14, 3, 7, 0, 0, 36.60%, 9, 0, 4, 17.00, 30439, 97, 17484, 0
4467, 14, 0, 7, 0, 0, 36.60%, 9, 0, 4, 0.59, 30460, 97, 17496, 0
4472, 14, 0, 7, 0, 0, 36.60%, 9, 0, 4, 6.81, 30492, 97, 17518, 0
4481, 14, 0, 7, 0, 0, 36.60%, 9, 0, 4, 0.24, 30545, 97, 17548, 0
4486, 14, 0, 7, 0, 0, 36.60%, 9, 0, 4, 0.44, 30558, 97, 17556, 0
4491, 14, 0, 7, 0, 0, 36.60%, 9, 0, 4, 13.45, 30623, 97, 17587, 0
4500, 14, 5, 7, 0, 0, 36.60%, 9, 0, 4, 0.45, 30671, 97, 17614, 0
4508, 14, 5, 7, 0, 0, 36.60%, 9, 0, 4, 0.27, 30686, 97, 17622, 0
4513, 14, 5, 7, 0, 0, 36.60%, 9, 0, 4, 9.93, 30705, 97, 17633, 0
4518, 14, 5, 7, 0, 0, 36.60%, 9, 0, 4, 9.52, 30743, 97, 17656, 0
4525, 14, 5, 7, 0, 0, 36.60%, 9, 0, 4, 0.22, 30762, 97, 17668, 0
4532, 14, 5, 7, 0, 0, 36.60%, 9, 0, 4, 0.33, 30806, 97, 17698, 0
4540, 14, 3, 7, 0, 0, 36.60%, 9, 0, 4, 0.60, 30857, 97, 17730, 0
4545, 14, 3, 7, 0, 0, 36.60%, 9, 0, 4, 10.47, 30892, 97, 17753, 0
4552, 14, 3, 7, 0, 0, 36.60%, 9, 0, 4, 1.16, 30934, 97, 17780, 0
4558, 14, 3, 7, 0, 0, 36.60%, 9, 0, 4, 13.47, 30983, 97, 17805, 0
4564, 14, 3, 7, 0, 0, 36.60%, 9, 0, 4, 0.28, 31009, 97, 17818, 0
4569, 14, 5, 7, 0, 0, 36.60%, 9, 0, 4, 11.72, 31063, 97, 17850, 0
4574, 14, 5, 7, 0, 0, 36.60%, 9, 0, 4, 11.53, 31093, 97, 17873, 0
4579, 14, 5, 7, 0, 0, 36.60%, 9, 0, 4, 13.74, 31137, 97, 17894, 0
4584, 14, 5, 7, 0, 0, 36.60%, 9, 0, 4, 10.97, 31181, 97, 17916, 0
4589, 14, 5, 7, 0, 0, 36.60%, 9, 0, 4, 10.24, 31231, 97, 17953, 0
4595, 14, 6, 7, 0, 0, 36.60%, 9, 0, 4, 0.25, 31250, 97, 17967, 0
4600, 14, 6, 7, 0, 0, 36.60%, 9, 0, 4, 7.18, 31276, 97, 17981, 0
4605, 14, 6, 7, 0, 0, 36.60%, 9, 0, 4, 9.87, 31329, 97, 18014, 0
4610, 14, 6, 7, 0, 0, 36.60%, 9, 0, 4, 13.13, 31349, 97, 18022, 0
4618, 14, 6, 7, 0, 0, 36.60%, 9, 0, 4, 0.23, 31386, 97, 18044, 0
4626, 14, 6, 7, 0, 0, 36.60%, 9, 0, 4, 0.54, 31436, 97, 18076, 0
4631, 14, 6, 7, 0, 0, 36.60%, 9, 0, 4, 8.51, 31454, 97, 18088, 0
4636, 14, 6, 7, 0, 0, 36.60%, 9, 0, 4, 0.83, 31488, 97, 18106, 0
4642, 14, 6, 7, 0, 0, 36.60%, 9, 0, 4, 0.63, 31502, 97, 18110, 0
4647, 14, 6, 7, 0, 0, 36.60%, 9, 0, 4, 9.03, 31556, 97, 18139, 0
4652, 14, 6, 7, 0, 0, 36.60%, 9, 0, 4, 11.22, 31601, 97, 18166, 0
4657, 15, 0, 7, 0, 0, 36.60%, 9, 0, 4, 11.70, 31658, 97, 18194, 0
4662, 15, 0, 7, 0, 0, 36.60%, 9, 0, 4, 4.01, 31672, 97, 18200, 0
4668, 15, 0, 7, 0, 0, 36.60%, 9, 0, 4, 7.95, 31686, 97, 18209, 0
4673, 15, 0, 7, 0, 0, 36.60%, 9, 0, 4, 10.20, 31703, 97, 18220, 0
4678, 15, 0, 7, 0, 0, 36.60%, 9, 0, 4, 13.99, 31759, 97, 18249, 0
4684, 15, 0, 7, 0, 0, 36.60%, 9, 0, 4, 1.54, 31799, 97, 18273, 0
4691, 15, 0, 7, 0, 0, 36.60%, 9, 0, 4, 0.34, 31821, 97, 18289, 0
4697, 15, 3, 7, 0, 0, 36.60%, 9, 0, 4, 0.28, 31850, 97, 18304, 0
4703, 15, 3, 7, 0, 0, 36.60%, 9, 0, 4, 1.78, 31889, 97, 18328, 0
4708, 15, 3, 7, 0, 0, 36.60%, 9, 0, 4, 10.57, 31945, 97, 18359, 0
4713, 15, 3, 7, 0, 0, 36.60%, 9, 0, 4, 1.02, 31983, 97, 18380, 0
4719, 15, 3, 7, 0, 0, 36.60%, 9, 0, 4, 0.60, 31992, 97, 18388, 0
4724, 15, 3, 7, 0, 0, 36.60%, 9, 0, 4, 5.87, 32000, 97, 18394, 0
4729, 15, 0, 7, 0, 0, 36.60%, 9, 0, 4, 9.63, 32056, 97, 18425, 0
4735, 15, 0, 7, 0, 0, 36.60%, 9, 0, 4, 11.48, 32118, 97, 18459, 0
4740, 15, 0, 7, 0, 0, 36.60%, 9, 0, 4, 11.34, 32175, 97, 18492, 0
4748, 15, 0, 7, 0, 0, 36.60%, 9, 0, 4, 0.51, 32202, 97, 18508, 0
4755, 15, 0, 7, 0, 0, 36.60%, 9, 0, 4, 0.47, 32223, 97, 18519, 0
4760, 15, 5, 7, 0, 0, 36.60%, 9, 0, 4, 9.95, 32272, 97, 18547, 0
4765, 15, 5, 7, 0, 0, 36.60%, 9, 0, 4, 11.55, 32333, 97, 18579, 0
4770, 15, 5, 7, 0, 0, 36.60%, 9, 0, 4, 10.50, 32386, 97, 18610, 0
4776, 15, 5, 7, 0, 0, 36.60%, 9, 0, 4, 5.08, 32404, 97, 18624, 0
4781, 15, 2, 7, 0, 0, 36.60%, 9, 0, 4, 10.13, 32463, 97, 18653, 0
4788, 15, 2, 7, 0, 0, 36.60%, 9, 0, 4, 0.57, 32503, 97, 18676, 0
4793, 15, 2, 7, 0, 0, 36.60%, 9, 0, 4, 2.03, 32559, 97, 18705, 0
4799, 15, 2, 7, 0, 0, 36.60%, 9, 0, 4, 12.52, 32615, 97, 18732, 0
4806, 15, 5, 7, 0, 0, 36.60%, 9, 0, 4, 0.49, 32656, 97, 18755, 0
4811, 15, 5, 7, 0, 0, 36.60%, 9, 0, 4, 10.79, 32709, 97, 18787, 0
4819, 15, 5, 7, 0, 0, 36.60%, 9, 0, 4, 0.30, 32721, 97, 18793, 0
4827, 15, 5, 7, 0, 0, 36.60%, 9, 0, 4, 0.23, 32763, 97, 18820, 0
4834, 15, 5, 7, 0, 0, 36.60%, 9, 0, 4, 0.37, 32780, 97, 18832, 0
4839, 15, 5, 7, 0, 0, 36.60%, 9, 0, 4, 11.46, 32835, 97, 18864, 0
4845, 15, 5, 7, 0, 0, 36.60%, 9, 0, 4, 0.18, 32836, 97, 18865, 0
4850, 15, 4, 7, 0, 0, 36.60%, 9, 0, 4, 11.20, 32884, 97, 18888, 0
4856, 15, 4, 7, 0, 0, 36.60%, 9, 0, 4, 1.89, 32940, 97, 18921, 0
4864, 15, 4, 7, 0, 0, 36.60%, 9, 0, 4, 0.27, 32968, 97, 18938, 0
4869, 15, 4, 7, 0, 0, 36.60%, 9, 0, 4, 9.04, 32983, 97, 18950, 0
4874, 15, 4, 7, 0, 0, 36.60%, 9, 0, 4, 10.51, 33040, 97, 18985, 0
4880, 15, 3, 7, 0, 0, 36.60%, 9, 0, 4, 9.64, 33077, 97, 19006, 0
4887, 15, 3, 7, 0, 0, 36.60%, 9, 0, 4, 0.23, 33114, 97, 19025, 0
4892, 15, 3, 7, 0, 0, 36.60%, 9, 0, 4, 1.08, 33154, 97, 19045, 0
4902, 15, 3, 7, 0, 0, 36.60%, 9, 0, 4, 0.58, 33187, 97, 19068, 0
4907, 15, 3, 7, 0, 0, 36.60%, 9, 0, 4, 0.21, 33193, 97, 19072, 0
4912, 15, 3, 7, 0, 0, 36.60%, 9, 0, 4, 9.36, 33247, 97, 19105, 0
4917, 15, 6, 7, 0, 0, 36.60%, 9, 0, 4, 11.21, 33274, 97, 19123, 0
4923, 15, 6, 7, 0, 0, 36.60%, 9, 0, 4, 5.69, 33312, 97, 19149, 0
4928, 15, 6, 7, 0, 0, 36.60%, 9, 0, 4, 0.29, 33338, 97, 19162, 0
4933, 15, 6, 7, 0, 0, 36.60%, 9, 0, 4, 12.25, 33395, 97, 19198, 0
4938, 15, 6, 7, 0, 0, 36.60%, 9, 0, 4, 11.13, 33452, 97, 19234, 0
4943, 15, 6, 7, 0, 0, 36.60%, 9, 0, 4, 18.51, 33473, 97, 19242, 0
4951, 15, 6, 7, 0, 0, 36.60%, 9, 0, 4, 0.89, 33519, 97, 19262, 0
4962, 15, 6, 7, 0, 0, 36.60%, 9, 0, 4, 0.51, 33575, 97, 19298, 0
4967, 15, 6, 7, 0, 0, 36.60%, 9, 0, 4, 1.60, 33590, 97, 19308, 0
4974, 15, 6, 7, 0, 0, 36.60%, 9, 0, 4, 0.34, 33646, 97, 19335, 0
4980, 16, 1, 7, 0, 0, 36.60%, 9, 0, 4, 8.36, 33695, 97, 19368, 0
4986, 16, 1, 7, 0, 0, 36.60%, 9, 0, 4, 0.58, 33724, 97, 19388, 0
4994, 16, 1, 7, 0, 0, 36.60%, 9, 0, 4, 0.51, 33754, 97, 19404, 0
5001, 16, 1, 7, 0, 0, 36.60%, 9, 0, 4, 1.37, 33801, 97, 19431, 0
5008, 16, 1, 7, 0, 0, 36.60%, 9, 0, 4, 0.36, 33820, 97, 19443, 0
5013, 16, 1, 7, 0, 0, 36.60%, 9, 0, 4, 8.99, 33838, 97, 19456, 0
5018, 16, 6, 7, 0, 0, 36.60%, 9, 0, 4, 10.56, 33883, 97, 19488, 0
5024, 16, 6, 7, 0, 0, 36.60%, 9, 0, 4, 1.47, 33919, 97, 19511, 0
5029, 16, 6, 7, 0, 0, 36.60%, 9, 0, 4, 12.76, 33949, 97, 19528, 0
5034, 16, 6, 7, 0, 0, 36.60%, 9, 0, 4, 11.34, 34004, 97, 19565, 0
5039, 16, 6, 7, 0, 0, 36.60%, 9, 0, 4, 0.55, 34028, 97, 19577, 0
5044, 16, 6, 7, 0, 0, 36.60%, 9, 0, 4, 10.91, 34055, 97, 19593, 0
5050, 16, 6, 7, 0, 0, 36.60%, 9, 0, 4, 10.48, 34104, 97, 19627, 0
5056, 16, 6, 7, 0, 0, 36.60%, 9, 0, 4, 0.18, 34116, 97, 19636, 0
5061, 16, 6, 7, 0, 0, 36.60%, 9, 0, 4, 9.87, 34141, 97, 19654, 0
5066, 16, 6, 7, 0, 0, 36.60%, 9, 0, 4, 9.83, 34188, 97, 19681, 0
5071, 16, 6, 7, 0, 0, 36.60%, 9, 0, 4, 10.17, 34241, 97, 19715, 0
5077, 16, 3, 7, 0, 0, 36.60%, 9, 0, 4, 0.70, 34275, 97, 19733, 0
5084, 16, 3, 7, 0, 0, 36.60%, 9, 0, 4, 0.23, 34308, 97, 19750, 0
5091, 16, 3, 7, 0, 0, 36.60%, 9, 0, 4, 0.22, 34330, 97, 19758, 0
5096, 16, 3, 7, 0, 0, 36.60%, 9, 0, 4, 13.67, 34354, 97, 19771, 0
5103, 16, 3, 7, 0, 0, 36.60%, 9, 0, 4, 0.54, 34372, 97, 19783, 0
5108, 16, 3, 7, 0, 0, 36.60%, 9, 0, 4, 0.43, 34414, 97, 19804, 0
5117, 16, 2, 7, 0, 0, 36.60%, 9, 0, 4, 0.73, 34453, 97, 19827, 0
5122, 16, 2, 7, 0, 0, 36.60%, 9, 0, 4, 14.59, 34464, 97, 19832, 0
5129, 16, 2, 7, 0, 0, 36.60%, 9, 0, 4, 0.55, 34468, 97, 19835, 0
5134, 16, 2, 7, 0, 0, 36.60%, 9, 0, 4, 10.07, 34516, 97, 19872, 0
5139, 16, 2, 7, 0, 0, 36.60%, 9, 0, 4, 11.12, 34564, 97, 19897, 0
5146, 16, 2, 7, 0, 0, 36.60%, 9, 0, 4, 0.17, 34576, 97, 19899, 0
5151, 16, 2, 7, 0, 0, 36.60%, 9, 0, 4, 4.13, 34585, 97, 19903, 0
5159, 16, 2, 7, 0, 0, 36.60%, 9, 0, 4, 0.54, 34635, 97, 19932, 0
5165, 16, 2, 7, 0, 0, 36.60%, 9, 0, 4, 0.31, 34645, 97, 19938, 0
5170, 16, 2, 7, 0, 0, 36.60%, 9, 0, 4, 11.77, 34704, 97, 19973, 0
5177, 16, 2, 7, 0, 0, 36.60%, 9, 0, 4, 0.66, 34713, 97, 19980, 0
5182, 16, 2, 7, 0, 0, 36.60%, 9, 0, 4, 0.43, 34744, 97, 19999, 0
5188, 16, 2, 7, 0, 0, 36.60%, 9, 0, 4, 1.05, 34759, 97, 20011, 0
5193, 16, 2, 7, 0, 0, 36.60%, 9, 0, 4, 10.68, 34793, 97, 20034, 0
5200, 16, 2, 7, 0, 0, 36.60%, 9, 0, 4, 0.35, 34802, 97, 20041, 0
5205, 16, 2, 7, 0, 0, 36.60%, 9, 0, 4, 13.04, 34830, 97, 20060, 0
5210, 16, 3, 7, 0, 0, 36.60%, 9, 0, 4, 11.34, 34883, 97, 20095, 0
5215, 16, 3, 7, 0, 0, 36.60%, 9, 0, 4, 13.32, 34903, 97, 20108, 0
5220, 16, 3, 7, 0, 0, 36.60%, 9, 0, 4, 12.28, 34965, 97, 20139, 0
5226, 16, 3, 7, 0, 0, 36.60%, 9, 0, 4, 12.80, 35018, 97, 20171, 0
5232, 16, 3, 7, 0, 0, 36.60%, 9, 0, 4, 0.27, 35044, 97, 20191, 0
5240, 16, 2, 7, 0, 0, 36.60%, 9, 0, 4, 0.63, 35073, 97, 20208, 0
5245, 16, 2, 7, 0, 0, 36.60%, 9, 0, 4, 10.35, 35101, 97, 20223, 0
5250, 16, 2, 7, 0, 0, 36.60%, 9, 0, 4, 14.10, 35151, 97, 20244, 0
5259, 16, 2, 7, 0, 0, 36.60%, 9, 0, 4, 0.50, 35176, 97, 20258, 0
5268, 16, 2, 7, 0, 0, 36.60%, 9, 0, 4, 0.62, 35192, 97, 20270, 0
5273, 16, 2, 7, 0, 0, 36.60%, 9, 0, 4, 9.90, 35241, 97, 20301, 0
5278, 16, 5, 7, 0, 0, 36.60%, 9, 0, 4, 10.70, 35295, 97, 20335, 0
5283, 16, 5, 7, 0, 0, 36.60%, 9, 0, 4, 9.50, 35314, 97, 20346, 0
5289, 16, 5, 7, 0, 0, 36.60%, 9, 0, 4, 0.28, 35331, 97, 20357, 0
5295, 16, 5, 7, 0, 0, 36.60%, 9, 0, 4, 0.23, 35367, 97, 20372, 0
5301, 16, 5, 7, 0, 0, 36.60%, 9, 0, 4, 10.21, 35397, 97, 20384, 0
5306, 16, 5, 7, 0, 0, 36.60%, 9, 0, 4, 13.01, 35434, 97, 20408, 0
5314, 16, 2, 7, 0, 0, 36.60%, 9, 0, 4, 0.57, 35468, 97, 20430, 0
5319, 16, 2, 7, 0, 0, 36.60%, 9, 0, 4, 9.45, 35519, 97, 20462, 0
5328, 16, 2, 7, 0, 0, 36.60%, 9, 0, 4, 0.36, 35563, 97, 20482, 0
5335, 16, 2, 7, 0, 0, 36.60%, 9, 0, 4, 1.66, 35586, 97, 20495, 0
5340, 16, 2, 7, 0, 0, 36.60%, 9, 0, 4, 0.80, 35628, 97, 20522, 0
5345, 17, 3, 7, 0, 0, 36.60%, 9, 0, 4, 10.84, 35685, 97, 20555, 0
5350, 17, 3, 7, 0, 0, 36.60%, 9, 0, 4, 11.27, 35745, 97, 20589, 0
5355, 17, 3, 7, 0, 0, 36.60%, 9, 0, 4, 10.67, 35792, 97, 20618, 0
5360, 17, 3, 7, 0, 0, 36.60%, 9, 0, 4, 10.85, 35846, 97, 20649, 0
5368, 17, 3, 7, 0, 0, 36.60%, 9, 0, 4, 0.34, 35872, 97, 20666, 0
5373, 17, 3, 7, 0, 0, 36.60%, 9, 0, 4, 9.38, 35911, 97, 20689, 0
5378, 17, 3, 7, 0, 0, 36.60%, 9, 0, 4, 9.53, 35957, 97, 20718, 0
5384, 17, 3, 7, 0, 0, 36.60%, 9, 0, 4, 9.01, 35982, 97, 20732, 0
5390, 17, 3, 7, 0, 0, 36.60%, 9, 0, 4, 0.61, 36016, 97, 20752, 0
5396, 17, 4, 7, 0, 0, 36.60%, 9, 0, 4, 0.69, 36057, 97, 20772, 0
5401, 17, 4, 7, 0, 0, 36.60%, 9, 0, 4, 9.51, 36082, 97, 20786, 0
5406, 17, 4, 7, 0, 0, 36.60%, 9, 0, 4, 10.81, 36136, 97, 20819, 0
5415, 17, 4, 7, 0, 0, 36.60%, 9, 0, 4, 0.11, 36139, 97, 20822, 0
5421, 17, 4, 7, 0, 0, 36.60%, 9, 0, 4, 0.44, 36151, 97, 20830, 0
5426, 17, 4, 7, 0, 0, 36.60%, 9, 0, 4, 6.00, 36167, 97, 20837, 0
5434, 17, 4, 7, 0, 0, 36.60%, 9, 0, 4, 0.72, 36214, 97, 20865, 0
5440, 17, 4, 7, 0, 0, 36.60%, 9, 0, 4, 0.46, 36238, 97, 20878, 0
5447, 17, 4, 7, 0, 0, 36.60%, 9, 0, 4, 0.34, 36246, 97, 20882, 0
5452, 17, 2, 7, 0, 0, 36.60%, 9, 0, 4, 10.37, 36300, 97, 20912, 0
5457, 17, 2, 7, 0, 0, 36.60%, 9, 0, 4, 9.73, 36335, 97, 20928, 0
5464, 17, 2, 7, 0, 0, 36.60%, 9, 0, 4, 1.27, 36373, 97, 20948, 0
5469, 17, 2, 7, 0, 0, 36.60%, 9, 0, 4, 13.87, 36405, 97, 20963, 0
5474, 17, 2, 7, 0, 0, 36.60%, 9, 0, 4, 11.73, 36457, 97, 20993, 0
5481, 17, 2, 7, 0, 0, 36.60%, 9, 0, 4, 0.83, 36503, 97, 21019, 0
5489, 17, 2, 7, 0, 0, 36.60%, 9, 0, 4, 0.22, 36530, 97, 21035, 0
5494, 17, 2, 7, 0, 0, 36.60%, 9, 0, 4, 10.82, 36589, 97, 21071, 0
5499, 17, 2, 7, 0, 0, 36.60%, 9, 0, 4, 11.49, 36648, 97, 21103, 0
5506, 17, 5, 7, 0, 0, 36.60%, 9, 0, 4, 0.23, 36680, 97, 21122, 0
5512, 17, 5, 7, 0, 0, 36.60%, 9, 0, 4, 0.82, 36712, 97, 21143, 0
5517, 17, 5, 7, 0, 0, 36.60%, 9, 0, 4, 12.68, 36776, 97, 21174, 0
5522, 17, 5, 7, 0, 0, 36.60%, 9, 0, 4, 12.21, 36833, 97, 21201, 0
5527, 17, 6, 7, 0, 0, 36.60%, 9, 0, 4, 11.58, 36891, 97, 21237, 0
5536, 17, 6, 7, 0, 0, 36.60%, 9, 0, 4, 0.22, 36945, 97, 21264, 0
5541, 17, 6, 7, 0, 0, 36.60%, 9, 0, 4, 11.70, 37004, 97, 21291, 0
5550, 17, 6, 7, 0, 0, 36.60%, 9, 0, 4, 0.13, 37021, 97, 21299, 0
5555, 17, 6, 7, 0, 0, 36.60%, 9, 0, 4, 9.91, 37079, 97, 21326, 0
5560, 17, 6, 7, 0, 0, 36.60%, 9, 0, 4, 11.40, 37139, 97, 21356, 0
5565, 17, 6, 7, 0, 0, 36.60%, 9, 0, 4, 11.67, 37200, 97, 21387, 0
5572, 17, 6, 7, 0, 0, 36.60%, 9, 0, 4, 0.67, 37246, 97, 21415, 0
5580, 17, 5, 7, 0, 0, 36.60%, 9, 0, 4, 0.61, 37281, 97, 21436, 0
5587, 17, 5, 7, 0, 0, 36.60%, 9, 0, 4, 0.43, 37304, 97, 21451, 0
5593, 17, 5, 7, 0, 0, 36.60%, 9, 0, 4, 0.57, 37332, 97, 21467, 0
5598, 17, 5, 7, 0, 0, 36.60%, 9, 0, 4, 18.55, 37380, 97, 21482, 0
5604, 17, 5, 7, 0, 0, 36.60%, 9, 0, 4, 0.62, 37429, 97, 21510, 0
5611, 17, 6, 7, 0, 0, 36.60%, 9, 0, 4, 0.31, 37455, 97, 21527, 0
5617, 17, 6, 7, 0, 0, 36.60%, 9, 0, 4, 13.19, 37494, 97, 21551, 0
5622, 17, 6, 7, 0, 0, 36.60%, 9, 0, 4, 8.57, 37518, 97, 21562, 0
5627, 17, 6, 7, 0, 0, 36.60%, 9, 0, 4, 12.26, 37551, 97, 21576, 0
5632, 17, 6, 7, 0, 0, 36.60%, 9, 0, 4, 13.55, 37574, 97, 21588, 0
5639, 17, 6, 7, 0, 0, 36.60%, 9, 0, 4, 1.16, 37630, 97, 21625, 0
5644, 17, 6, 7, 0, 0, 36.60%, 9, 0, 4, 0.50, 37646, 97, 21634, 0
5653, 17, 6, 7, 0, 0, 36.60%, 9, 0, 4, 0.35, 37677, 97, 21658, 0
5660, 17, 6, 7, 0, 0, 36.60%, 9, 0, 4, 0.72, 37726, 97, 21687, 0
5666, 17, 6, 7, 0, 0, 36.60%, 9, 0, 4, 2.46, 37750, 97, 21705, 0
5671, 17, 6, 7, 0, 0, 36.60%, 9, 0, 4, 9.36, 37809, 97, 21738, 0
5676, 18, 3, 7, 0, 0, 36.60%, 9, 0, 4, 11.92, 37870, 97, 21770, 0
5681, 18, 3, 7, 0, 0, 36.60%, 9, 0, 4, 5.51, 37885, 97, 21780, 0
5687, 18, 3, 7, 0, 0, 36.60%, 9, 0, 4, 1.07, 37934, 97, 21811, 0
5698, 18, 3, 7, 0, 0, 36.60%, 9, 0, 4, 0.23, 37958, 97, 21823, 0
5706, 18, 3, 7, 0, 0, 36.60%, 9, 0, 4, 0.64, 38008, 97, 21854, 0
5712, 18, 3, 7, 0, 0, 36.60%, 9, 0, 4, 12.95, 38031, 97, 21867, 0
5717, 18, 3, 7, 0, 0, 36.60%, 9, 0, 4, 3.69, 38044, 97, 21871, 0
5725, 18, 1, 7, 0, 0, 36.60%, 9, 0, 4, 0.43, 38086, 97, 21895, 0
5731, 18, 1, 7, 0, 0, 36.60%, 9, 0, 4, 0.62, 38112, 97, 21908, 0
5736, 18, 1, 7, 0, 0, 36.60%, 9, 0, 4, 10.90, 38169, 97, 21946, 0
5741, 18, 1, 7, 0, 0, 36.60%, 9, 0, 4, 10.24, 38220, 97, 21982, 0
5746, 18, 1, 7, 0, 0, 36.60%, 9, 0, 4, 11.47, 38280, 97, 22013, 0
5754, 18, 1, 7, 0, 0, 36.60%, 9, 0, 4, 0.17, 38306, 97, 22028, 0
5760, 18, 1, 7, 0, 0, 36.60%, 9, 0, 4, 0.37, 38312, 97, 22033, 0
5765, 18, 1, 7, 0, 0, 36.60%, 9, 0, 4, 8.88, 38364, 97, 22060, 0
5773, 18, 1, 7, 0, 0, 36.60%, 9, 0, 4, 0.79, 38410, 97, 22088, 0
5781, 18, 1, 7, 0, 0, 36.60%, 9, 0, 4, 0.61, 38426, 97, 22097, 0
5786, 18, 3, 7, 0, 0, 36.60%, 9, 0, 4, 12.76, 38475, 97, 22122, 0
5791, 18, 3, 7, 0, 0, 36.60%, 9, 0, 4, 13.56, 38517, 97, 22142, 0
5796, 18, 3, 7, 0, 0, 36.60%, 9, 0, 4, 1.17, 38529, 97, 22148, 0
5803, 18, 3, 7, 0, 0, 36.60%, 9, 0, 4, 0.27, 38562, 97, 22168, 0
5808, 18, 3, 7, 0, 0, 36.60%, 9, 0, 4, 11.87, 38620, 97, 22197, 0
5813, 18, 3, 7, 0, 0, 36.60%, 9, 0, 4, 12.72, 38646, 97, 22211, 0
5818, 18, 0, 7, 0, 0, 36.60%, 9, 0, 4, 9.71, 38684, 97, 22231, 0
5824, 18, 0, 7, 0, 0, 36.60%, 9, 0, 4, 0.83, 38736, 97, 22255, 0
5831, 18, 0, 7, 0, 0, 36.60%, 9, 0, 4, 0.49, 38771, 97, 22274, 0
5836, 18, 0, 7, 0, 0, 36.60%, 9, 0, 4, 11.41, 38825, 97, 22303, 0
5841, 18, 5, 7, 0, 0, 36.60%, 9, 0, 4, 10.95, 38881, 97, 22338, 0
5847, 18, 5, 7, 0, 0, 36.60%, 9, 0, 4, 1.58, 38909, 97, 22353, 0
5853, 18, 5, 7, 0, 0, 36.60%, 9, 0, 4, 0.91, 38954, 97, 22381, 0
5859, 18, 5, 7, 0, 0, 36.60%, 9, 0, 4, 0.62, 38991, 97, 22403, 0
5864, 18, 5, 7, 0, 0, 36.60%, 9, 0, 4, 11.40, 39025, 97, 22423, 0
5869, 18, 4, 7, 0, 0, 36.60%, 9, 0, 4, 10.88, 39080, 97, 22458, 0
5876, 18, 4, 7, 0, 0, 36.60%, 9, 0, 4, 0.40, 39101, 97, 22472, 0
5881, 18, 4, 7, 0, 0, 36.60%, 9, 0, 4, 9.36, 39154, 97, 22505, 0
5886, 18, 4, 7, 0, 0, 36.60%, 9, 0, 4, 9.91, 39206, 97, 22535, 0
5891, 18, 2, 7, 0, 0, 36.60%, 9, 0, 4, 10.74, 39261, 97, 22566, 0
5896, 18, 2, 7, 0, 0, 36.60%, 9, 0, 4, 10.86, 39313, 97, 22593, 0
5902, 18, 2, 7, 0, 0, 36.60%, 9, 0, 4, 9.33, 39344, 97, 22613, 0
5907, 18, 2, 7, 0, 0, 36.60%, 9, 0, 4, 9.52, 39382, 97, 22637, 0
5912, 18, 2, 7, 0, 0, 36.60%, 9, 0, 4, 13.35, 39421, 97, 22662, 0
5917, 18, 2, 7, 0, 0, 36.60%, 9, 0, 4, 14.20, 39449, 97, 22678, 0
5926, 18, 3, 7, 0, 0, 36.60%, 9, 0, 4, 0.21, 39482, 97, 22698, 0
5933, 18, 3, 7, 0, 0, 36.60%, 9, 0, 4, 0.68, 39524, 97, 22725, 0
5940, 18, 3, 7, 0, 0, 36.60%, 9, 0, 4, 0.64, 39570, 97, 22753, 0
5945, 18, 3, 7, 0, 0, 36.60%, 9, 0, 4, 10.64, 39622, 97, 22786, 0
5950, 18, 3, 7, 0, 0, 36.60%, 9, 0, 4, 0.61, 39647, 97, 22798, 0
5957, 19, 3, 7, 0, 0, 36.60%, 9, 0, 4, 0.33, 39684, 97, 22819, 0
5963, 19, 3, 7, 0, 0, 36.60%, 9, 0, 4, 0.20, 39691, 97, 22823, 0
5968, 19, 3, 7, 0, 0, 36.60%, 9, 0, 4, 13.69, 39751, 97, 22855, 0
5976, 19, 3, 7, 0, 0, 36.60%, 9, 0, 4, 0.52, 39808, 97, 22884, 0
5981, 19, 1, 7, 0, 0, 36.60%, 9, 0, 4, 10.78, 39864, 97, 22919, 0
5986, 19, 1, 7, 0, 0, 36.60%, 9, 0, 4, 11.49, 39899, 97, 22937, 0
5993, 19, 1, 7, 0, 0, 36.60%, 9, 0, 4, 0.68, 39935, 97, 22957, 0
5998, 19, 1, 7, 0, 0, 36.60%, 9, 0, 4, 2.76, 39990, 97, 22990, 0
6005, 19, 1, 7, 0, 0, 36.60%, 9, 0, 4, 0.33, 40029, 97, 23016, 0
6011, 19, 5, 7, 0, 0, 36.60%, 9, 0, 4, 0.30, 40066, 97, 23036, 0
6016, 19, 5, 7, 0, 0, 36.60%, 9, 0, 4, 11.06, 40107, 97, 23059, 0
6021, 19, 5, 7, 0, 0, 36.60%, 9, 0, 4, 12.18, 40152, 97, 23086, 0
6026, 19, 5, 7, 0, 0, 36.60%, 9, 0, 4, 13.68, 40171, 97, 23098, 0
6032, 19, 5, 7, 0, 0, 36.60%, 9, 0, 4, 0.44, 40189, 97, 23111, 0
6037, 19, 5, 7, 0, 0, 36.60%, 9, 0, 4, 8.86, 40240, 97, 23147, 0
6042, 19, 1, 7, 0, 0, 36.60%, 9, 0, 4, 10.71, 40298, 97, 23177, 0
6050, 19, 1, 7, 0, 0, 36.60%, 9, 0, 4, 0.98, 40356, 97, 23205, 0
6055, 19, 1, 7, 0, 0, 36.60%, 9, 0, 4, 10.47, 40410, 97, 23240, 0
6060, 19, 1, 7, 0, 0, 36.60%, 9, 0, 4, 9.72, 40440, 97, 23258, 0
6066, 19, 4, 7, 0, 0, 36.60%, 9, 0, 4, 0.29, 40457, 97, 23266, 0
6071, 19, 4, 7, 0, 0, 36.60%, 9, 0, 4, 13.07, 40484, 97, 23276, 0
6079, 19, 4, 7, 0, 0, 36.60%, 9, 0, 4, 0.18, 40519, 97, 23294, 0
6085, 19, 4, 7, 0, 0, 36.60%, 9, 0, 4, 1.71, 40554, 97, 23309, 0
6090, 19, 4, 7, 0, 0, 36.60%, 9, 0, 4, 5.32, 40588, 97, 23326, 0
6095, 19, 4, 7, 0, 0, 36.60%, 9, 0, 4, 5.72, 40617, 97, 23344, 0
6100, 19, 5, 7, 0, 0, 36.60%, 9, 0, 4, 9.34, 40668, 97, 23375, 0
6106, 19, 5, 7, 0, 0, 36.60%, 9, 0, 4, 0.58, 40682, 97, 23384, 0
6111, 19, 5, 7, 0, 0, 36.60%, 9, 0, 4, 9.09, 40703, 97, 23396, 0
6116, 19, 5, 7, 0, 0, 36.60%, 9, 0, 4, 14.02, 40724, 97, 23409, 0
6121, 19, 5, 7, 0, 0, 36.60%, 9, 0, 4, 11.25, 40759, 97, 23433, 0
6126, 19, 5, 7, 0, 0, 36.60%, 9, 0, 4, 9.23, 40785, 97, 23449, 0
6132, 19, 5, 7, 0, 0, 36.60%, 9, 0, 4, 10.09, 40824, 97, 23473, 0
6140, 19, 5, 7, 0, 0, 36.60%, 9, 0, 4, 0.34, 40848, 97, 23489, 0
6150, 19, 6, 7, 0, 0, 36.60%, 9, 0, 4, 0.39, 40875, 97, 23502, 0
6155, 19, 6, 7, 0, 0, 36.60%, 9, 0, 4, 9.35, 40930, 97, 23531, 0
6160, 19, 6, 7, 0, 0, 36.60%, 9, 0, 4, 10.89, 40986, 97, 23564, 0
6165, 19, 6, 7, 0, 0, 36.60%, 9, 0, 4, 11.37, 41045, 97, 23594, 0
6170, 19, 6, 7, 0, 0, 36.60%, 9, 0, 4, 10.12, 41094, 97, 23629, 0
6175, 19, 6, 7, 0, 0, 36.60%, 9, 0, 4, 10.45, 41132, 97, 23657, 0
6181, 19, 6, 7, 0, 0, 36.60%, 9, 0, 4, 0.74, 41183, 97, 23687, 0
6186, 19, 6, 7, 0, 0, 36.60%, 9, 0, 4, 12.84, 41240, 97, 23713, 0
6191, 19, 6, 7, 0, 0, 36.60%, 9, 0, 4, 11.78, 41300, 97, 23747, 0
6196, 19, 6, 7, 0, 0, 36.60%, 9, 0, 4, 11.64, 41359, 97, 23779, 0
6211, 19, 6, 7, 0, 0, 36.60%, 9, 0, 4, 0.34, 41391, 97, 23797, 0
6216, 19, 6, 7, 0, 0, 36.60%, 9, 0, 4, 12.99, 41440, 97, 23823, 0
6229, 19, 6, 7, 0, 0, 36.60%, 9, 0, 4, 0.19, 41462, 97, 23836, 0
6234, 19, 6, 7, 0, 0, 36.60%, 9, 0, 4, 10.51, 41517, 97, 23867, 0
6241, 19, 6, 7, 0, 0, 36.60%, 9, 0, 4, 0.17, 41528, 97, 23872, 0
6251, 19, 6, 7, 0, 0, 36.60%, 9, 0, 4, 0.14, 41562, 97, 23889, 0
6257, 19, 6, 7, 0, 0, 36.60%, 9, 0, 4, 0.33, 41570, 97, 23896, 0
6263, 19, 6, 7, 0, 0, 36.60%, 9, 0, 4, 10.32, 41631, 97, 23925, 0
6268, 19, 3, 7, 0, 0, 36.60%, 9, 0, 4, 10.49, 41686, 97, 23960, 0
6273, 19, 3, 7, 0, 0, 36.60%, 9, 0, 4, 0.88, 41710, 97, 23978, 0
6279, 19, 3, 7, 0, 0, 36.60%, 9, 0, 4, 1.17, 41753, 97, 24001, 0
6284, 19, 3, 7, 0, 0, 36.60%, 9, 0, 4, 10.58, 41810, 97, 24037, 0
6289, 19, 3, 7, 0, 0, 36.60%, 9, 0, 4, 10.18, 41848, 97, 24057, 0
6301, 20, 6, 7, 0, 0, 36.60%, 9, 0, 4, 0.16, 41892, 97, 24087, 0
6306, 20, 6, 7, 0, 0, 36.60%, 9, 0, 4, 18.81, 41916, 97, 24100, 0
6317, 20, 6, 7, 0, 0, 36.60%, 9, 0, 4, 0.27, 41958, 97, 24127, 0
6326, 20, 6, 7, 0, 0, 36.60%, 9, 0, 4, 0.35, 41964, 97, 24131, 0
6336, 20, 6, 7, 0, 0, 36.60%, 9, 0, 4, 0.17, 42007, 97, 24155, 0
6345, 20, 6, 7, 0, 0, 36.60%, 9, 0, 4, 1.07, 42040, 97, 24172, 0
6350, 20, 6, 7, 0, 0, 36.60%, 9, 0, 4, 13.22, 42052, 97, 24177, 0
6359, 20, 6, 7, 0, 0, 36.60%, 9, 0, 4, 0.12, 42061, 97, 24182, 0
6364, 20, 6, 7, 0, 0, 36.60%, 9, 0, 4, 9.91, 42115, 97, 24216, 0
6369, 20, 6, 7, 0, 0, 36.60%, 9, 0, 4, 7.94, 42148, 97, 24238, 0
6374, 20, 6, 7, 0, 0, 36.60%, 9, 0, 4, 0.47, 42159, 97, 24247, 0
6379, 20, 6, 7, 0, 0, 36.60%, 9, 0, 4, 9.77, 42214, 97, 24278, 0
6388, 20, 1, 7, 0, 0, 36.60%, 9, 0, 4, 0.27, 42269, 97, 24308, 0
6393, 20, 1, 7, 0, 0, 36.60%, 9, 0, 4, 11.91, 42324, 97, 24339, 0
6398, 20, 1, 7, 0, 0, 36.60%, 9, 0, 4, 12.01, 42379, 97, 24366, 0
6403, 20, 1, 7, 0, 0, 36.60%, 9, 0, 4, 10.93, 42431, 97, 24403, 0
6408, 20, 4, 7, 0, 0, 36.60%, 9, 0, 4, 12.68, 42473, 97, 24432, 0
6413, 20, 4, 7, 0, 0, 36.60%, 9, 0, 4, 4.46, 42490, 97, 24442, 0
6419, 20, 4, 7, 0, 0, 36.60%, 9, 0, 4, 8.84, 42544, 97, 24473, 0
6424, 20, 4, 7, 0, 0, 36.60%, 9, 0, 4, 10.80, 42601, 97, 24502, 0
6430, 20, 4, 7, 0, 0, 36.60%, 9, 0, 4, 0.31, 42603, 97, 24504, 0
6436, 20, 2, 7, 0, 0, 36.60%, 9, 0, 4, 9.22, 42654, 97, 24540, 0
6441, 20, 2, 7, 0, 0, 36.60%, 9, 0, 4, 11.82, 42681, 97, 24556, 0
6446, 20, 2, 7, 0, 0, 36.60%, 9, 0, 4, 6.82, 42727, 97, 24584, 0
6451, 20, 2, 7, 0, 0, 36.60%, 9, 0, 4, 10.28, 42776, 97, 24613, 0
6456, 20, 2, 7, 0, 0, 36.60%, 9, 0, 4, 10.86, 42833, 97, 24648, 0
6461, 20, 4, 7, 0, 0, 36.60%, 9, 0, 4, 12.73, 42868, 97, 24671, 0
6466, 20, 4, 7, 0, 0, 36.60%, 9, 0, 4, 11.10, 42922, 97, 24704, 0
6472, 20, 4, 7, 0, 0, 36.60%, 9, 0, 4, 0.26, 42938, 97, 24715, 0
6478, 20, 4, 7, 0, 0, 36.60%, 9, 0, 4, 0.20, 42957, 97, 24730, 0
6483, 20, 4, 7, 0, 0, 36.60%, 9, 0, 4, 9.78, 43012, 97, 24760, 0
6491, 20, 4, 7, 0, 0, 36.60%, 9, 0, 4, 0.17, 43036, 97, 24774, 0
6496, 20, 4, 7, 0, 0, 36.60%, 9, 0, 4, 0.63, 43060, 97, 24786, 0
6502, 20, 4, 7, 0, 0, 36.60%, 9, 0, 4, 0.56, 43112, 97, 24811, 0
6508, 20, 4, 7, 0, 0, 36.60%, 9, 0, 4, 10.54, 43171, 97, 24843, 0
6513, 20, 4, 7, 0, 0, 36.60%, 9, 0, 4, 11.27, 43230, 97, 24876, 0
6518, 20, 2, 7, 0, 0, 36.60%, 9, 0, 4, 1.69, 43267, 97, 24901, 0
6526, 20, 2, 7, 0, 0, 36.60%, 9, 0, 4, 0.51, 43302, 97, 24919, 0
6532, 20, 2, 7, 0, 0, 36.60%, 9, 0, 4, 0.45, 43316, 97, 24926, 0
6539, 20, 2, 7, 0, 0, 36.60%, 9, 0, 4, 1.03, 43367, 97, 24952, 0
6547, 20, 2, 7, 0, 0, 36.60%, 9, 0, 4, 0.53, 43377, 97, 24958, 0
6552, 20, 2, 7, 0, 0, 36.60%, 9, 0, 4, 11.08, 43431, 97, 24991, 0
6559, 20, 6, 7, 0, 0, 36.60%, 9, 0, 4, 0.58, 43475, 97, 25018, 0
6566, 20, 6, 7, 0, 0, 36.60%, 9, 0, 4, 0.31, 43512, 97, 25043, 0
6571, 20, 6, 7, 0, 0, 36.60%, 9, 0, 4, 11.62, 43569, 97, 25073, 0
6576, 20, 6, 7, 0, 0, 36.60%, 9, 0, 4, 11.33, 43626, 97, 25105, 0
6581, 20, 6, 7, 0, 0, 36.60%, 9, 0, 4, 11.77, 43682, 97, 25137, 0
6586, 20, 6, 7, 0, 0, 36.60%, 9, 0, 4, 11.29, 43738, 97, 25171, 0
6594, 20, 6, 7, 0, 0, 36.60%, 9, 0, 4, 0.29, 43779, 97, 25193, 0
6599, 20, 6, 7, 0, 0, 36.60%, 9, 0, 4, 10.31, 43832, 97, 25230, 0
6605, 20, 3, 7, 0, 0, 36.60%, 9, 0, 4, 13.33, 43858, 97, 25246, 0
6611, 20, 3, 7, 0, 0, 36.60%, 9, 0, 4, 0.57, 43903, 97, 25269, 0
6619, 20, 3, 7, 0, 0, 36.60%, 9, 0, 4, 1.00, 43940, 97, 25286, 0
6624, 20, 3, 7, 0, 0, 36.60%, 9, 0, 4, 0.93, 43971, 97, 25298, 0
6629, 20, 3, 7, 0, 0, 36.60%, 9, 0, 4, 10.18, 44030, 97, 25330, 0
6635, 21, 3, 7, 0, 0, 36.60%, 9, 0, 4, 10.99, 44089, 97, 25365, 0
6640, 21, 3, 7, 0, 0, 36.60%, 9, 0, 4, 0.38, 44125, 97, 25389, 0
6645, 21, 3, 7, 0, 0, 36.60%, 9, 0, 4, 12.08, 44185, 97, 25421, 0
6652, 21, 3, 7, 0, 0, 36.60%, 9, 0, 4, 1.04, 44240, 97, 25448, 0
6657, 21, 5, 7, 0, 0, 36.60%, 9, 0, 4, 11.45, 44297, 97, 25476, 0
6666, 21, 5, 7, 0, 0, 36.60%, 9, 0, 4, 0.44, 44321, 97, 25490, 0
6671, 21, 5, 7, 0, 0, 36.60%, 9, 0, 4, 9.95, 44376, 97, 25521, 0
6676, 21, 5, 7, 0, 0, 36.60%, 9, 0, 4, 10.34, 44426, 97, 25552, 0
6682, 21, 0, 7, 0, 0, 36.60%, 9, 0, 4, 10.53, 44483, 97, 25587, 0
6687, 21, 0, 7, 0, 0, 36.60%, 9, 0, 4, 11.43, 44512, 97, 25608, 0
6693, 21, 0, 7, 0, 0, 36.60%, 9, 0, 4, 1.65, 44558, 97, 25638, 0
6698, 21, 0, 7, 0, 0, 36.60%, 9, 0, 4, 10.46, 44601, 97, 25661, 0
6703, 21, 0, 7, 0, 0, 36.60%, 9, 0, 4, 5.77, 44618, 97, 25673, 0
6708, 21, 4, 7, 0, 0, 36.60%, 9, 0, 4, 10.73, 44679, 97, 25700, 0
6715, 21, 4, 7, 0, 0, 36.60%, 9, 0, 4, 0.67, 44702, 97, 25715, 0
6720, 21, 4, 7, 0, 0, 36.60%, 9, 0, 4, 9.21, 44739, 97, 25732, 0
6726, 21, 4, 7, 0, 0, 36.60%, 9, 0, 4, 0.36, 44751, 97, 25742, 0
6732, 21, 4, 7, 0, 0, 36.60%, 9, 0, 4, 0.56, 44783, 97, 25753, 0
6737, 21, 4, 7, 0, 0, 36.60%, 9, 0, 4, 11.16, 44843, 97, 25787, 0
6742, 21, 2, 7, 0, 0, 36.60%, 9, 0, 4, 4.85, 44867, 97, 25797, 0
6747, 21, 2, 7, 0, 0, 36.60%, 9, 0, 4, 9.26, 44922, 97, 25834, 0
6753, 21, 2, 7, 0, 0, 36.60%, 9, 0, 4, 0.31, 44954, 97, 25854, 0
6758, 21, 2, 7, 0, 0, 36.60%, 9, 0, 4, 0.68, 44979, 97, 25867, 0
6768, 21, 2, 7, 0, 0, 36.60%, 9, 0, 4, 0.18, 45024, 97, 25894, 0
6773, 21, 6, 7, 0, 0, 36.60%, 9, 0, 4, 11.77, 45084, 97, 25927, 0
6778, 21, 6, 7, 0, 0, 36.60%, 9, 0, 4, 11.68, 45110, 97, 25939, 0
6785, 21, 6, 7, 0, 0, 36.60%, 9, 0, 4, 0.35, 45122, 97, 25948, 0
6790, 21, 6, 7, 0, 0, 36.60%, 9, 0, 4, 9.44, 45177, 97, 25976, 0
6796, 21, 6, 7, 0, 0, 36.60%, 9, 0, 4, 10.33, 45234, 97, 26010, 0
6801, 21, 6, 7, 0, 0, 36.60%, 9, 0, 4, 9.23, 45276, 97, 26038, 0
6806, 21, 6, 7, 0, 0, 36.60%, 9, 0, 4, 11.64, 45335, 97, 26064, 0
6811, 21, 6, 7, 0, 0, 36.60%, 9, 0, 4, 11.11, 45391, 97, 26100, 0
6821, 21, 6, 7, 0, 0, 36.60%, 9, 0, 4, 0.18, 45433, 97, 26127, 0
6827, 21, 4, 7, 0, 0, 36.60%, 9, 0, 4, 9.36, 45488, 97, 26159, 0
6832, 21, 4, 7, 0, 0, 36.60%, 9, 0, 4, 11.03, 45546, 97, 26189, 0
6837, 21, 4, 7, 0, 0, 36.60%, 9, 0, 4, 0.32, 45570, 97, 26205, 0
6842, 21, 4, 7, 0, 0, 36.60%, 9, 0, 4, 13.18, 45615, 97, 26231, 0
6847, 21, 0, 7, 0, 0, 36.60%, 9, 0, 4, 11.12, 45668, 97, 26266, 0
6853, 21, 0, 7, 0, 0, 36.60%, 9, 0, 4, 8.32, 45684, 97, 26277, 0
6859, 21, 0, 7, 0, 0, 36.60%, 9, 0, 4, 0.48, 45707, 97, 26293, 0
6866, 21, 0, 7, 0, 0, 36.60%, 9, 0, 4, 0.32, 45749, 97, 26320, 0
6872, 21, 0, 7, 0, 0, 36.60%, 9, 0, 4, 0.36, 45789, 97, 26340, 0
6877, 21, 0, 7, 0, 0, 36.60%, 9, 0, 4, 8.65, 45807, 97, 26355, 0
6883, 21, 0, 7, 0, 0, 36.60%, 9, 0, 4, 1.81, 45818, 97, 26363, 0
6888, 21, 0, 7, 0, 0, 36.60%, 9, 0, 4, 8.91, 45840, 97, 26377, 0
6893, 21, 3, 7, 0, 0, 36.60%, 9, 0, 4, 13.81, 45863, 97, 26395, 0
6900, 21, 3, 7, 0, 0, 36.60%, 9, 0, 4, 0.39, 45884, 97, 26407, 0
6907, 21, 3, 7, 0, 0, 36.60%, 9, 0, 4, 0.35, 45892, 97, 26412, 0
6912, 21, 3, 7, 0, 0, 36.60%, 9, 0, 4, 10.47, 45947, 97, 26442, 0
6917, 21, 3, 7, 0, 0, 36.60%, 9, 0, 4, 8.75, 45986, 97, 26467, 0
6922, 21, 3, 7, 0, 0, 36.60%, 9, 0, 4, 10.68, 46043, 97, 26501, 0
6928, 22, 6, 7, 0, 0, 36.60%, 9, 0, 4, 10.25, 46095, 97, 26532, 0
6933, 22, 6, 7, 0, 0, 36.60%, 9, 0, 4, 0.65, 46128, 97, 26548, 0
6938, 22, 6, 7, 0, 0, 36.60%, 9, 0, 4, 13.95, 46157, 97, 26561, 0
6944, 22, 6, 7, 0, 0, 36.60%, 9, 0, 4, 0.40, 46192, 97, 26583, 0
6949, 22, 6, 7, 0, 0, 36.60%, 9, 0, 4, 8.90, 46226, 97, 26604, 0
6957, 22, 6, 7, 0, 0, 36.60%, 9, 0, 4, 0.45, 46266, 97, 26622, 0
6962, 22, 6, 7, 0, 0, 36.60%, 9, 0, 4, 8.41, 46282, 97, 26631, 0
6967, 22, 6, 7, 0, 0, 36.60%, 9, 0, 4, 10.15, 46336, 97, 26666, 0
6972, 22, 6, 7, 0, 0, 36.60%, 9, 0, 4, 11.09, 46396, 97, 26701, 0
6977, 22, 6, 7, 0, 0, 36.60%, 9, 0, 4, 11.50, 46456, 97, 26735, 0
6985, 22, 6, 7, 0, 0, 36.60%, 9, 0, 4, 0.37, 46480, 97, 26747, 0
6990, 22, 6, 7, 0, 0, 36.60%, 9, 0, 4, 10.14, 46528, 97, 26770, 0
7000, 22, 6, 7, 0, 0, 36.60%, 9, 0, 4, 0.36, 46584, 97, 26793, 0
7006, 22, 6, 7, 0, 0, 36.60%, 9, 0, 4, 0.25, 46605, 97, 26803, 0
7011, 22, 6, 7, 0, 0, 36.60%, 9, 0, 4, 10.37, 46662, 97, 26839, 0
7016, 22, 6, 7, 0, 0, 36.60%, 9, 0, 4, 0.64, 46670, 97, 26845, 0
7021, 22, 6, 7, 0, 0, 36.60%, 9, 0, 4, 8.74, 46700, 97, 26865, 0
7026, 22, 6, 7, 0, 0, 36.60%, 9, 0, 4, 9.74, 46745, 97, 26895, 0
7032, 22, 6, 7, 0, 0, 36.60%, 9, 0, 4, 10.87, 46802, 97, 26930, 0
7037, 22, 6, 7, 0, 0, 36.60%, 9, 0, 4, 4.73, 46813, 97, 26937, 0
7042, 22, 6, 7, 0, 0, 36.60%, 9, 0, 4, 9.43, 46866, 97, 26966, 0
7047, 22, 6, 7, 0, 0, 36.60%, 9, 0, 4, 10.41, 46914, 97, 26994, 0
7055, 22, 6, 7, 0, 0, 36.60%, 9, 0, 4, 0.25, 46941, 97, 27010, 0
7060, 22, 6, 7, 0, 0, 36.60%, 9, 0, 4, 8.74, 46962, 97, 27022, 0
7088, 22, 6, 7, 0, 0, 36.60%, 9, 0, 4, 0.11, 46969, 97, 27023, 0
7098, 22, 6, 7, 0, 0, 36.60%, 9, 0, 4, 0.33, 47018, 97, 27047, 0
7105, 22, 6, 7, 0, 0, 36.60%, 9, 0, 4, 0.45, 47028, 97, 27055, 0
7111, 22, 6, 7, 0, 0, 36.60%, 9, 0, 4, 0.19, 47037, 97, 27060, 0
7116, 22, 6, 7, 0, 0, 36.60%, 9, 0, 4, 9.25, 47091, 97, 27093, 0
7121, 22, 6, 7, 0, 0, 36.60%, 9, 0, 4, 1.58, 47132, 97, 27118, 0
7129, 22, 6, 7, 0, 0, 36.60%, 9, 0, 4, 1.04, 47175, 97, 27140, 0
7134, 22, 6, 7, 0, 0, 36.60%, 9, 0, 4, 12.91, 47235, 97, 27170, 0
7139, 22, 4, 7, 0, 0, 36.60%, 9, 0, 4, 11.28, 47290, 97, 27205, 0
7147, 22, 4, 7, 0, 0, 36.60%, 9, 0, 4, 0.66, 47338, 97, 27230, 0
7152, 22, 4, 7, 0, 0, 36.60%, 9, 0, 4, 7.99, 47387, 97, 27262, 0
7158, 22, 4, 7, 0, 0, 36.60%, 9, 0, 4, 9.26, 47414, 97, 27282, 0
7163, 22, 2, 7, 0, 0, 36.60%, 9, 0, 4, 8.98, 47454, 97, 27304, 0
7169, 22, 2, 7, 0, 0, 36.60%, 9, 0, 4, 10.63, 47513, 97, 27340, 0
7174, 22, 2, 7, 0, 0, 36.60%, 9, 0, 4, 10.25, 47561, 97, 27373, 0
7179, 22, 2, 7, 0, 0, 36.60%, 9, 0, 4, 11.58, 47620, 97, 27408, 0
7184, 22, 4, 7, 0, 0, 36.60%, 9, 0, 4, 11.17, 47676, 97, 27445, 0
7189, 22, 4, 7, 0, 0, 36.60%, 9, 0, 4, 12.50, 47718, 97, 27466, 0
7194, 22, 4, 7, 0, 0, 36.60%, 9, 0, 4, 10.90, 47772, 97, 27506, 0
7200, 22, 4, 7, 0, 0, 36.60%, 9, 0, 4, 11.07, 47829, 97, 27541, 0
7206, 22, 3, 7, 0, 0, 36.60%, 9, 0, 4, 0.23, 47853, 97, 27556, 0
7214, 22, 3, 7, 0, 0, 36.60%, 9, 0, 4, 0.39, 47883, 97, 27572, 0
7219, 22, 3, 7, 0, 0, 36.60%, 9, 0, 4, 11.11, 47941, 97, 27604, 0
7224, 22, 3, 7, 0, 0, 36.60%, 9, 0, 4, 0.41, 47945, 97, 27608, 0
7231, 22, 3, 7, 0, 0, 36.60%, 9, 0, 4, 0.42, 47968, 97, 27622, 0
7238, 22, 3, 7, 0, 0, 36.60%, 9, 0, 4, 0.51, 47987, 97, 27630, 0
7243, 22, 3, 7, 0, 0, 36.60%, 9, 0, 4, 10.00, 48040, 97, 27664, 0
7248, 22, 4, 7, 0, 0, 36.60%, 9, 0, 4, 10.57, 48064, 97, 27682, 0
7253, 22, 4, 7, 0, 0, 36.60%, 9, 0, 4, 11.06, 48106, 97, 27706, 0
7260, 22, 4, 7, 0, 0, 36.60%, 9, 0, 4, 0.23, 48136, 97, 27726, 0
7267, 22, 4, 7, 0, 0, 36.60%, 9, 0, 4, 0.96, 48195, 97, 27755, 0
7272, 22, 4, 7, 0, 0, 36.60%, 9, 0, 4, 3.95, 48239, 97, 27781, 0
7278, 22, 2, 7, 0, 0, 36.60%, 9, 0, 4, 9.09, 48295, 97, 27818, 0
7285, 22, 2, 7, 0, 0, 36.60%, 9, 0, 4, 0.22, 48327, 97, 27838, 0
7297, 22, 2, 7, 0, 0, 36.60%, 9, 0, 4, 0.12, 48373, 97, 27862, 0
7302, 22, 2, 7, 0, 0, 36.60%, 9, 0, 4, 9.81, 48427, 97, 27888, 0
7310, 23, 6, 7, 0, 0, 36.60%, 9, 0, 4, 0.65, 48472, 97, 27920, 0
7315, 23, 6, 7, 0, 0, 36.60%, 9, 0, 4, 9.10, 48524, 97, 27948, 0
7320, 23, 6, 7, 0, 0, 36.60%, 9, 0, 4, 10.30, 48580, 97, 27985, 0
7325, 23, 6, 7, 0, 0, 36.60%, 9, 0, 4, 10.28, 48633, 97, 28020, 0
7331, 23, 6, 7, 0, 0, 36.60%, 9, 0, 4, 1.18, 48681, 97, 28050, 0
7336, 23, 6, 7, 0, 0, 36.60%, 9, 0, 4, 12.55, 48708, 97, 28069, 0
7344, 23, 6, 7, 0, 0, 36.60%, 9, 0, 4, 0.17, 48725, 97, 28081, 0
7349, 23, 6, 7, 0, 0, 36.60%, 9, 0, 4, 0.31, 48750, 97, 28094, 0
7354, 23, 6, 7, 0, 0, 36.60%, 9, 0, 4, 9.58, 48805, 97, 28123, 0
7361, 23, 6, 7, 0, 0, 36.60%, 9, 0, 4, 0.34, 48817, 97, 28132, 0
7366, 23, 4, 7, 0, 0, 36.60%, 9, 0, 4, 11.94, 48858, 97, 28159, 0
7371, 23, 4, 7, 0, 0, 36.60%, 9, 0, 4, 11.54, 48917, 97, 28192, 0
7377, 23, 4, 7, 0, 0, 36.60%, 9, 0, 4, 1.15, 48954, 97, 28213, 0
7385, 23, 4, 7, 0, 0, 36.60%, 9, 0, 4, 1.09, 48956, 97, 28214, 0
7390, 23, 4, 7, 0, 0, 36.60%, 9, 0, 4, 10.93, 49013, 97, 28246, 0
7395, 23, 6, 7, 0, 0, 36.60%, 9, 0, 4, 10.75, 49068, 97, 28281, 0
7400, 23, 6, 7, 0, 0, 36.60%, 9, 0, 4, 12.10, 49111, 97, 28308, 0
7405, 23, 6, 7, 0, 0, 36.60%, 9, 0, 4, 12.76, 49135, 97, 28325, 0
7410, 23, 6, 7, 0, 0, 36.60%, 9, 0, 4, 12.22, 49193, 97, 28357, 0
7417, 23, 6, 7, 0, 0, 36.60%, 9, 0, 4, 0.74, 49244, 97, 28387, 0
7422, 23, 6, 7, 0, 0, 36.60%, 9, 0, 4, 10.87, 49299, 97, 28420, 0
7428, 23, 6, 7, 0, 0, 36.60%, 9, 0, 4, 0.21, 49309, 97, 28426, 0
7433, 23, 6, 7, 0, 0, 36.60%, 9, 0, 4, 8.20, 49356, 97, 28462, 0
7438, 23, 6, 7, 0, 0, 36.60%, 9, 0, 4, 10.46, 49413, 97, 28498, 0
7447, 23, 6, 7, 0, 0, 36.60%, 9, 0, 4, 0.82, 49474, 97, 28533, 0
7452, 23, 6, 7, 0, 0, 36.60%, 9, 0, 4, 10.97, 49533, 97, 28566, 0
7458, 23, 6, 7, 0, 0, 36.60%, 9, 0, 4, 0.19, 49549, 97, 28578, 0
7464, 23, 6, 7, 0, 0, 36.60%, 9, 0, 4, 8.40, 49555, 97, 28582, 0
7469, 23, 6, 7, 0, 0, 36.60%, 9, 0, 4, 10.89, 49612, 97, 28615, 0
7474, 23, 6, 7, 0, 0, 36.60%, 9, 0, 4, 11.45, 49673, 97, 28649, 0
7479, 23, 6, 7, 0, 0, 36.60%, 9, 0, 4, 12.10, 49737, 97, 28677, 0
7484, 23, 6, 7, 0, 0, 36.60%, 9, 0, 4, 11.82, 49797, 97, 28710, 0
7489, 23, 6, 7, 0, 0, 36.60%, 9, 0, 4, 10.84, 49853, 97, 28744, 0
7494, 23, 6, 7, 0, 0, 36.60%, 9, 0, 4, 11.83, 49914, 97, 28775, 0
7503, 23, 6, 7, 0, 0, 36.60%, 9, 0, 4, 1.08, 49945, 97, 28796, 0
7508, 23, 6, 7, 0, 0, 36.60%, 9, 0, 4, 13.78, 50005, 97, 28827, 0
7514, 23, 6, 7, 0, 0, 36.60%, 9, 0, 4, 0.64, 50039, 97, 28845, 0
7522, 23, 6, 7, 0, 0, 36.60%, 9, 0, 4, 0.42, 50051, 97, 28852, 0
7527, 23, 6, 7, 0, 0, 36.60%, 9, 0, 4, 10.59, 50107, 97, 28882, 0
7536, 23, 6, 7, 0, 0, 36.60%, 9, 0, 4, 0.25, 50121, 97, 28889, 0
7544, 23, 6, 7, 0, 0, 36.60%, 9, 0, 4, 0.38, 50126, 97, 28893, 0
7549, 23, 6, 7, 0, 0, 36.60%, 9, 0, 4, 9.03, 50141, 97, 28906, 0
7554, 23, 6, 7, 0, 0, 36.60%, 9, 0, 4, 10.94, 50168, 97, 28923, 0
7560, 23, 6, 7, 0, 0, 36.60%, 9, 0, 4, 0.37, 50173, 97, 28927, 0
7567, 23, 6, 7, 0, 0, 36.60%, 9, 0, 4, 0.37, 50190, 97, 28941, 0
7572, 23, 6, 7, 0, 0, 36.60%, 9, 0, 4, 16.92, 50239, 97, 28964, 0
7577, 23, 6, 7, 0, 0, 36.60%, 9, 0, 4, 13.40, 50263, 97, 28975, 0
7583, 23, 6, 7, 0, 0, 36.60%, 9, 0, 4, 1.30, 50315, 97, 29006, 0
7591, 23, 6, 7, 0, 0, 36.60%, 9, 0, 4, 0.27, 50359, 97, 29035, 0
7596, 23, 6, 7, 0, 0, 36.60%, 9, 0, 4, 11.51, 50420, 97, 29067, 0
7604, 23, 6, 7, 0, 0, 36.60%, 9, 0, 4, 0.26, 50457, 97, 29088, 0
7609, 23, 6, 7, 0, 0, 36.60%, 9, 0, 4, 8.41, 50507, 97, 29114, 0
7614, 23, 6, 7, 0, 0, 36.60%, 9, 0, 4, 11.69, 50571, 97, 29140, 0
7620, 23, 6, 7, 0, 0, 36.60%, 9, 0, 4, 12.21, 50634, 97, 29175, 0
7625, 23, 6, 7, 0, 0, 36.60%, 9, 0, 4, 11.71, 50694, 97, 29209, 0
7631, 23, 6, 7, 0, 0, 36.60%, 9, 0, 4, 0.32, 50722, 97, 29229, 0
7636, 23, 6, 7, 0, 0, 36.60%, 9, 0, 4, 0.22, 50733, 97, 29237, 0
7644, 23, 6, 7, 0, 0, 36.60%, 9, 0, 4, 0.62, 50790, 97, 29266, 0
7652, 23, 6, 7, 0, 0, 36.60%, 9, 0, 4, 0.91, 50841, 97, 29294, 0
7657, 23, 6, 7, 0, 0, 36.60%, 9, 0, 4, 4.18, 50866, 97, 29304, 0
7662, 23, 6, 7, 0, 0, 36.60%, 9, 0, 4, 10.88, 50900, 97, 29324, 0
7668, 23, 6, 7, 0, 0, 36.60%, 9, 0, 4, 0.43, 50919, 97, 29337, 0
7676, 23, 6, 7, 0, 0, 36.60%, 9, 0, 4, 0.48, 50964, 97, 29366, 0
7682, 23, 6, 7, 0, 0, 36.60%, 9, 0, 4, 11.62, 51016, 97, 29401, 0
7687, 23, 2, 7, 0, 0, 36.60%, 9, 0, 4, 13.78, 51060, 97, 29426, 0
7692, 23, 2, 7, 0, 0, 36.60%, 9, 0, 4, 13.01, 51125, 97, 29454, 0
7697, 23, 2, 7, 0, 0, 36.60%, 9, 0, 4, 10.76, 51179, 97, 29481, 0
7702, 23, 2, 7, 0, 0, 36.60%, 9, 0, 4, 11.20, 51236, 97, 29517, 0
7709, 23, 6, 7, 0, 0, 36.60%, 9, 0, 4, 0.61, 51287, 97, 29551, 0
7718, 23, 6, 7, 0, 0, 36.60%, 9, 0, 4, 0.61, 51319, 97, 29572, 0
7724, 23, 6, 7, 0, 0, 36.60%, 9, 0, 4, 0.45, 51337, 97, 29583, 0
7729, 23, 6, 7, 0, 0, 36.60%, 9, 0, 4, 9.89, 51393, 97, 29612, 0
7735, 23, 6, 7, 0, 0, 36.60%, 9, 0, 4, 0.31, 51422, 97, 29627, 0
7740, 23, 6, 7, 0, 0, 36.60%, 9, 0, 4, 11.03, 51438, 97, 29636, 0
7745, 23, 6, 7, 0, 0, 36.60%, 9, 0, 4, 11.64, 51499, 97, 29666, 0
7750, 23, 6, 7, 0, 0, 36.60%, 9, 0, 4, 11.85, 51559, 97, 29699, 0
7757, 23, 6, 7, 0, 0, 36.60%, 9, 0, 4, 0.35, 51575, 97, 29708, 0
7763, 23, 6, 7, 0, 0, 36.60%, 9, 0, 4, 4.06, 51581, 97, 29712, 0
7768, 23, 6, 7, 0, 0, 36.60%, 9, 0, 4, 9.55, 51639, 97, 29747, 0
7775, 24, 5, 7, 0, 0, 36.60%, 9, 0, 4, 0.66, 51690, 97, 29777, 0
7783, 24, 5, 7, 0, 0, 36.60%, 9, 0, 4, 0.46, 51737, 97, 29800, 0
7790, 24, 5, 7, 0, 0, 36.60%, 9, 0, 4, 0.73, 51774, 97, 29818, 0
7796, 24, 5, 7, 0, 0, 36.60%, 9, 0, 4, 9.45, 51807, 97, 29836, 0
7801, 24, 4, 7, 0, 0, 36.60%, 9, 0, 4, 11.56, 51851, 97, 29858, 0
7811, 24, 4, 7, 0, 0, 36.60%, 9, 0, 4, 0.51, 51904, 97, 29887, 0
7817, 24, 4, 7, 0, 0, 36.60%, 9, 0, 4, 0.32, 51926, 97, 29899, 0
7823, 24, 4, 7, 0, 0, 36.60%, 9, 0, 4, 12.16, 51977, 97, 29927, 0
7828, 24, 4, 7, 0, 0, 36.60%, 9, 0, 4, 13.20, 52020, 97, 29949, 0
7833, 24, 3, 7, 0, 0, 36.60%, 9, 0, 4, 12.69, 52065, 97, 29972, 0
7841, 24, 3, 7, 0, 0, 36.60%, 9, 0, 4, 0.16, 52084, 97, 29989, 0
7847, 24, 3, 7, 0, 0, 36.60%, 9, 0, 4, 8.63, 52130, 97, 30018, 0
7854, 24, 3, 7, 0, 0, 36.60%, 9, 0, 4, 0.24, 52160, 97, 30031, 0
7861, 24, 3, 7, 0, 0, 36.60%, 9, 0, 4, 0.23, 52200, 97, 30052, 0
7868, 24, 2, 7, 0, 0, 36.60%, 9, 0, 4, 0.43, 52255, 97, 30076, 0
7876, 24, 2, 7, 0, 0, 36.60%, 9, 0, 4, 0.47, 52300, 97, 30104, 0
7881, 24, 2, 7, 0, 0, 36.60%, 9, 0, 4, 9.86, 52358, 97, 30132, 0
7888, 24, 2, 7, 0, 0, 36.60%, 9, 0, 4, 0.34, 52403, 97, 30162, 0
7894, 24, 2, 7, 0, 0, 36.60%, 9, 0, 4, 0.20, 52416, 97, 30169, 0
7900, 24, 4, 7, 0, 0, 36.60%, 9, 0, 4, 7.43, 52454, 97, 30192, 0
7908, 24, 4, 7, 0, 0, 36.60%, 9, 0, 4, 0.80, 52499, 97, 30219, 0
7913, 24, 4, 7, 0, 0, 36.60%, 9, 0, 4, 8.46, 52516, 97, 30230, 0
7922, 24, 4, 7, 0, 0, 36.60%, 9, 0, 4, 0.80, 52574, 97, 30266, 0
7927, 24, 4, 7, 0, 0, 36.60%, 9, 0, 4, 9.51, 52628, 97, 30296, 0
7937, 24, 1, 7, 0, 0, 36.60%, 9, 0, 4, 0.45, 52667, 97, 30319, 0
7943, 24, 1, 7, 0, 0, 36.60%, 9, 0, 4, 0.25, 52693, 97, 30333, 0
7949, 24, 1, 7, 0, 0, 36.60%, 9, 0, 4, 0.48, 52711, 97, 30341, 0
7954, 24, 1, 7, 0, 0, 36.60%, 9, 0, 4, 9.85, 52756, 97, 30372, 0
7959, 24, 1, 7, 0, 0, 36.60%, 9, 0, 4, 11.13, 52812, 97, 30404, 0
7964, 24, 1, 7, 0, 0, 36.60%, 9, 0, 4, 0.20, 52818, 97, 30409, 0
7972, 24, 4, 7, 0, 0, 36.60%, 9, 0, 4, 1.02, 52872, 97, 30445, 0
7977, 24, 4, 7, 0, 0, 36.60%, 9, 0, 4, 4.59, 52881, 97, 30452, 0
7982, 24, 4, 7, 0, 0, 36.60%, 9, 0, 4, 7.52, 52924, 97, 30478, 0
7987, 24, 4, 7, 0, 0, 36.60%, 9, 0, 4, 10.42, 52980, 97, 30510, 0
7993, 24, 4, 7, 0, 0, 36.60%, 9, 0, 4, 8.62, 53007, 97, 30524, 0
7998, 24, 5, 7, 0, 0, 36.60%, 9, 0, 4, 10.24, 53064, 97, 30560, 0
8003, 24, 5, 7, 0, 0, 36.60%, 9, 0, 4, 11.09, 53122, 97, 30592, 0
8008, 24, 5, 7, 0, 0, 36.60%, 9, 0, 4, 8.62, 53150, 97, 30609, 0
8013, 24, 5, 7, 0, 0, 36.60%, 9, 0, 4, 13.37, 53177, 97, 30623, 0
8018, 24, 5, 7, 0, 0, 36.60%, 9, 0, 4, 7.19, 53199, 97, 30637, 0
8023, 24, 0, 7, 0, 0, 36.60%, 9, 0, 4, 10.44, 53258, 97, 30665, 0
8028, 24, 0, 7, 0, 0, 36.60%, 9, 0, 4, 10.32, 53309, 97, 30699, 0
8033, 24, 0, 7, 0, 0, 36.60%, 9, 0, 4, 10.73, 53365, 97, 30734, 0
8040, 24, 0, 7, 0, 0, 36.60%, 9, 0, 4, 0.34, 53410, 97, 30758, 0
8046, 24, 0, 7, 0, 0, 36.60%, 9, 0, 4, 0.19, 53423, 97, 30764, 0
8052, 24, 0, 7, 0, 0, 36.60%, 9, 0, 4, 0.54, 53433, 97, 30771, 0
8058, 25, 3, 7, 0, 0, 36.60%, 9, 0, 4, 0.24, 53450, 97, 30783, 0
8063, 25, 3, 7, 0, 0, 36.60%, 9, 0, 4, 6.54, 53477, 97, 30799, 0
8074, 25, 3, 7, 0, 0, 36.60%, 9, 0, 4, 0.30, 53499, 97, 30811, 0
8079, 25, 3, 7, 0, 0, 36.60%, 9, 0, 4, 10.76, 53556, 97, 30845, 0
8084, 25, 3, 7, 0, 0, 36.60%, 9, 0, 4, 6.92, 53581, 97, 30863, 0
8089, 25, 3, 7, 0, 0, 36.60%, 9, 0, 4, 10.19, 53638, 97, 30895, 0
8095, 25, 5, 7, 0, 0, 36.60%, 9, 0, 4, 10.72, 53693, 97, 30928, 0
8100, 25, 5, 7, 0, 0, 36.60%, 9, 0, 4, 11.01, 53751, 97, 30964, 0
8105, 25, 5, 7, 0, 0, 36.60%, 9, 0, 4, 0.35, 53753, 97, 30966, 0
8112, 25, 5, 7, 0, 0, 36.60%, 9, 0, 4, 0.69, 53790, 97, 30989, 0
8117, 25, 5, 7, 0, 0, 36.60%, 9, 0, 4, 9.61, 53825, 97, 31007, 0
8122, 25, 6, 7, 0, 0, 36.60%, 9, 0, 4, 10.55, 53881, 97, 31041, 0
8127, 25, 6, 7, 0, 0, 36.60%, 9, 0, 4, 10.23, 53923, 97, 31065, 0
8132, 25, 6, 7, 0, 0, 36.60%, 9, 0, 4, 11.28, 53978, 97, 31098, 0
8137, 25, 6, 7, 0, 0, 36.60%, 9, 0, 4, 11.86, 54039, 97, 31130, 0
8146, 25, 6, 7, 0, 0, 36.60%, 9, 0, 4, 0.23, 54082, 97, 31154, 0
8152, 25, 6, 7, 0, 0, 36.60%, 9, 0, 4, 0.54, 54092, 97, 31160, 0
8159, 25, 6, 7, 0, 0, 36.60%, 9, 0, 4, 0.30, 54134, 97, 31182, 0
8164, 25, 6, 7, 0, 0, 36.60%, 9, 0, 4, 8.22, 54182, 97, 31220, 0
8169, 25, 6, 7, 0, 0, 36.60%, 9, 0, 4, 11.44, 54219, 97, 31245, 0
8174, 25, 1, 7, 0, 0, 36.60%, 9, 0, 4, 11.16, 54275, 97, 31279, 0
8179, 25, 1, 7, 0, 0, 36.60%, 9, 0, 4, 8.13, 54299, 97, 31297, 0
8184, 25, 1, 7, 0, 0, 36.60%, 9, 0, 4, 11.26, 54341, 97, 31323, 0
8190, 25, 1, 7, 0, 0, 36.60%, 9, 0, 4, 0.25, 54358, 97, 31336, 0
8195, 25, 1, 7, 0, 0, 36.60%, 9, 0, 4, 6.54, 54389, 97, 31357, 0
8200, 25, 1, 7, 0, 0, 36.60%, 9, 0, 4, 0.54, 54406, 97, 31367, 0
8206, 25, 1, 7, 0, 0, 36.60%, 9, 0, 4, 8.61, 54418, 97, 31377, 0
8211, 25, 4, 7, 0, 0, 36.60%, 9, 0, 4, 10.82, 54476, 97, 31409, 0
8216, 25, 4, 7, 0, 0, 36.60%, 9, 0, 4, 1.35, 54519, 97, 31427, 0
8221, 25, 4, 7, 0, 0, 36.60%, 9, 0, 4, 11.83, 54579, 97, 31452, 0
8226, 25, 4, 7, 0, 0, 36.60%, 9, 0, 4, 11.65, 54636, 97, 31481, 0
8231, 25, 3, 7, 0, 0, 36.60%, 9, 0, 4, 11.91, 54694, 97, 31514, 0
8236, 25, 3, 7, 0, 0, 36.60%, 9, 0, 4, 8.79, 54716, 97, 31528, 0
8241, 25, 3, 7, 0, 0, 36.60%, 9, 0, 4, 9.91, 54758, 97, 31555, 0
8247, 25, 3, 7, 0, 0, 36.60%, 9, 0, 4, 0.91, 54787, 97, 31575, 0
8252, 25, 3, 7, 0, 0, 36.60%, 9, 0, 4, 10.70, 54846, 97, 31612, 0
8257, 25, 2, 7, 0, 0, 36.60%, 9, 0, 4, 10.54, 54896, 97, 31640, 0
8262, 25, 2, 7, 0, 0, 36.60%, 9, 0, 4, 12.93, 54928, 97, 31663, 0
8268, 25, 2, 7, 0, 0, 36.60%, 9, 0, 4, 14.15, 54964, 97, 31685, 0
8273, 25, 2, 7, 0, 0, 36.60%, 9, 0, 4, 12.00, 55022, 97, 31719, 0
8279, 25, 2, 7, 0, 0, 36.60%, 9, 0, 4, 0.26, 55040, 97, 31730, 0
8284, 25, 2, 7, 0, 0, 36.60%, 9, 0, 4, 9.26, 55061, 97, 31740, 0
8289, 25, 2, 7, 0, 0, 36.60%, 9, 0, 4, 11.48, 55121, 97, 31773, 0
8294, 25, 2, 7, 0, 0, 36.60%, 9, 0, 4, 0.29, 55141, 97, 31787, 0
8301, 25, 2, 7, 0, 0, 36.60%, 9, 0, 4, 0.89, 55151, 97, 31795, 0
8306, 25, 2, 7, 0, 0, 36.60%, 9, 0, 4, 1.68, 55188, 97, 31813, 0
8311, 25, 2, 7, 0, 0, 36.60%, 9, 0, 4, 10.72, 55246, 97, 31848, 0
8316, 25, 0, 7, 0, 0, 36.60%, 9, 0, 4, 12.21, 55309, 97, 31879, 0
8321, 25, 0, 7, 0, 0, 36.60%, 9, 0, 4, 14.05, 55354, 97, 31910, 0
8327, 25, 0, 7, 0, 0, 36.60%, 9, 0, 4, 5.25, 55378, 97, 31924, 0
8332, 25, 0, 7, 0, 0, 36.60%, 9, 0, 4, 9.07, 55432, 97, 31959, 0
8337, 26, 4, 7, 0, 0, 36.60%, 9, 0, 4, 10.99, 55481, 97, 31993, 0
8344, 26, 4, 7, 0, 0, 36.60%, 9, 0, 4, 0.17, 55497, 97, 32002, 0
8349, 26, 4, 7, 0, 0, 36.60%, 9, 0, 4, 12.98, 55519, 97, 32015, 0
8355, 26, 4, 7, 0, 0, 36.60%, 9, 0, 4, 0.61, 55558, 97, 32040, 0
8361, 26, 4, 7, 0, 0, 36.60%, 9, 0, 4, 12.75, 55596, 97, 32063, 0
8368, 26, 4, 7, 0, 0, 36.60%, 9, 0, 4, 1.57, 55644, 97, 32088, 0
8376, 26, 3, 7, 0, 0, 36.60%, 9, 0, 4, 0.54, 55679, 97, 32109, 0
8381, 26, 3, 7, 0, 0, 36.60%, 9, 0, 4, 12.98, 55736, 97, 32136, 0
8389, 26, 3, 7, 0, 0, 36.60%, 9, 0, 4, 0.45, 55782, 97, 32160, 0
8397, 26, 3, 7, 0, 0, 36.60%, 9, 0, 4, 0.29, 55810, 97, 32176, 0
8405, 26, 3, 7, 0, 0, 36.60%, 9, 0, 4, 0.22, 55847, 97, 32198, 0
8412, 26, 5, 7, 0, 0, 36.60%, 9, 0, 4, 0.79, 55878, 97, 32212, 0
8418, 26, 5, 7, 0, 0, 36.60%, 9, 0, 4, 0.40, 55892, 97, 32220, 0
8423, 26, 5, 7, 0, 0, 36.60%, 9, 0, 4, 6.43, 55916, 97, 32235, 0
8428, 26, 5, 7, 0, 0, 36.60%, 9, 0, 4, 10.40, 55977, 97, 32269, 0
8437, 26, 5, 7, 0, 0, 36.60%, 9, 0, 4, 0.17, 56016, 97, 32291, 0
8445, 26, 0, 7, 0, 0, 36.60%, 9, 0, 4, 0.29, 56065, 97, 32321, 0
8452, 26, 0, 7, 0, 0, 36.60%, 9, 0, 4, 0.30, 56101, 97, 32347, 0
8458, 26, 0, 7, 0, 0, 36.60%, 9, 0, 4, 0.67, 56116, 97, 32355, 0
8463, 26, 0, 7, 0, 0, 36.60%, 9, 0, 4, 10.67, 56173, 97, 32391, 0
8469, 26, 0, 7, 0, 0, 36.60%, 9, 0, 4, 12.03, 56236, 97, 32426, 0
8480, 26, 5, 7, 0, 0, 36.60%, 9, 0, 4, 0.32, 56262, 97, 32441, 0
8485, 26, 5, 7, 0, 0, 36.60%, 9, 0, 4, 9.07, 56315, 97, 32474, 0
8490, 26, 5, 7, 0, 0, 36.60%, 9, 0, 4, 10.75, 56371, 97, 32509, 0
8498, 26, 5, 7, 0, 0, 36.60%, 9, 0, 4, 0.80, 56395, 97, 32525, 0
8503, 26, 6, 7, 0, 0, 36.60%, 9, 0, 4, 10.04, 56455, 97, 32557, 0
8508, 26, 6, 7, 0, 0, 36.60%, 9, 0, 4, 1.32, 56488, 97, 32579, 0
8513, 26, 6, 7, 0, 0, 36.60%, 9, 0, 4, 1.00, 56518, 97, 32594, 0
8518, 26, 6, 7, 0, 0, 36.60%, 9, 0, 4, 9.22, 56557, 97, 32623, 0
8525, 26, 6, 7, 0, 0, 36.60%, 9, 0, 4, 0.37, 56602, 97, 32656, 0
8533, 26, 6, 7, 0, 0, 36.60%, 9, 0, 4, 0.54, 56628, 97, 32671, 0
8538, 26, 6, 7, 0, 0, 36.60%, 9, 0, 4, 11.63, 56692, 97, 32698, 0
8545, 26, 6, 7, 0, 0, 36.60%, 9, 0, 4, 0.34, 56707, 97, 32710, 0
8552, 26, 6, 7, 0, 0, 36.60%, 9, 0, 4, 0.83, 56750, 97, 32729, 0
8558, 26, 6, 7, 0, 0, 36.60%, 9, 0, 4, 9.69, 56791, 97, 32759, 0
8563, 26, 6, 7, 0, 0, 36.60%, 9, 0, 4, 10.33, 56844, 97, 32794, 0
8568, 26, 2, 7, 0, 0, 36.60%, 9, 0, 4, 12.11, 56891, 97, 32824, 0
8573, 26, 2, 7, 0, 0, 36.60%, 9, 0, 4, 0.69, 56927, 97, 32843, 0
8579, 26, 2, 7, 0, 0, 36.60%, 9, 0, 4, 11.60, 56974, 97, 32871, 0
8584, 26, 2, 7, 0, 0, 36.60%, 9, 0, 4, 11.29, 57032, 97, 32906, 0
8589, 26, 1, 7, 0, 0, 36.60%, 9, 0, 4, 12.79, 57074, 97, 32928, 0
8594, 26, 1, 7, 0, 0, 36.60%, 9, 0, 4, 5.80, 57104, 97, 32946, 0
8602, 26, 1, 7, 0, 0, 36.60%, 9, 0, 4, 0.54, 57138, 97, 32967, 0
8607, 26, 1, 7, 0, 0, 36.60%, 9, 0, 4, 11.98, 57200, 97, 33000, 0
8612, 26, 1, 7, 0, 0, 36.60%, 9, 0, 4, 6.83, 57222, 97, 33011, 0
8617, 26, 4, 7, 0, 0, 36.60%, 9, 0, 4, 10.83, 57269, 97, 33037, 0
8622, 26, 4, 7, 0, 0, 36.60%, 9, 0, 4, 0.66, 57279, 97, 33044, 0
8628, 26, 4, 7, 0, 0, 36.60%, 9, 0, 4, 0.83, 57309, 97, 33063, 0
8633, 26, 4, 7, 0, 0, 36.60%, 9, 0, 4, 9.85, 57362, 97, 33097, 0
8638, 26, 4, 7, 0, 0, 36.60%, 9, 0, 4, 13.18, 57404, 97, 33122, 0
8648, 27, 6, 7, 0, 0, 36.60%, 9, 0, 4, 0.37, 57450, 97, 33153, 0
8653, 27, 6, 7, 0, 0, 36.60%, 9, 0, 4, 9.99, 57508, 97, 33185, 0
8658, 27, 6, 7, 0, 0, 36.60%, 9, 0, 4, 11.69, 57568, 97, 33215, 0
8665, 27, 6, 7, 0, 0, 36.60%, 9, 0, 4, 0.32, 57620, 97, 33242, 0
8670, 27, 6, 7, 0, 0, 36.60%, 9, 0, 4, 12.84, 57648, 97, 33253, 0
8678, 27, 6, 7, 0, 0, 36.60%, 9, 0, 4, 0.58, 57691, 97, 33281, 0
8683, 27, 6, 7, 0, 0, 36.60%, 9, 0, 4, 10.41, 57748, 97, 33311, 0
8689, 27, 6, 7, 0, 0, 36.60%, 9, 0, 4, 0.64, 57781, 97, 33329, 0
8694, 27, 6, 7, 0, 0, 36.60%, 9, 0, 4, 14.10, 57805, 97, 33346, 0
8700, 27, 6, 7, 0, 0, 36.60%, 9, 0, 4, 12.35, 57846, 97, 33374, 0
8709, 27, 2, 7, 0, 0, 36.60%, 9, 0, 4, 0.50, 57874, 97, 33392, 0
8714, 27, 2, 7, 0, 0, 36.60%, 9, 0, 4, 10.23, 57928, 97, 33425, 0
8719, 27, 2, 7, 0, 0, 36.60%, 9, 0, 4, 11.13, 57984, 97, 33458, 0
8724, 27, 2, 7, 0, 0, 36.60%, 9, 0, 4, 11.22, 58038, 97, 33490, 0
8734, 27, 2, 7, 0, 0, 36.60%, 9, 0, 4, 0.19, 58093, 97, 33519, 0
8739, 27, 2, 7, 0, 0, 36.60%, 9, 0, 4, 9.25, 58142, 97, 33552, 0
8748, 27, 2, 7, 0, 0, 36.60%, 9, 0, 4, 0.39, 58186, 97, 33580, 0
8754, 27, 2, 7, 0, 0, 36.60%, 9, 0, 4, 0.92, 58232, 97, 33605, 0
8760, 27, 4, 7, 0, 0, 36.60%, 9, 0, 4, 10.27, 58275, 97, 33629, 0
8766, 27, 4, 7, 0, 0, 36.60%, 9, 0, 4, 0.38, 58294, 97, 33642, 0
8771, 27, 4, 7, 0, 0, 36.60%, 9, 0, 4, 9.04, 58345, 97, 33673, 0
8777, 27, 4, 7, 0, 0, 36.60%, 9, 0, 4, 0.19, 58351, 97, 33677, 0
8782, 27, 4, 7, 0, 0, 36.60%, 9, 0, 4, 7.55, 58359, 97, 33683, 0
8787, 27, 4, 7, 0, 0, 36.60%, 9, 0, 4, 10.98, 58421, 97, 33714, 0
8793, 27, 4, 7, 0, 0, 36.60%, 9, 0, 4, 0.69, 58428, 97, 33716, 0
8801, 27, 4, 7, 0, 0, 36.60%, 9, 0, 4, 0.93, 58475, 97, 33740, 0
8808, 27, 4, 7, 0, 0, 36.60%, 9, 0, 4, 0.56, 58508, 97, 33753, 0
8814, 27, 4, 7, 0, 0, 36.60%, 9, 0, 4, 9.09, 58558, 97, 33784, 0
8820, 27, 4, 7, 0, 0, 36.60%, 9, 0, 4, 0.28, 58584, 97, 33803, 0
8825, 27, 4, 7, 0, 0, 36.60%, 9, 0, 4, 11.48, 58640, 97, 33836, 0
8830, 27, 4, 7, 0, 0, 36.60%, 9, 0, 4, 10.71, 58693, 97, 33870, 0
8838, 27, 4, 7, 0, 0, 36.60%, 9, 0, 4, 0.66, 58737, 97, 33899, 0
8843, 27, 4, 7, 0, 0, 36.60%, 9, 0, 4, 12.70, 58789, 97, 33925, 0
8848, 27, 4, 7, 0, 0, 36.60%, 9, 0, 4, 10.26, 58812, 97, 33940, 0
8854, 27, 4, 7, 0, 0, 36.60%, 9, 0, 4, 11.54, 58874, 97, 33975, 0
8859, 27, 4, 7, 0, 0, 36.60%, 9, 0, 4, 11.04, 58926, 97, 34005, 0
8864, 27, 4, 7, 0, 0, 36.60%, 9, 0, 4, 11.56, 58986, 97, 34042, 0
8871, 27, 4, 7, 0, 0, 36.60%, 9, 0, 4, 0.32, 59006, 97, 34052, 0
8877, 27, 1, 7, 0, 0, 36.60%, 9, 0, 4, 8.87, 59058, 97, 34085, 0
8882, 27, 1, 7, 0, 0, 36.60%, 9, 0, 4, 0.86, 59088, 97, 34106, 0
8890, 27, 1, 7, 0, 0, 36.60%, 9, 0, 4, 0.55, 59150, 97, 34133, 0
8895, 27, 1, 7, 0, 0, 36.60%, 9, 0, 4, 11.49, 59209, 97, 34163, 0
8900, 27, 2, 7, 0, 0, 36.60%, 9, 0, 4, 11.82, 59269, 97, 34195, 0
8905, 27, 2, 7, 0, 0, 36.60%, 9, 0, 4, 11.96, 59331, 97, 34230, 0
8914, 27, 2, 7, 0, 0, 36.60%, 9, 0, 4, 1.79, 59371, 97, 34258, 0
8919, 27, 2, 7, 0, 0, 36.60%, 9, 0, 4, 13.20, 59424, 97, 34290, 0
8926, 27, 2, 7, 0, 0, 36.60%, 9, 0, 4, 0.20, 59445, 97, 34302, 0
8932, 28, 4, 7, 0, 0, 36.60%, 9, 0, 4, 0.48, 59450, 97, 34306, 0
8937, 28, 4, 7, 0, 0, 36.60%, 9, 0, 4, 7.66, 59464, 97, 34314, 0
8942, 28, 4, 7, 0, 0, 36.60%, 9, 0, 4, 5.67, 59484, 97, 34330, 0
8947, 28, 4, 7, 0, 0, 36.60%, 9, 0, 4, 10.74, 59512, 97, 34345, 0
8952, 28, 4, 7, 0, 0, 36.60%, 9, 0, 4, 11.14, 59569, 97, 34380, 0
8958, 28, 4, 7, 0, 0, 36.60%, 9, 0, 4, 12.07, 59630, 97, 34414, 0
8964, 28, 3, 7, 0, 0, 36.60%, 9, 0, 4, 0.63, 59665, 97, 34435, 0
8969, 28, 3, 7, 0, 0, 36.60%, 9, 0, 4, 9.70, 59723, 97, 34462, 0
8974, 28, 3, 7, 0, 0, 36.60%, 9, 0, 4, 13.45, 59745, 97, 34472, 0
8979, 28, 3, 7, 0, 0, 36.60%, 9, 0, 4, 12.51, 59805, 97, 34504, 0
8985, 28, 3, 7, 0, 0, 36.60%, 9, 0, 4, 0.35, 59838, 97, 34523, 0
8990, 28, 4, 7, 0, 0, 36.60%, 9, 0, 4, 11.60, 59864, 97, 34539, 0
8996, 28, 4, 7, 0, 0, 36.60%, 9, 0, 4, 0.27, 59875, 97, 34547, 0
9002, 28, 4, 7, 0, 0, 36.60%, 9, 0, 4, 0.37, 59907, 97, 34568, 0
9007, 28, 4, 7, 0, 0, 36.60%, 9, 0, 4, 12.26, 59967, 97, 34599, 0
9014, 28, 4, 7, 0, 0, 36.60%, 9, 0, 4, 0.22, 59994, 97, 34616, 0
9020, 28, 4, 7, 0, 0, 36.60%, 9, 0, 4, 0.18, 59998, 97, 34619, 0
9025, 28, 4, 7, 0, 0, 36.60%, 9, 0, 4, 10.40, 60053, 97, 34652, 0
9030, 28, 4, 7, 0, 0, 36.60%, 9, 0, 4, 10.97, 60094, 97, 34678, 0
9042, 28, 4, 7, 0, 0, 36.60%, 9, 0, 4, 0.40, 60132, 97, 34700, 0
9048, 28, 4, 7, 0, 0, 36.60%, 9, 0, 4, 8.01, 60179, 97, 34736, 0
9058, 28, 4, 7, 0, 0, 36.60%, 9, 0, 4, 0.67, 60222, 97, 34760, 0
9063, 28, 4, 7, 0, 0, 36.60%, 9, 0, 4, 15.17, 60243, 97, 34771, 0
9068, 28, 1, 7, 0, 0, 36.60%, 9, 0, 4, 10.79, 60276, 97, 34785, 0
9074, 28, 1, 7, 0, 0, 36.60%, 9, 0, 4, 11.27, 60333, 97, 34819, 0
9079, 28, 1, 7, 0, 0, 36.60%, 9, 0, 4, 14.00, 60374, 97, 34841, 0
9084, 28, 1, 7, 0, 0, 36.60%, 9, 0, 4, 2.55, 60384, 97, 34848, 0
9090, 28, 1, 7, 0, 0, 36.60%, 9, 0, 4, 0.37, 60428, 97, 34876, 0
9097, 28, 4, 7, 0, 0, 36.60%, 9, 0, 4, 0.45, 60456, 97, 34895, 0
9104, 28, 4, 7, 0, 0, 36.60%, 9, 0, 4, 0.36, 60494, 97, 34921, 0
9109, 28, 4, 7, 0, 0, 36.60%, 9, 0, 4, 9.50, 60544, 97, 34952, 0
9116, 28, 4, 7, 0, 0, 36.60%, 9, 0, 4, 0.51, 60572, 97, 34973, 0
9124, 28, 4, 7, 0, 0, 36.60%, 9, 0, 4, 0.27, 60621, 97, 35006, 0
9129, 28, 4, 7, 0, 0, 36.60%, 9, 0, 4, 10.28, 60675, 97, 35039, 0
9138, 28, 4, 7, 0, 0, 36.60%, 9, 0, 4, 0.17, 60717, 97, 35067, 0
9144, 28, 4, 7, 0, 0, 36.60%, 9, 0, 4, 0.86, 60741, 97, 35082, 0
9152, 28, 4, 7, 0, 0, 36.60%, 9, 0, 4, 0.56, 60783, 97, 35105, 0
9157, 28, 4, 7, 0, 0, 36.60%, 9, 0, 4, 11.61, 60842, 97, 35141, 0
9162, 28, 6, 7, 0, 0, 36.60%, 9, 0, 4, 12.78, 60891, 97, 35169, 0
9167, 28, 6, 7, 0, 0, 36.60%, 9, 0, 4, 5.25, 60941, 97, 35201, 0
9175, 28, 6, 7, 0, 0, 36.60%, 9, 0, 4, 0.71, 60976, 97, 35224, 0
9181, 28, 6, 7, 0, 0, 36.60%, 9, 0, 4, 0.53, 61005, 97, 35238, 0
9186, 28, 6, 7, 0, 0, 36.60%, 9, 0, 4, 1.18, 61037, 97, 35257, 0
9193, 28, 6, 7, 0, 0, 36.60%, 9, 0, 4, 0.60, 61051, 97, 35266, 0
9198, 28, 6, 7, 0, 0, 36.60%, 9, 0, 4, 7.40, 61094, 97, 35298, 0
9204, 28, 6, 7, 0, 0, 36.60%, 9, 0, 4, 8.84, 61118, 97, 35316, 0
9209, 28, 6, 7, 0, 0, 36.60%, 9, 0, 4, 6.69, 61135, 97, 35326, 0
9218, 28, 6, 7, 0, 0, 36.60%, 9, 0, 4, 0.46, 61181, 97, 35353, 0
9223, 28, 6, 7, 0, 0, 36.60%, 9, 0, 4, 8.63, 61195, 97, 35366, 0
9229, 28, 6, 7, 0, 0, 36.60%, 9, 0, 4, 9.86, 61216, 97, 35374, 0
9234, 28, 5, 7, 0, 0, 36.60%, 9, 0, 4, 11.45, 61276, 97, 35408, 0
9240, 28, 5, 7, 0, 0, 36.60%, 9, 0, 4, 0.67, 61307, 97, 35423, 0
9246, 28, 5, 7, 0, 0, 36.60%, 9, 0, 4, 0.61, 61360, 97, 35452, 0
9251, 28, 5, 7, 0, 0, 36.60%, 9, 0, 4, 14.17, 61381, 97, 35463, 0
9256, 28, 5, 7, 0, 0, 36.60%, 9, 0, 4, 12.00, 61434, 97, 35497, 0
9262, 29, 4, 7, 0, 0, 36.60%, 9, 0, 4, 10.71, 61481, 97, 35526, 0
9268, 29, 4, 7, 0, 0, 36.60%, 9, 0, 4, 0.84, 61493, 97, 35537, 0
9274, 29, 4, 7, 0, 0, 36.60%, 9, 0, 4, 9.12, 61518, 97, 35550, 0
9280, 29, 4, 7, 0, 0, 36.60%, 9, 0, 4, 0.52, 61529, 97, 35557, 0
9285, 29, 4, 7, 0, 0, 36.60%, 9, 0, 4, 12.23, 61558, 97, 35578, 0
9290, 29, 4, 7, 0, 0, 36.60%, 9, 0, 4, 1.68, 61610, 97, 35606, 0
9295, 29, 3, 7, 0, 0, 36.60%, 9, 0, 4, 11.16, 61660, 97, 35636, 0
9300, 29, 3, 7, 0, 0, 36.60%, 9, 0, 4, 11.03, 61715, 97, 35671, 0
9305, 29, 3, 7, 0, 0, 36.60%, 9, 0, 4, 9.80, 61750, 97, 35690, 0
9310, 29, 3, 7, 0, 0, 36.60%, 9, 0, 4, 16.12, 61799, 97, 35716, 0
9316, 29, 3, 7, 0, 0, 36.60%, 9, 0, 4, 11.02, 61814, 97, 35725, 0
9321, 29, 6, 7, 0, 0, 36.60%, 9, 0, 4, 11.32, 61873, 97, 35758, 0
9326, 29, 6, 7, 0, 0, 36.60%, 9, 0, 4, 1.68, 61883, 97, 35762, 0
9332, 29, 6, 7, 0, 0, 36.60%, 9, 0, 4, 4.67, 61887, 97, 35764, 0
9337, 29, 6, 7, 0, 0, 36.60%, 9, 0, 4, 0.83, 61905, 97, 35779, 0
9342, 29, 6, 7, 0, 0, 36.60%, 9, 0, 4, 11.27, 61962, 97, 35811, 0
9347, 29, 6, 7, 0, 0, 36.60%, 9, 0, 4, 10.35, 62016, 97, 35851, 0
9352, 29, 6, 7, 0, 0, 36.60%, 9, 0, 4, 10.78, 62072, 97, 35888, 0
9363, 29, 6, 7, 0, 0, 36.60%, 9, 0, 4, 0.43, 62089, 97, 35897, 0
9368, 29, 6, 7, 0, 0, 36.60%, 9, 0, 4, 10.54, 62145, 97, 35929, 0
9373, 29, 6, 7, 0, 0, 36.60%, 9, 0, 4, 9.40, 62177, 97, 35954, 0
9378, 29, 6, 7, 0, 0, 36.60%, 9, 0, 4, 10.33, 62202, 97, 35970, 0
9384, 29, 0, 7, 0, 0, 36.60%, 9, 0, 4, 11.78, 62263, 97, 35999, 0
9389, 29, 0, 7, 0, 0, 36.60%, 9, 0, 4, 0.34, 62292, 97, 36015, 0
9394, 29, 0, 7, 0, 0, 36.60%, 9, 0, 4, 11.02, 62350, 97, 36050, 0
9400, 29, 0, 7, 0, 0, 36.60%, 9, 0, 4, 0.79, 62359, 97, 36058, 0
9405, 29, 0, 7, 0, 0, 36.60%, 9, 0, 4, 12.90, 62387, 97, 36074, 0
9410, 29, 0, 7, 0, 0, 36.60%, 9, 0, 4, 10.79, 62423, 97, 36100, 0
9415, 29, 0, 7, 0, 0, 36.60%, 9, 0, 4, 10.02, 62454, 97, 36119, 0
9420, 29, 0, 7, 0, 0, 36.60%, 9, 0, 4, 9.48, 62496, 97, 36141, 0
9426, 29, 0, 7, 0, 0, 36.60%, 9, 0, 4, 11.40, 62555, 97, 36173, 0
9432, 29, 0, 7, 0, 0, 36.60%, 9, 0, 4, 0.22, 62581, 97, 36187, 0
9438, 29, 0, 7, 0, 0, 36.60%, 9, 0, 4, 10.82, 62632, 97, 36209, 0
9443, 29, 6, 7, 0, 0, 36.60%, 9, 0, 4, 10.23, 62680, 97, 36241, 0
9448, 29, 6, 7, 0, 0, 36.60%, 9, 0, 4, 11.09, 62738, 97, 36279, 0
9455, 29, 6, 7, 0, 0, 36.60%, 9, 0, 4, 0.67, 62771, 97, 36294, 0
9460, 29, 6, 7, 0, 0, 36.60%, 9, 0, 4, 9.79, 62781, 97, 36301, 0
9465, 29, 6, 7, 0, 0, 36.60%, 9, 0, 4, 12.45, 62842, 97, 36326, 0
9470, 29, 6, 7, 0, 0, 36.60%, 9, 0, 4, 12.18, 62901, 97, 36360, 0
9480, 29, 6, 7, 0, 0, 36.60%, 9, 0, 4, 0.44, 62958, 97, 36393, 0
9487, 29, 6, 7, 0, 0, 36.60%, 9, 0, 4, 0.37, 62986, 97, 36410, 0
9493, 29, 6, 7, 0, 0, 36.60%, 9, 0, 4, 0.28, 63019, 97, 36433, 0
9499, 29, 2, 7, 0, 0, 36.60%, 9, 0, 4, 11.60, 63077, 97, 36466, 0
9504, 29, 2, 7, 0, 0, 36.60%, 9, 0, 4, 11.68, 63137, 97, 36495, 0
9509, 29, 2, 7, 0, 0, 36.60%, 9, 0, 4, 10.97, 63192, 97, 36528, 0
9515, 29, 2, 7, 0, 0, 36.60%, 9, 0, 4, 0.40, 63220, 97, 36540, 0
9520, 29, 6, 7, 0, 0, 36.60%, 9, 0, 4, 8.88, 63256, 97, 36565, 0
9525, 29, 6, 7, 0, 0, 36.60%, 9, 0, 4, 12.92, 63287, 97, 36582, 0
9530, 29, 6, 7, 0, 0, 36.60%, 9, 0, 4, 11.03, 63341, 97, 36617, 0
9536, 29, 6, 7, 0, 0, 36.60%, 9, 0, 4, 11.66, 63402, 97, 36649, 0
9542, 29, 6, 7, 0, 0, 36.60%, 9, 0, 4, 0.20, 63416, 97, 36658, 0
9548, 29, 6, 7, 0, 0, 36.60%, 9, 0, 4, 0.48, 63438, 97, 36673, 0
9557, 29, 6, 7, 0, 0, 36.60%, 9, 0, 4, 0.42, 63449, 97, 36682, 0
9562, 29, 6, 7, 0, 0, 36.60%, 9, 0, 4, 12.65, 63502, 97, 36710, 0
9567, 29, 6, 7, 0, 0, 36.60%, 9, 0, 4, 4.31, 63530, 97, 36723, 0
9572, 29, 6, 7, 0, 0, 36.60%, 9, 0, 4, 9.59, 63589, 97, 36759, 0
9582, 29, 6, 7, 0, 0, 36.60%, 9, 0, 4, 0.13, 63616, 97, 36772, 0
9590, 29, 6, 7, 0, 0, 36.60%, 9, 0, 4, 0.50, 63642, 97, 36789, 0
9597, 29, 6, 7, 0, 0, 36.60%, 9, 0, 4, 0.24, 63670, 97, 36806, 0
9602, 29, 6, 7, 0, 0, 36.60%, 9, 0, 4, 12.71, 63700, 97, 36826, 0
9607, 29, 6, 7, 0, 0, 36.60%, 9, 0, 4, 11.18, 63753, 97, 36862, 0
9615, 29, 6, 7, 0, 0, 36.60%, 9, 0, 4, 0.24, 63788, 97, 36886, 0
9620, 29, 6, 7, 0, 0, 36.60%, 9, 0, 4, 8.84, 63810, 97, 36900, 0
9625, 29, 6, 7, 0, 0, 36.60%, 9, 0, 4, 7.91, 63824, 97, 36909, 0
9630, 29, 6, 7, 0, 0, 36.60%, 9, 0, 4, 8.70, 63864, 97, 36931, 0
9635, 29, 6, 7, 0, 0, 36.60%, 9, 0, 4, 11.26, 63919, 97, 36962, 0
9643, 29, 6, 7, 0, 0, 36.60%, 9, 0, 4, 0.37, 63948, 97, 36980, 0
9648, 29, 6, 7, 0, 0, 36.60%, 9, 0, 4, 9.49, 64003, 97, 37013, 0
9654, 29, 6, 7, 0, 0, 36.60%, 9, 0, 4, 0.21, 64010, 97, 37019, 0
9659, 30, 2, 7, 0, 0, 36.60%, 9, 0, 4, 9.92, 64051, 97, 37042, 0
9664, 30, 2, 7, 0, 0, 36.60%, 9, 0, 4, 1.20, 64093, 97, 37066, 0
9670, 30, 2, 7, 0, 0, 36.60%, 9, 0, 4, 0.47, 64115, 97, 37081, 0
9675, 30, 2, 7, 0, 0, 36.60%, 9, 0, 4, 2.04, 64154, 97, 37105, 0
9681, 30, 2, 7, 0, 0, 36.60%, 9, 0, 4, 5.74, 64195, 97, 37126, 0
9686, 30, 2, 7, 0, 0, 36.60%, 9, 0, 4, 5.10, 64215, 97, 37138, 0
9691, 30, 2, 7, 0, 0, 36.60%, 9, 0, 4, 8.66, 64248, 97, 37158, 0
9702, 30, 3, 7, 0, 0, 36.60%, 9, 0, 4, 0.20, 64255, 97, 37162, 0
9707, 30, 3, 7, 0, 0, 36.60%, 9, 0, 4, 9.73, 64308, 97, 37192, 0
9712, 30, 3, 7, 0, 0, 36.60%, 9, 0, 4, 9.60, 64352, 97, 37225, 0
9717, 30, 3, 7, 0, 0, 36.60%, 9, 0, 4, 9.38, 64387, 97, 37249, 0
9725, 30, 3, 7, 0, 0, 36.60%, 9, 0, 4, 0.18, 64411, 97, 37265, 0
9730, 30, 1, 7, 0, 0, 36.60%, 9, 0, 4, 9.73, 64459, 97, 37292, 0
9736, 30, 1, 7, 0, 0, 36.60%, 9, 0, 4, 0.55, 64468, 97, 37298, 0
9741, 30, 1, 7, 0, 0, 36.60%, 9, 0, 4, 10.60, 64482, 97, 37306, 0
9748, 30, 1, 7, 0, 0, 36.60%, 9, 0, 4, 0.97, 64529, 97, 37332, 0
9753, 30, 1, 7, 0, 0, 36.60%, 9, 0, 4, 1.12, 64531, 97, 37333, 0
9758, 30, 1, 7, 0, 0, 36.60%, 9, 0, 4, 10.59, 64583, 97, 37364, 0
9764, 30, 1, 7, 0, 0, 36.60%, 9, 0, 4, 1.85, 64628, 97, 37385, 0
9770, 30, 5, 7, 0, 0, 36.60%, 9, 0, 4, 1.02, 64660, 97, 37407, 0
9775, 30, 5, 7, 0, 0, 36.60%, 9, 0, 4, 12.60, 64722, 97, 37442, 0
9782, 30, 5, 7, 0, 0, 36.60%, 9, 0, 4, 0.56, 64767, 97, 37470, 0
9787, 30, 5, 7, 0, 0, 36.60%, 9, 0, 4, 11.57, 64828, 97, 37502, 0
9792, 30, 2, 7, 0, 0, 36.60%, 9, 0, 4, 11.41, 64886, 97, 37538, 0
9797, 30, 2, 7, 0, 0, 36.60%, 9, 0, 4, 7.41, 64913, 97, 37553, 0
9803, 30, 2, 7, 0, 0, 36.60%, 9, 0, 4, 9.45, 64962, 97, 37580, 0
9808, 30, 2, 7, 0, 0, 36.60%, 9, 0, 4, 9.97, 65014, 97, 37617, 0
9816, 30, 2, 7, 0, 0, 36.60%, 9, 0, 4, 0.69, 65044, 97, 37633, 0
9821, 30, 4, 7, 0, 0, 36.60%, 9, 0, 4, 6.07, 65064, 97, 37644, 0
9826, 30, 4, 7, 0, 0, 36.60%, 9, 0, 4, 9.46, 65117, 97, 37674, 0
9831, 30, 4, 7, 0, 0, 36.60%, 9, 0, 4, 10.70, 65175, 97, 37707, 0
9838, 30, 4, 7, 0, 0, 36.60%, 9, 0, 4, 1.59, 65233, 97, 37738, 0
9843, 30, 3, 7, 0, 0, 36.60%, 9, 0, 4, 5.75, 65258, 97, 37753, 0
9848, 30, 3, 7, 0, 0, 36.60%, 9, 0, 4, 13.16, 65316, 97, 37782, 0
9853, 30, 3, 7, 0, 0, 36.60%, 9, 0, 4, 10.20, 65359, 97, 37808, 0
9862, 30, 3, 7, 0, 0, 36.60%, 9, 0, 4, 0.25, 65395, 97, 37830, 0
9867, 30, 3, 7, 0, 0, 36.60%, 9, 0, 4, 7.91, 65439, 97, 37858, 0
9880, 30, 6, 7, 0, 0, 36.60%, 9, 0, 4, 0.10, 65474, 97, 37878, 0
9885, 30, 6, 7, 0, 0, 36.60%, 9, 0, 4, 10.27, 65529, 97, 37913, 0
9896, 30, 6, 7, 0, 0, 36.60%, 9, 0, 4, 0.18, 65579, 97, 37943, 0
9901, 30, 6, 7, 0, 0, 36.60%, 9, 0, 4, 0.80, 65599, 97, 37953, 0
9910, 30, 6, 7, 0, 0, 36.60%, 9, 0, 4, 0.18, 65639, 97, 37973, 0
9915, 30, 6, 7, 0, 0, 36.60%, 9, 0, 4, 9.59, 65695, 97, 38007, 0
9920, 30, 6, 7, 0, 0, 36.60%, 9, 0, 4, 11.47, 65759, 97, 38038, 0
9925, 30, 6, 7, 0, 0, 36.60%, 9, 0, 4, 9.47, 65772, 97, 38047, 0
9933, 30, 6, 7, 0, 0, 36.60%, 9, 0, 4, 0.63, 65821, 97, 38077, 0
9940, 30, 5, 7, 0, 0, 36.60%, 9, 0, 4, 0.77, 65858, 97, 38098, 0
9945, 30, 5, 7, 0, 0, 36.60%, 9, 0, 4, 11.33, 65918, 97, 38131, 0
9951, 30, 5, 7, 0, 0, 36.60%, 9, 0, 4, 0.27, 65945, 97, 38147, 0
9956, 30, 5, 7, 0, 0, 36.60%, 9, 0, 4, 12.35, 66005, 97, 38181, 0
9962, 30, 5, 7, 0, 0, 36.60%, 9, 0, 4, 0.48, 66020, 97, 38190, 0
9967, 31, 2, 7, 0, 0, 36.60%, 9, 0, 4, 10.88, 66072, 97, 38225, 0
9972, 31, 2, 7, 0, 0, 36.60%, 9, 0, 4, 11.24, 66129, 97, 38260, 0
9979, 31, 2, 7, 0, 0, 36.60%, 9, 0, 4, 0.65, 66159, 97, 38277, 0
9984, 31, 2, 7, 0, 0, 36.60%, 9, 0, 4, 11.15, 66201, 97, 38297, 0
9989, 31, 3, 7, 0, 0, 36.60%, 9, 0, 4, 11.82, 66260, 97, 38330, 0
9994, 31, 3, 7, 0, 0, 36.60%, 9, 0, 4, 12.68, 66323, 97, 38362, 0
10000, 31, 3, 7, 0, 0, 36.60%, 9, 0, 4, 1.19, 66381, 97, 38388, 0
10005, 31, 3, 7, 0, 0, 36.60%, 9, 0, 4, 12.00, 66441, 97, 38421, 0
10013, 31, 5, 7, 0, 0, 36.60%, 9, 0, 4, 0.67, 66490, 97, 38457, 0
10018, 31, 5, 7, 0, 0, 36.60%, 9, 0, 4, 10.75, 66545, 97, 38488, 0
10023, 31, 5, 7, 0, 0, 36.60%, 9, 0, 4, 0.66, 66558, 97, 38495, 0
10032, 31, 5, 7, 0, 0, 36.60%, 9, 0, 4, 0.44, 66590, 97, 38512, 0
10037, 31, 5, 7, 0, 0, 36.60%, 9, 0, 4, 11.27, 66647, 97, 38544, 0
10042, 31, 0, 7, 0, 0, 36.60%, 9, 0, 4, 10.19, 66693, 97, 38574, 0
10053, 31, 0, 7, 0, 0, 36.60%, 9, 0, 4, 0.17, 66712, 97, 38587, 0
10058, 31, 0, 7, 0, 0, 36.60%, 9, 0, 4, 9.28, 66735, 97, 38601, 0
10063, 31, 0, 7, 0, 0, 36.60%, 9, 0, 4, 10.94, 66791, 97, 38632, 0
10068, 31, 3, 7, 0, 0, 36.60%, 9, 0, 4, 11.47, 66850, 97, 38661, 0
10073, 31, 3, 7, 0, 0, 36.60%, 9, 0, 4, 10.60, 66878, 97, 38673, 0
10078, 31, 3, 7, 0, 0, 36.60%, 9, 0, 4, 11.77, 66940, 97, 38704, 0
10084, 31, 3, 7, 0, 0, 36.60%, 9, 0, 4, 11.28, 66997, 97, 38734, 0
10089, 31, 3, 7, 0, 0, 36.60%, 9, 0, 4, 11.33, 67045, 97, 38762, 0
10094, 31, 4, 7, 0, 0, 36.60%, 9, 0, 4, 11.92, 67082, 97, 38781, 0
10099, 31, 4, 7, 0, 0, 36.60%, 9, 0, 4, 0.43, 67120, 97, 38804, 0
10104, 31, 4, 7, 0, 0, 36.60%, 9, 0, 4, 10.51, 67177, 97, 38838, 0
10110, 31, 4, 7, 0, 0, 36.60%, 9, 0, 4, 10.95, 67231, 97, 38872, 0
10115, 31, 4, 7, 0, 0, 36.60%, 9, 0, 4, 8.48, 67247, 97, 38881, 0
10123, 31, 4, 7, 0, 0, 36.60%, 9, 0, 4, 0.36, 67253, 97, 38885, 0
10128, 31, 4, 7, 0, 0, 36.60%, 9, 0, 4, 11.75, 67308, 97, 38917, 0
10133, 31, 4, 7, 0, 0, 36.60%, 9, 0, 4, 11.35, 67364, 97, 38950, 0
10139, 31, 4, 7, 0, 0, 36.60%, 9, 0, 4, 0.47, 67380, 97, 38962, 0
10144, 31, 4, 7, 0, 0, 36.60%, 9, 0, 4, 11.69, 67418, 97, 38987, 0
10153, 31, 4, 7, 0, 0, 36.60%, 9, 0, 4, 0.55, 67444, 97, 39005, 0
10158, 31, 5, 7, 0, 0, 36.60%, 9, 0, 4, 8.54, 67496, 97, 39039, 0
10163, 31, 5, 7, 0, 0, 36.60%, 9, 0, 4, 10.12, 67549, 97, 39070, 0
10170, 31, 5, 7, 0, 0, 36.60%, 9, 0, 4, 0.54, 67565, 97, 39078, 0
10178, 31, 5, 7, 0, 0, 36.60%, 9, 0, 4, 0.25, 67590, 97, 39093, 0
10183, 31, 5, 7, 0, 0, 36.60%, 9, 0, 4, 10.08, 67647, 97, 39122, 0
10189, 31, 5, 7, 0, 0, 36.60%, 9, 0, 4, 9.83, 67687, 97, 39144, 0
10194, 31, 5, 7, 0, 0, 36.60%, 9, 0, 4, 1.62, 67739, 97, 39171, 0
10200, 31, 5, 7, 0, 0, 36.60%, 9, 0, 4, 0.30, 67766, 97, 39191, 0
10205, 31, 5, 7, 0, 0, 36.60%, 9, 0, 4, 11.50, 67827, 97, 39223, 0
10210, 32, 3, 7, 0, 0, 36.60%, 9, 0, 4, 12.42, 67890, 97, 39257, 0
10216, 32, 3, 7, 0, 0, 36.60%, 9, 0, 4, 0.48, 67905, 97, 39263, 0
10221, 32, 3, 7, 0, 0, 36.60%, 9, 0, 4, 11.80, 67964, 97, 39296, 0
10229, 32, 3, 7, 0, 0, 36.60%, 9, 0, 4, 0.50, 68004, 97, 39321, 0
10234, 32, 3, 7, 0, 0, 36.60%, 9, 0, 4, 1.25, 68029, 97, 39333, 0
10239, 32, 2, 7, 0, 0, 36.60%, 9, 0, 4, 11.77, 68091, 97, 39367, 0
10244, 32, 2, 7, 0, 0, 36.60%, 9, 0, 4, 10.69, 68145, 97, 39402, 0
10249, 32, 2, 7, 0, 0, 36.60%, 9, 0, 4, 9.90, 68196, 97, 39436, 0
10254, 32, 5, 7, 0, 0, 36.60%, 9, 0, 4, 11.51, 68254, 97, 39469, 0
10260, 32, 5, 7, 0, 0, 36.60%, 9, 0, 4, 12.88, 68317, 97, 39496, 0
10265, 32, 5, 7, 0, 0, 36.60%, 9, 0, 4, 10.20, 68357, 97, 39521, 0
10270, 32, 5, 7, 0, 0, 36.60%, 9, 0, 4, 11.35, 68384, 97, 39537, 0
10281, 32, 5, 7, 0, 0, 36.60%, 9, 0, 4, 0.10, 68406, 97, 39548, 0
10287, 32, 5, 7, 0, 0, 36.60%, 9, 0, 4, 6.31, 68427, 97, 39559, 0
10292, 32, 2, 7, 0, 0, 36.60%, 9, 0, 4, 9.17, 68479, 97, 39593, 0
10299, 32, 2, 7, 0, 0, 36.60%, 9, 0, 4, 0.17, 68502, 97, 39605, 0
10305, 32, 2, 7, 0, 0, 36.60%, 9, 0, 4, 1.11, 68541, 97, 39621, 0
10311, 32, 2, 7, 0, 0, 36.60%, 9, 0, 4, 0.54, 68570, 97, 39636, 0
10316, 32, 2, 7, 0, 0, 36.60%, 9, 0, 4, 11.01, 68631, 97, 39667, 0
10322, 32, 5, 7, 0, 0, 36.60%, 9, 0, 4, 0.45, 68659, 97, 39684, 0
10328, 32, 5, 7, 0, 0, 36.60%, 9, 0, 4, 12.70, 68697, 97, 39709, 0
10333, 32, 5, 7, 0, 0, 36.60%, 9, 0, 4, 5.16, 68708, 97, 39715, 0
10338, 32, 5, 7, 0, 0, 36.60%, 9, 0, 4, 10.69, 68772, 97, 39746, 0
10343, 32, 5, 7, 0, 0, 36.60%, 9, 0, 4, 11.35, 68831, 97, 39780, 0
10353, 32, 1, 7, 0, 0, 36.60%, 9, 0, 4, 0.18, 68875, 97, 39808, 0
10358, 32, 1, 7, 0, 0, 36.60%, 9, 0, 4, 9.31, 68915, 97, 39830, 0
10363, 32, 1, 7, 0, 0, 36.60%, 9, 0, 4, 1.19, 68956, 97, 39854, 0
10371, 32, 1, 7, 0, 0, 36.60%, 9, 0, 4, 0.94, 69003, 97, 39884, 0
10376, 32, 1, 7, 0, 0, 36.60%, 9, 0, 4, 1.04, 69025, 97, 39898, 0
10381, 32, 6, 7, 0, 0, 36.60%, 9, 0, 4, 8.94, 69056, 97, 39919, 0
10391, 32, 6, 7, 0, 0, 36.60%, 9, 0, 4, 0.22, 69108, 97, 39952, 0
10396, 32, 6, 7, 0, 0, 36.60%, 9, 0, 4, 9.82, 69162, 97, 39981, 0
10401, 32, 6, 7, 0, 0, 36.60%, 9, 0, 4, 10.17, 69214, 97, 40010, 0
10406, 32, 6, 7, 0, 0, 36.60%, 9, 0, 4, 9.25, 69265, 97, 40038, 0
10411, 32, 6, 7, 0, 0, 36.60%, 9, 0, 4, 11.31, 69327, 97, 40068, 0
10419, 32, 6, 7, 0, 0, 36.60%, 9, 0, 4, 0.35, 69342, 97, 40079, 0
10424, 32, 6, 7, 0, 0, 36.60%, 9, 0, 4, 12.55, 69387, 97, 40108, 0
10429, 32, 6, 7, 0, 0, 36.60%, 9, 0, 4, 13.18, 69405, 97, 40118, 0
10434, 32, 1, 7, 0, 0, 36.60%, 9, 0, 4, 11.96, 69462, 97, 40151, 0
10439, 32, 1, 7, 0, 0, 36.60%, 9, 0, 4, 11.09, 69515, 97, 40186, 0
10445, 32, 1, 7, 0, 0, 36.60%, 9, 0, 4, 5.23, 69539, 97, 40205, 0
10452, 32, 1, 7, 0, 0, 36.60%, 9, 0, 4, 0.40, 69579, 97, 40225, 0
10458, 32, 1, 7, 0, 0, 36.60%, 9, 0, 4, 0.64, 69607, 97, 40239, 0
10464, 32, 4, 7, 0, 0, 36.60%, 9, 0, 4, 9.32, 69661, 97, 40272, 0
10470, 32, 4, 7, 0, 0, 36.60%, 9, 0, 4, 0.35, 69702, 97, 40295, 0
10476, 32, 4, 7, 0, 0, 36.60%, 9, 0, 4, 0.17, 69706, 97, 40299, 0
10481, 32, 4, 7, 0, 0, 36.60%, 9, 0, 4, 11.72, 69733, 97, 40313, 0
10487, 32, 4, 7, 0, 0, 36.60%, 9, 0, 4, 0.66, 69767, 97, 40331, 0
10492, 32, 4, 7, 0, 0, 36.60%, 9, 0, 4, 7.39, 69800, 97, 40353, 0
10497, 33, 3, 7, 0, 0, 36.60%, 9, 0, 4, 10.86, 69861, 97, 40384, 0
10502, 33, 3, 7, 0, 0, 36.60%, 10, 0, 4, 0.78, 69879, 97, 40398, 0
10508, 33, 3, 7, 0, 0, 36.60%, 10, 0, 4, 9.68, 69908, 97, 40419, 0
10513, 33, 3, 7, 0, 0, 36.60%, 10, 0, 4, 14.35, 69958, 97, 40441, 0
10518, 33, 3, 7, 0, 0, 36.60%, 10, 0, 4, 10.07, 69978, 97, 40452, 0
10524, 33, 3, 7, 0, 0, 36.60%, 10, 0, 4, 0.29, 70011, 97, 40472, 0
10529, 33, 1, 7, 0, 0, 36.60%, 10, 0, 4, 5.26, 70053, 97, 40499, 0
10535, 33, 1, 7, 0, 0, 36.60%, 10, 0, 4, 10.01, 70113, 97, 40533, 0
10540, 33, 1, 7, 0, 0, 36.60%, 10, 0, 4, 4.76, 70134, 97, 40546, 0
10548, 33, 1, 7, 0, 0, 36.60%, 10, 0, 4, 0.28, 70187, 97, 40580, 0
10553, 33, 1, 7, 0, 0, 36.60%, 10, 0, 4, 8.69, 70236, 97, 40608, 0
10559, 33, 4, 7, 0, 0, 36.60%, 10, 0, 4, 1.93, 70274, 97, 40633, 0
10564, 33, 4, 7, 0, 0, 36.60%, 10, 0, 4, 15.34, 70326, 97, 40664, 0
10572, 33, 4, 7, 0, 0, 36.60%, 10, 0, 4, 0.27, 70362, 97, 40687, 0
10578, 33, 4, 7, 0, 0, 36.60%, 10, 0, 4, 8.95, 70393, 97, 40709, 0
10583, 33, 4, 7, 0, 0, 36.60%, 10, 0, 4, 4.45, 70408, 97, 40718, 0
10588, 33, 2, 7, 0, 0, 36.60%, 10, 0, 4, 9.24, 70466, 97, 40753, 0
10596, 33, 2, 7, 0, 0, 36.60%, 10, 0, 4, 0.37, 70492, 97, 40769, 0
10601, 33, 2, 7, 0, 0, 36.60%, 10, 0, 4, 9.53, 70547, 97, 40798, 0
10609, 33, 2, 7, 0, 0, 36.60%, 10, 0, 4, 0.17, 70580, 97, 40818, 0
10617, 33, 2, 7, 0, 0, 36.60%, 10, 0, 4, 0.46, 70625, 97, 40844, 0
10623, 33, 0, 7, 0, 0, 36.60%, 10, 0, 4, 10.64, 70685, 97, 40880, 0
10628, 33, 0, 7, 0, 0, 36.60%, 10, 0, 4, 10.23, 70728, 97, 40905, 0
10633, 33, 0, 7, 0, 0, 36.60%, 10, 0, 4, 0.36, 70759, 97, 40924, 0
10638, 33, 0, 7, 0, 0, 36.60%, 10, 0, 4, 8.74, 70769, 97, 40933, 0
10643, 33, 0, 7, 0, 0, 36.60%, 10, 0, 4, 10.90, 70828, 97, 40966, 0
10652, 33, 5, 7, 0, 0, 36.60%, 10, 0, 4, 0.26, 70885, 97, 40998, 0
10657, 33, 5, 7, 0, 0, 36.60%, 10, 0, 4, 1.13, 70938, 97, 41016, 0
10663, 33, 5, 7, 0, 0, 36.60%, 10, 0, 4, 13.88, 70981, 97, 41037, 0
10668, 33, 5, 7, 0, 0, 36.60%, 10, 0, 4, 7.92, 71017, 97, 41055, 0
10673, 33, 4, 7, 0, 0, 36.60%, 10, 0, 4, 0.77, 71054, 97, 41075, 0
10679, 33, 4, 7, 0, 0, 36.60%, 10, 0, 4, 11.43, 71102, 97, 41101, 0
10684, 33, 4, 7, 0, 0, 36.60%, 10, 0, 4, 11.20, 71159, 97, 41136, 0
10689, 33, 4, 7, 0, 0, 36.60%, 10, 0, 4, 10.32, 71196, 97, 41161, 0
10694, 33, 4, 7, 0, 0, 36.60%, 10, 0, 4, 11.68, 71257, 97, 41191, 0
10699, 33, 4, 7, 0, 0, 36.60%, 10, 0, 4, 12.70, 71308, 97, 41223, 0
10704, 33, 4, 7, 0, 0, 36.60%, 10, 0, 4, 17.04, 71343, 97, 41242, 0
10711, 33, 4, 7, 0, 0, 36.60%, 10, 0, 4, 1.62, 71382, 97, 41266, 0
10718, 33, 4, 7, 0, 0, 36.60%, 10, 0, 4, 0.63, 71411, 97, 41279, 0
10724, 33, 4, 7, 0, 0, 36.60%, 10, 0, 4, 0.26, 71442, 97, 41294, 0
10732, 33, 5, 7, 0, 0, 36.60%, 10, 0, 4, 0.51, 71463, 97, 41307, 0
10737, 33, 5, 7, 0, 0, 36.60%, 10, 0, 4, 9.33, 71515, 97, 41340, 0
10742, 33, 5, 7, 0, 0, 36.60%, 10, 0, 4, 11.12, 71529, 97, 41347, 0
10747, 33, 5, 7, 0, 0, 36.60%, 10, 0, 4, 11.33, 71585, 97, 41382, 0
10752, 33, 5, 7, 0, 0, 36.60%, 10, 0, 4, 9.03, 71613, 97, 41400, 0
10757, 33, 5, 7, 0, 0, 36.60%, 10, 0, 4, 8.74, 71638, 97, 41416, 0
10763, 34, 6, 7, 0, 0, 36.60%, 10, 0, 4, 15.03, 71680, 97, 41439, 0
10768, 34, 6, 7, 0, 0, 36.60%, 10, 0, 4, 11.57, 71731, 97, 41469, 0
10776, 34, 6, 7, 0, 0, 36.60%, 10, 0, 4, 0.71, 71753, 97, 41479, 0
10781, 34, 6, 7, 0, 0, 36.60%, 10, 0, 4, 7.52, 71774, 97, 41492, 0
10786, 34, 6, 7, 0, 0, 36.60%, 10, 0, 4, 12.15, 71799, 97, 41507, 0
10792, 34, 6, 7, 0, 0, 36.60%, 10, 0, 4, 0.28, 71827, 97, 41526, 0
10798, 34, 6, 7, 0, 0, 36.60%, 10, 0, 4, 9.15, 71880, 97, 41562, 0
10806, 34, 6, 7, 0, 0, 36.60%, 10, 0, 4, 0.57, 71935, 97, 41597, 0
10811, 34, 6, 7, 0, 0, 36.60%, 10, 0, 4, 9.22, 71988, 97, 41630, 0
10818, 34, 6, 7, 0, 0, 36.60%, 10, 0, 4, 0.24, 72016, 97, 41645, 0
10823, 34, 1, 7, 0, 0, 36.60%, 10, 0, 4, 9.45, 72070, 97, 41675, 0
10828, 34, 1, 7, 0, 0, 36.60%, 10, 0, 4, 8.93, 72091, 97, 41688, 0
10833, 34, 1, 7, 0, 0, 36.60%, 10, 0, 4, 11.89, 72155, 97, 41720, 0
10841, 34, 1, 7, 0, 0, 36.60%, 10, 0, 4, 0.56, 72205, 97, 41744, 0
10847, 34, 1, 7, 0, 0, 36.60%, 10, 0, 4, 6.48, 72225, 97, 41758, 0
10853, 34, 1, 7, 0, 0, 36.60%, 10, 0, 4, 0.20, 72237, 97, 41766, 0
10860, 34, 3, 7, 0, 0, 36.60%, 10, 0, 4, 1.00, 72290, 97, 41794, 0
10866, 34, 3, 7, 0, 0, 36.60%, 10, 0, 4, 9.48, 72343, 97, 41826, 0
10871, 34, 3, 7, 0, 0, 36.60%, 10, 0, 4, 4.29, 72356, 97, 41834, 0
10876, 34, 3, 7, 0, 0, 36.60%, 10, 0, 4, 9.32, 72410, 97, 41868, 0
10881, 34, 3, 7, 0, 0, 36.60%, 10, 0, 4, 9.69, 72433, 97, 41878, 0
10886, 34, 6, 7, 0, 0, 36.60%, 10, 0, 4, 10.92, 72493, 97, 41912, 0
10892, 34, 6, 7, 0, 0, 36.60%, 10, 0, 4, 4.69, 72513, 97, 41921, 0
10899, 34, 6, 7, 0, 0, 36.60%, 10, 0, 4, 0.40, 72537, 97, 41937, 0
10905, 34, 6, 7, 0, 0, 36.60%, 10, 0, 4, 0.64, 72564, 97, 41950, 0
10910, 34, 6, 7, 0, 0, 36.60%, 10, 0, 4, 14.71, 72583, 97, 41961, 0
10915, 34, 6, 7, 0, 0, 36.60%, 10, 0, 4, 17.24, 72611, 97, 41976, 0
10921, 34, 6, 7, 0, 0, 36.60%, 10, 0, 4, 0.18, 72615, 97, 41979, 0
10926, 34, 6, 7, 0, 0, 36.60%, 10, 0, 4, 10.67, 72671, 97, 42004, 0
10931, 34, 6, 7, 0, 0, 36.60%, 10, 0, 4, 11.62, 72731, 97, 42038, 0
10938, 34, 6, 7, 0, 0, 36.60%, 10, 0, 4, 1.14, 72786, 97, 42072, 0
10943, 34, 6, 7, 0, 0, 36.60%, 10, 0, 4, 10.45, 72837, 97, 42101, 0
10948, 34, 3, 7, 0, 0, 36.60%, 10, 0, 4, 11.65, 72897, 97, 42131, 0
10953, 34, 3, 7, 0, 0, 36.60%, 10, 0, 4, 4.93, 72904, 97, 42135, 0
10958, 34, 3, 7, 0, 0, 36.60%, 10, 0, 4, 9.14, 72957, 97, 42161, 0
10964, 34, 3, 7, 0, 0, 36.60%, 10, 0, 4, 4.73, 72966, 97, 42169, 0
10969, 34, 3, 7, 0, 0, 36.60%, 10, 0, 4, 7.99, 73010, 97, 42198, 0
10974, 34, 3, 7, 0, 0, 36.60%, 10, 0, 4, 13.28, 73049, 97, 42222, 0
10979, 34, 0, 7, 0, 0, 36.60%, 10, 0, 4, 10.81, 73092, 97, 42252, 0
10984, 34, 0, 7, 0, 0, 36.60%, 10, 0, 4, 11.88, 73127, 97, 42271, 0
10989, 34, 0, 7, 0, 0, 36.60%, 10, 0, 4, 12.41, 73191, 97, 42304, 0
10994, 34, 0, 7, 0, 0, 36.60%, 10, 0, 4, 11.12, 73245, 97, 42342, 0
11002, 34, 2, 7, 0, 0, 36.60%, 10, 0, 4, 0.36, 73284, 97, 42365, 0
11007, 34, 2, 7, 0, 0, 36.60%, 10, 0, 4, 0.60, 73323, 97, 42393, 0
11012, 34, 2, 7, 0, 0, 36.60%, 10, 0, 4, 11.92, 73383, 97, 42428, 0
11019, 34, 2, 7, 0, 0, 36.60%, 10, 0, 4, 0.70, 73388, 97, 42430, 0
11024, 34, 2, 7, 0, 0, 36.60%, 10, 0, 4, 12.97, 73448, 97, 42467, 0
11029, 34, 0, 7, 0, 0, 36.60%, 10, 0, 4, 11.68, 73504, 97, 42500, 0
11034, 34, 0, 7, 0, 0, 36.60%, 10, 0, 4, 11.15, 73544, 97, 42524, 0
11042, 34, 0, 7, 0, 0, 36.60%, 10, 0, 4, 0.79, 73598, 97, 42553, 0
11048, 34, 0, 7, 0, 0, 36.60%, 10, 0, 4, 0.92, 73625, 97, 42567, 0
11054, 34, 0, 7, 0, 0, 36.60%, 10, 0, 4, 0.63, 73641, 97, 42578, 0
11059, 34, 2, 7, 0, 0, 36.60%, 10, 0, 4, 9.00, 73694, 97, 42613, 0
11065, 34, 2, 7, 0, 0, 36.60%, 10, 0, 4, 1.20, 73717, 97, 42631, 0
11070, 34, 2, 7, 0, 0, 36.60%, 10, 0, 4, 9.82, 73764, 97, 42661, 0
11077, 34, 2, 7, 0, 0, 36.60%, 10, 0, 4, 0.57, 73789, 97, 42672, 0
11082, 34, 2, 7, 0, 0, 36.60%, 10, 0, 4, 9.59, 73846, 97, 42703, 0
11087, 35, 2, 7, 0, 0, 36.60%, 10, 0, 4, 9.77, 73884, 97, 42724, 0
11092, 35, 2, 7, 0, 0, 36.60%, 10, 0, 4, 9.43, 73931, 97, 42752, 0
11098, 35, 2, 7, 0, 0, 36.60%, 10, 0, 4, 1.31, 73968, 97, 42769, 0
11104, 35, 2, 7, 0, 0, 36.60%, 10, 0, 4, 0.16, 73974, 97, 42774, 0
11109, 35, 2, 7, 0, 0, 36.60%, 10, 0, 4, 10.77, 74022, 97, 42801, 0
11115, 35, 2, 7, 0, 0, 36.60%, 10, 0, 4, 10.69, 74076, 97, 42835, 0
11120, 35, 2, 7, 0, 0, 36.60%, 10, 0, 4, 6.03, 74097, 97, 42847, 0
11126, 35, 2, 7, 0, 0, 36.60%, 10, 0, 4, 0.25, 74126, 97, 42867, 0
11131, 35, 2, 7, 0, 0, 36.60%, 10, 0, 4, 11.86, 74149, 97, 42884, 0
11140, 35, 2, 7, 0, 0, 36.60%, 10, 0, 4, 0.46, 74175, 97, 42901, 0
11145, 35, 2, 7, 0, 0, 36.60%, 10, 0, 4, 10.70, 74229, 97, 42932, 0
11150, 35, 5, 7, 0, 0, 36.60%, 10, 0, 4, 12.32, 74256, 97, 42948, 0
11155, 35, 5, 7, 0, 0, 36.60%, 10, 0, 4, 11.84, 74316, 97, 42983, 0
11160, 35, 5, 7, 0, 0, 36.60%, 10, 0, 4, 11.66, 74374, 97, 43020, 0
11165, 35, 5, 7, 0, 0, 36.60%, 10, 0, 4, 10.92, 74415, 97, 43043, 0
11170, 35, 6, 7, 0, 0, 36.60%, 10, 0, 4, 11.66, 74475, 97, 43076, 0
11179, 35, 6, 7, 0, 0, 36.60%, 10, 0, 4, 1.03, 74532, 97, 43110, 0
11185, 35, 6, 7, 0, 0, 36.60%, 10, 0, 4, 0.74, 74576, 97, 43129, 0
11190, 35, 6, 7, 0, 0, 36.60%, 10, 0, 4, 11.15, 74634, 97, 43163, 0
11195, 35, 6, 7, 0, 0, 36.60%, 10, 0, 4, 0.94, 74661, 97, 43183, 0
11201, 35, 6, 7, 0, 0, 36.60%, 10, 0, 4, 11.17, 74722, 97, 43217, 0
11206, 35, 6, 7, 0, 0, 36.60%, 10, 0, 4, 4.57, 74742, 97, 43231, 0
11213, 35, 6, 7, 0, 0, 36.60%, 10, 0, 4, 0.77, 74779, 97, 43252, 0
11218, 35, 6, 7, 0, 0, 36.60%, 10, 0, 4, 9.90, 74830, 97, 43291, 0
11223, 35, 6, 7, 0, 0, 36.60%, 10, 0, 4, 11.37, 74890, 97, 43322, 0
11228, 35, 6, 7, 0, 0, 36.60%, 10, 0, 4, 11.40, 74949, 97, 43355, 0
11233, 35, 6, 7, 0, 0, 36.60%, 10, 0, 4, 9.93, 74966, 97, 43367, 0
11240, 35, 6, 7, 0, 0, 36.60%, 10, 0, 4, 0.43, 74985, 97, 43378, 0
11245, 35, 6, 7, 0, 0, 36.60%, 10, 0, 4, 9.30, 75022, 97, 43401, 0
11250, 35, 6, 7, 0, 0, 36.60%, 10, 0, 4, 10.66, 75053, 97, 43415, 0
11255, 35, 6, 7, 0, 0, 36.60%, 10, 0, 4, 10.87, 75107, 97, 43444, 0
11260, 35, 6, 7, 0, 0, 36.60%, 10, 0, 4, 11.63, 75166, 97, 43476, 0
11266, 35, 6, 7, 0, 0, 36.60%, 10, 0, 4, 13.34, 75195, 97, 43491, 0
11274, 35, 6, 7, 0, 0, 36.60%, 10, 0, 4, 0.13, 75199, 97, 43494, 0
11279, 35, 6, 7, 0, 0, 36.60%, 10, 0, 4, 12.89, 75237, 97, 43515, 0
11286, 35, 6, 7, 0, 0, 36.60%, 10, 0, 4, 0.68, 75254, 97, 43524, 0
11291, 35, 6, 7, 0, 0, 36.60%, 10, 0, 4, 11.51, 75308, 97, 43554, 0
11297, 35, 6, 7, 0, 0, 36.60%, 10, 0, 4, 0.37, 75317, 97, 43560, 0
11306, 35, 6, 7, 0, 0, 36.60%, 10, 0, 4, 0.22, 75330, 97, 43571, 0
11311, 35, 6, 7, 0, 0, 36.60%, 10, 0, 4, 4.26, 75344, 97, 43579, 0
11319, 35, 6, 7, 0, 0, 36.60%, 10, 0, 4, 0.14, 75345, 97, 43580, 0
11325, 35, 6, 7, 0, 0, 36.60%, 10, 0, 4, 6.45, 75380, 97, 43602, 0
11330, 35, 6, 7, 0, 0, 36.60%, 10, 0, 4, 0.71, 75415, 97, 43622, 0
11341, 35, 6, 7, 0, 0, 36.60%, 10, 0, 4, 0.18, 75470, 97, 43654, 0
11346, 35, 6, 7, 0, 0, 36.60%, 10, 0, 4, 0.46, 75480, 97, 43660, 0
11351, 35, 6, 7, 0, 0, 36.60%, 10, 0, 4, 4.77, 75488, 97, 43666, 0
11356, 35, 6, 7, 0, 0, 36.60%, 10, 0, 4, 9.70, 75544, 97, 43698, 0
11361, 35, 6, 7, 0, 0, 36.60%, 10, 0, 4, 9.67, 75592, 97, 43737, 0
11366, 35, 6, 7, 0, 0, 36.60%, 10, 0, 4, 10.81, 75648, 97, 43772, 0
11372, 35, 2, 7, 0, 0, 36.60%, 10, 0, 4, 11.60, 75710, 97, 43802, 0
11378, 35, 2, 7, 0, 0, 36.60%, 10, 0, 4, 0.59, 75740, 97, 43822, 0
11384, 35, 2, 7, 0, 0, 36.60%, 10, 0, 4, 1.18, 75755, 97, 43831, 0
11389, 35, 2, 7, 0, 0, 36.60%, 10, 0, 4, 12.22, 75814, 97, 43862, 0
11394, 35, 2, 7, 0, 0, 36.60%, 10, 0, 4, 9.57, 75824, 97, 43870, 0
11402, 35, 0, 7, 0, 0, 36.60%, 10, 0, 4, 0.61, 75878, 97, 43907, 0
11407, 35, 0, 7, 0, 0, 36.60%, 10, 0, 4, 8.45, 75923, 97, 43930, 0
11412, 35, 0, 7, 0, 0, 36.60%, 10, 0, 4, 0.49, 75943, 97, 43940, 0
11418, 35, 0, 7, 0, 0, 36.60%, 10, 0, 4, 12.17, 76000, 97, 43974, 0
11425, 35, 0, 7, 0, 0, 36.60%, 10, 0, 4, 0.19, 76021, 97, 43984, 0
11430, 35, 0, 7, 0, 0, 36.60%, 10, 0, 4, 14.61, 76043, 97, 43998, 0
11435, 35, 2, 7, 0, 0, 36.60%, 10, 0, 4, 0.82, 76063, 97, 44010, 0
11440, 35, 2, 7, 0, 0, 36.60%, 10, 0, 4, 11.36, 76093, 97, 44032, 0
11445, 35, 2, 7, 0, 0, 36.60%, 10, 0, 4, 13.70, 76110, 97, 44045, 0
11450, 35, 2, 7, 0, 0, 36.60%, 10, 0, 4, 13.77, 76137, 97, 44059, 0
11457, 35, 2, 7, 0, 0, 36.60%, 10, 0, 4, 0.30, 76169, 97, 44080, 0
11464, 35, 2, 7, 0, 0, 36.60%, 10, 0, 4, 0.55, 76218, 97, 44109, 0
11469, 36, 2, 7, 0, 0, 36.60%, 10, 0, 4, 11.94, 76277, 97, 44137, 0
11474, 36, 2, 7, 0, 0, 36.60%, 10, 0, 4, 10.98, 76331, 97, 44175, 0
11482, 36, 2, 7, 0, 0, 36.60%, 10, 0, 4, 0.18, 76357, 97, 44194, 0
11487, 36, 2, 7, 0, 0, 36.60%, 10, 0, 4, 11.76, 76418, 97, 44230, 0
11493, 36, 1, 7, 0, 0, 36.60%, 10, 0, 4, 11.89, 76482, 97, 44263, 0
11498, 36, 1, 7, 0, 0, 36.60%, 10, 0, 4, 4.73, 76501, 97, 44273, 0
11505, 36, 1, 7, 0, 0, 36.60%, 10, 0, 4, 0.35, 76518, 97, 44281, 0
11510, 36, 1, 7, 0, 0, 36.60%, 10, 0, 4, 10.20, 76535, 97, 44290, 0
11515, 36, 1, 7, 0, 0, 36.60%, 10, 0, 4, 10.30, 76589, 97, 44327, 0
11520, 36, 1, 7, 0, 0, 36.60%, 10, 0, 4, 9.82, 76631, 97, 44350, 0
11535, 36, 3, 7, 0, 0, 36.60%, 10, 0, 4, 0.08, 76652, 97, 44365, 0
11540, 36, 3, 7, 0, 0, 36.60%, 10, 0, 4, 9.93, 76703, 97, 44392, 0
11545, 36, 3, 7, 0, 0, 36.60%, 10, 0, 4, 10.52, 76758, 97, 44427, 0
11550, 36, 3, 7, 0, 0, 36.60%, 10, 0, 4, 0.23, 76767, 97, 44433, 0
11556, 36, 3, 7, 0, 0, 36.60%, 10, 0, 4, 11.72, 76819, 97, 44461, 0
11561, 36, 3, 7, 0, 0, 36.60%, 10, 0, 4, 0.67, 76836, 97, 44469, 0
11569, 36, 3, 7, 0, 0, 36.60%, 10, 0, 4, 0.56, 76860, 97, 44484, 0
11574, 36, 3, 7, 0, 0, 36.60%, 10, 0, 4, 7.61, 76881, 97, 44498, 0
11579, 36, 3, 7, 0, 0, 36.60%, 10, 0, 4, 10.43, 76936, 97, 44523, 0
11584, 36, 3, 7, 0, 0, 36.60%, 10, 0, 4, 10.11, 76986, 97, 44559, 0
11591, 36, 3, 7, 0, 0, 36.60%, 10, 0, 4, 0.60, 77015, 97, 44577, 0
11597, 36, 4, 7, 0, 0, 36.60%, 10, 0, 4, 1.80, 77065, 97, 44603, 0
11603, 36, 4, 7, 0, 0, 36.60%, 10, 0, 4, 11.49, 77122, 97, 44638, 0
11611, 36, 4, 7, 0, 0, 36.60%, 10, 0, 4, 0.35, 77163, 97, 44656, 0
11617, 36, 4, 7, 0, 0, 36.60%, 10, 0, 4, 11.41, 77222, 97, 44686, 0
11624, 36, 5, 7, 0, 0, 36.60%, 10, 0, 4, 0.60, 77278, 97, 44713, 0
11630, 36, 5, 7, 0, 0, 36.60%, 10, 0, 4, 12.25, 77320, 97, 44737, 0
11635, 36, 5, 7, 0, 0, 36.60%, 10, 0, 4, 10.52, 77343, 97, 44755, 0
11640, 36, 5, 7, 0, 0, 36.60%, 10, 0, 4, 11.24, 77401, 97, 44787, 0
11646, 36, 5, 7, 0, 0, 36.60%, 10, 0, 4, 1.14, 77447, 97, 44819, 0
11651, 36, 5, 7, 0, 0, 36.60%, 10, 0, 4, 11.05, 77501, 97, 44848, 0
11656, 36, 5, 7, 0, 0, 36.60%, 10, 0, 4, 12.40, 77537, 97, 44870, 0
11662, 36, 5, 7, 0, 0, 36.60%, 10, 0, 4, 1.17, 77589, 97, 44900, 0
11667, 36, 5, 7, 0, 0, 36.60%, 10, 0, 4, 13.20, 77637, 97, 44930, 0
11672, 36, 3, 7, 0, 0, 36.60%, 10, 0, 4, 12.98, 77697, 97, 44955, 0
11679, 36, 3, 7, 0, 0, 36.60%, 10, 0, 4, 0.80, 77727, 97, 44976, 0
11685, 36, 3, 7, 0, 0, 36.60%, 10, 0, 4, 0.23, 77744, 97, 44986, 0
11690, 36, 3, 7, 0, 0, 36.60%, 10, 0, 4, 11.42, 77768, 97, 45001, 0
11695, 36, 3, 7, 0, 0, 36.60%, 10, 0, 4, 11.92, 77828, 97, 45031, 0
11701, 36, 3, 7, 0, 0, 36.60%, 10, 0, 4, 0.46, 77845, 97, 45040, 0
11709, 36, 2, 7, 0, 0, 36.60%, 10, 0, 4, 0.38, 77869, 97, 45055, 0
11716, 36, 2, 7, 0, 0, 36.60%, 10, 0, 4, 0.17, 77891, 97, 45068, 0
11722, 36, 2, 7, 0, 0, 36.60%, 10, 0, 4, 10.01, 77938, 97, 45092, 0
11727, 36, 2, 7, 0, 0, 36.60%, 10, 0, 4, 11.04, 77996, 97, 45125, 0
11733, 36, 2, 7, 0, 0, 36.60%, 10, 0, 4, 0.24, 78019, 97, 45134, 0
11740, 37, 0, 7, 0, 0, 36.60%, 10, 0, 4, 0.36, 78054, 97, 45154, 0
11749, 37, 0, 7, 0, 0, 36.60%, 10, 0, 4, 0.34, 78086, 97, 45170, 0
11754, 37, 0, 7, 0, 0, 36.60%, 10, 0, 4, 10.99, 78142, 97, 45198, 0
11759, 37, 0, 7, 0, 0, 36.60%, 10, 0, 4, 11.16, 78199, 97, 45233, 0
11764, 37, 0, 7, 0, 0, 36.60%, 10, 0, 4, 10.69, 78247, 97, 45260, 0
11774, 37, 0, 7, 0, 0, 36.60%, 10, 0, 4, 0.35, 78301, 97, 45286, 0
11779, 37, 0, 7, 0, 0, 36.60%, 10, 0, 4, 4.67, 78315, 97, 45294, 0
11784, 37, 0, 7, 0, 0, 36.60%, 10, 0, 4, 14.74, 78356, 97, 45311, 0
11789, 37, 0, 7, 0, 0, 36.60%, 10, 0, 4, 1.90, 78383, 97, 45333, 0
11794, 37, 0, 7, 0, 0, 36.60%, 10, 0, 4, 0.52, 78398, 97, 45344, 0
11801, 37, 0, 7, 0, 0, 36.60%, 10, 0, 4, 0.85, 78427, 97, 45362, 0
11806, 37, 6, 7, 0, 0, 36.60%, 10, 0, 4, 12.96, 78480, 97, 45388, 0
11811, 37, 6, 7, 0, 0, 36.60%, 10, 0, 4, 10.29, 78524, 97, 45410, 0
11818, 37, 6, 7, 0, 0, 36.60%, 10, 0, 4, 0.28, 78567, 97, 45436, 0
11823, 37, 6, 7, 0, 0, 36.60%, 10, 0, 4, 9.88, 78620, 97, 45465, 0
11829, 37, 6, 7, 0, 0, 36.60%, 10, 0, 4, 11.68, 78654, 97, 45487, 0
11834, 37, 6, 7, 0, 0, 36.60%, 10, 0, 4, 11.74, 78715, 97, 45518, 0
11839, 37, 6, 7, 0, 0, 36.60%, 10, 0, 4, 10.74, 78768, 97, 45553, 0
11844, 37, 6, 7, 0, 0, 36.60%, 10, 0, 4, 11.07, 78825, 97, 45586, 0
11851, 37, 6, 7, 0, 0, 36.60%, 10, 0, 4, 0.35, 78840, 97, 45595, 0
11856, 37, 5, 7, 0, 0, 36.60%, 10, 0, 4, 9.63, 78893, 97, 45628, 0
11861, 37, 5, 7, 0, 0, 36.60%, 10, 0, 4, 11.09, 78951, 97, 45660, 0
11867, 37, 5, 7, 0, 0, 36.60%, 10, 0, 4, 0.26, 78975, 97, 45673, 0
11875, 37, 5, 7, 0, 0, 36.60%, 10, 0, 4, 0.75, 79025, 97, 45700, 0
11881, 37, 2, 7, 0, 0, 36.60%, 10, 0, 4, 8.47, 79075, 97, 45729, 0
11886, 37, 2, 7, 0, 0, 36.60%, 10, 0, 4, 0.43, 79089, 97, 45736, 0
11892, 37, 2, 7, 0, 0, 36.60%, 10, 0, 4, 0.57, 79124, 97, 45752, 0
11899, 37, 2, 7, 0, 0, 36.60%, 10, 0, 4, 0.45, 79179, 97, 45781, 0
11904, 37, 2, 7, 0, 0, 36.60%, 10, 0, 4, 12.80, 79247, 97, 45812, 0
11909, 37, 4, 7, 0, 0, 36.60%, 10, 0, 4, 11.60, 79304, 97, 45846, 0
11917, 37, 4, 7, 0, 0, 36.60%, 10, 0, 4, 0.67, 79344, 97, 45873, 0
11922, 37, 4, 7, 0, 0, 36.60%, 10, 0, 4, 4.88, 79369, 97, 45887, 0
11927, 37, 4, 7, 0, 0, 36.60%, 10, 0, 4, 13.60, 79399, 97, 45902, 0
11933, 37, 4, 7, 0, 0, 36.60%, 10, 0, 4, 15.62, 79443, 97, 45922, 0
11938, 37, 3, 7, 0, 0, 36.60%, 10, 0, 4, 12.84, 79503, 97, 45954, 0
11943, 37, 3, 7, 0, 0, 36.60%, 10, 0, 4, 11.77, 79554, 97, 45982, 0
11952, 37, 3, 7, 0, 0, 36.60%, 10, 0, 4, 0.22, 79573, 97, 45988, 0
11963, 37, 3, 7, 0, 0, 36.60%, 10, 0, 4, 0.19, 79620, 97, 46020, 0
11968, 37, 3, 7, 0, 0, 36.60%, 10, 0, 4, 5.88, 79635, 97, 46028, 0
11973, 37, 1, 7, 0, 0, 36.60%, 10, 0, 4, 8.93, 79684, 97, 46057, 0
11980, 37, 1, 7, 0, 0, 36.60%, 10, 0, 4, 0.44, 79694, 97, 46065, 0
11987, 37, 1, 7, 0, 0, 36.60%, 10, 0, 4, 0.33, 79712, 97, 46078, 0
11993, 37, 1, 7, 0, 0, 36.60%, 10, 0, 4, 0.32, 79713, 97, 46079, 0
11998, 37, 1, 7, 0, 0, 36.60%, 10, 0, 4, 18.48, 79743, 97, 46098, 0
12003, 37, 1, 7, 0, 0, 36.60%, 10, 0, 4, 10.58, 79791, 97, 46126, 0
12008, 37, 1, 7, 0, 0, 36.60%, 10, 0, 4, 10.82, 79848, 97, 46161, 0
12015, 37, 3, 7, 0, 0, 36.60%, 10, 0, 4, 1.05, 79894, 97, 46188, 0
12020, 37, 3, 7, 0, 0, 36.60%, 10, 0, 4, 0.23, 79903, 97, 46194, 0
12025, 37, 3, 7, 0, 0, 36.60%, 10, 0, 4, 9.09, 79956, 97, 46230, 0
12030, 37, 3, 7, 0, 0, 36.60%, 10, 0, 4, 11.33, 80020, 97, 46261, 0
12036, 37, 3, 7, 0, 0, 36.60%, 10, 0, 4, 0.29, 80049, 97, 46278, 0
12045, 38, 4, 7, 0, 0, 36.60%, 10, 0, 4, 0.67, 80070, 97, 46291, 0
12050, 38, 4, 7, 0, 0, 36.60%, 10, 0, 4, 0.75, 80089, 97, 46299, 0
12055, 38, 4, 7, 0, 0, 36.60%, 10, 0, 4, 8.79, 80139, 97, 46333, 0
12060, 38, 4, 7, 0, 0, 36.60%, 10, 0, 4, 10.40, 80190, 97, 46366, 0
12065, 38, 4, 7, 0, 0, 36.60%, 10, 0, 4, 4.38, 80206, 97, 46374, 0
12071, 38, 4, 7, 0, 0, 36.60%, 10, 0, 4, 9.68, 80233, 97, 46391, 0
12076, 38, 5, 7, 0, 0, 36.60%, 10, 0, 4, 10.58, 80290, 97, 46426, 0
12081, 38, 5, 7, 0, 0, 36.60%, 10, 0, 4, 11.27, 80349, 97, 46459, 0
12087, 38, 5, 7, 0, 0, 36.60%, 10, 0, 4, 0.25, 80372, 97, 46472, 0
12094, 38, 5, 7, 0, 0, 36.60%, 10, 0, 4, 0.22, 80402, 97, 46490, 0
12102, 38, 5, 7, 0, 0, 36.60%, 10, 0, 4, 0.45, 80446, 97, 46516, 0
12108, 38, 5, 7, 0, 0, 36.60%, 10, 0, 4, 1.52, 80464, 97, 46525, 0
12113, 38, 5, 7, 0, 0, 36.60%, 10, 0, 4, 10.45, 80491, 97, 46538, 0
12126, 38, 5, 7, 0, 0, 36.60%, 10, 0, 4, 0.22, 80532, 97, 46561, 0
12131, 38, 5, 7, 0, 0, 36.60%, 10, 0, 4, 11.41, 80552, 97, 46573, 0
12138, 38, 5, 7, 0, 0, 36.60%, 10, 0, 4, 0.50, 80595, 97, 46593, 0
12143, 38, 5, 7, 0, 0, 36.60%, 10, 0, 4, 9.76, 80644, 97, 46616, 0
12155, 38, 3, 7, 0, 0, 36.60%, 10, 0, 4, 0.13, 80680, 97, 46632, 0
12161, 38, 3, 7, 0, 0, 36.60%, 10, 0, 4, 0.41, 80695, 97, 46642, 0
12166, 38, 3, 7, 0, 0, 36.60%, 10, 0, 4, 8.77, 80742, 97, 46665, 0
12172, 38, 3, 7, 0, 0, 36.60%, 10, 0, 4, 0.55, 80771, 97, 46679, 0
12177, 38, 3, 7, 0, 0, 36.60%, 10, 0, 4, 10.36, 80827, 97, 46714, 0
12182, 38, 3, 7, 0, 0, 36.60%, 10, 0, 4, 0.39, 80829, 97, 46715, 0
12190, 38, 2, 7, 0, 0, 36.60%, 10, 0, 4, 0.26, 80875, 97, 46743, 0
12195, 38, 2, 7, 0, 0, 36.60%, 10, 0, 4, 9.02, 80930, 97, 46773, 0
12201, 38, 2, 7, 0, 0, 36.60%, 10, 0, 4, 10.61, 80984, 97, 46804, 0
12207, 38, 2, 7, 0, 0, 36.60%, 10, 0, 4, 0.16, 80985, 97, 46805, 0
12213, 38, 2, 7, 0, 0, 36.60%, 10, 0, 4, 0.33, 81023, 97, 46828, 0
12218, 38, 2, 7, 0, 0, 36.60%, 10, 0, 4, 1.11, 81069, 97, 46853, 0
12224, 38, 2, 7, 0, 0, 36.60%, 10, 0, 4, 2.15, 81115, 97, 46885, 0
12229, 38, 2, 7, 0, 0, 36.60%, 10, 0, 4, 9.57, 81176, 97, 46918, 0
12235, 38, 2, 7, 0, 0, 36.60%, 10, 0, 4, 0.37, 81208, 97, 46939, 0
12240, 38, 2, 7, 0, 0, 36.60%, 10, 0, 4, 9.39, 81245, 97, 46957, 0
12245, 38, 5, 7, 0, 0, 36.60%, 10, 0, 4, 11.21, 81304, 97, 46992, 0
12250, 38, 5, 7, 0, 0, 36.60%, 10, 0, 4, 11.59, 81363, 97, 47026, 0
12255, 38, 5, 7, 0, 0, 36.60%, 10, 0, 4, 7.12, 81405, 97, 47049, 0
12262, 38, 3, 7, 0, 0, 36.60%, 10, 0, 4, 0.32, 81452, 97, 47075, 0
12267, 38, 3, 7, 0, 0, 36.60%, 10, 0, 4, 9.43, 81483, 97, 47094, 0
12275, 38, 3, 7, 0, 0, 36.60%, 10, 0, 4, 0.23, 81502, 97, 47107, 0
12280, 38, 3, 7, 0, 0, 36.60%, 10, 0, 4, 0.78, 81543, 97, 47134, 0
12287, 38, 3, 7, 0, 0, 36.60%, 10, 0, 4, 0.66, 81590, 97, 47160, 0
12292, 38, 3, 7, 0, 0, 36.60%, 10, 0, 4, 14.44, 81643, 97, 47187, 0
12299, 38, 3, 7, 0, 0, 36.60%, 10, 0, 4, 0.41, 81660, 97, 47199, 0
12304, 38, 3, 7, 0, 0, 36.60%, 10, 0, 4, 0.39, 81664, 97, 47202, 0
12310, 38, 3, 7, 0, 0, 36.60%, 10, 0, 4, 8.70, 81712, 97, 47230, 0
12315, 38, 3, 7, 0, 0, 36.60%, 10, 0, 4, 9.86, 81762, 97, 47260, 0
12321, 38, 3, 7, 0, 0, 36.60%, 10, 0, 4, 0.36, 81771, 97, 47267, 0
12327, 38, 3, 7, 0, 0, 36.60%, 10, 0, 4, 0.31, 81807, 97, 47286, 0
12334, 38, 3, 7, 0, 0, 36.60%, 10, 0, 4, 0.56, 81839, 97, 47306, 0
12340, 39, 4, 7, 0, 0, 36.60%, 10, 0, 4, 0.24, 81860, 97, 47316, 0
12345, 39, 4, 7, 0, 0, 36.60%, 10, 0, 4, 12.12, 81922, 97, 47347, 0
12351, 39, 4, 7, 0, 0, 36.60%, 10, 0, 4, 0.36, 81955, 97, 47365, 0
12356, 39, 4, 7, 0, 0, 36.60%, 10, 0, 4, 11.78, 82011, 97, 47397, 0
12361, 39, 5, 7, 0, 0, 36.60%, 10, 0, 4, 11.38, 82068, 97, 47433, 0
12366, 39, 5, 7, 0, 0, 36.60%, 10, 0, 4, 12.05, 82129, 97, 47467, 0
12371, 39, 5, 7, 0, 0, 36.60%, 10, 0, 4, 11.48, 82186, 97, 47502, 0
12379, 39, 5, 7, 0, 0, 36.60%, 10, 0, 4, 0.55, 82208, 97, 47516, 0
12384, 39, 6, 7, 0, 0, 36.60%, 10, 0, 4, 11.74, 82254, 97, 47539, 0
12389, 39, 6, 7, 0, 0, 36.60%, 10, 0, 4, 12.01, 82315, 97, 47574, 0
12394, 39, 6, 7, 0, 0, 36.60%, 10, 0, 4, 11.03, 82371, 97, 47613, 0
12399, 39, 6, 7, 0, 0, 36.60%, 10, 0, 4, 4.92, 82386, 97, 47620, 0
12405, 39, 6, 7, 0, 0, 36.60%, 10, 0, 4, 0.25, 82406, 97, 47631, 0
12413, 39, 6, 7, 0, 0, 36.60%, 10, 0, 4, 0.57, 82419, 97, 47640, 0
12418, 39, 6, 7, 0, 0, 36.60%, 10, 0, 4, 11.80, 82435, 97, 47652, 0
12425, 39, 6, 7, 0, 0, 36.60%, 10, 0, 4, 0.56, 82454, 97, 47662, 0
12431, 39, 6, 7, 0, 0, 36.60%, 10, 0, 4, 14.11, 82501, 97, 47684, 0
12436, 39, 6, 7, 0, 0, 36.60%, 10, 0, 4, 15.58, 82526, 97, 47695, 0
12441, 39, 6, 7, 0, 0, 36.60%, 10, 0, 4, 14.90, 82543, 97, 47703, 0
12449, 39, 6, 7, 0, 0, 36.60%, 10, 0, 4, 0.29, 82598, 97, 47733, 0
12455, 39, 6, 7, 0, 0, 36.60%, 10, 0, 4, 0.18, 82605, 97, 47737, 0
12460, 39, 6, 7, 0, 0, 36.60%, 10, 0, 4, 11.75, 82638, 97, 47751, 0
12467, 39, 3, 7, 0, 0, 36.60%, 10, 0, 4, 0.27, 82677, 97, 47774, 0
12472, 39, 3, 7, 0, 0, 36.60%, 10, 0, 4, 11.29, 82734, 97, 47810, 0
12478, 39, 3, 7, 0, 0, 36.60%, 10, 0, 4, 0.97, 82761, 97, 47823, 0
12485, 39, 3, 7, 0, 0, 36.60%, 10, 0, 4, 0.75, 82794, 97, 47841, 0
12490, 39, 3, 7, 0, 0, 36.60%, 10, 0, 4, 6.41, 82838, 97, 47867, 0
12496, 39, 0, 7, 0, 0, 36.60%, 10, 0, 4, 11.02, 82887, 97, 47894, 0
12501, 39, 0, 7, 0, 0, 36.60%, 10, 0, 4, 10.29, 82914, 97, 47910, 0
12506, 39, 0, 7, 0, 0, 36.60%, 10, 0, 4, 10.16, 82961, 97, 47935, 0
12513, 39, 0, 7, 0, 0, 36.60%, 10, 0, 4, 0.44, 82987, 97, 47949, 0
12518, 39, 0, 7, 0, 0, 36.60%, 10, 0, 4, 12.82, 83003, 97, 47962, 0
12523, 39, 2, 7, 0, 0, 36.60%, 10, 0, 4, 11.92, 83062, 97, 47995, 0
12529, 39, 2, 7, 0, 0, 36.60%, 10, 0, 4, 0.28, 83091, 97, 48012, 0
12534, 39, 2, 7, 0, 0, 36.60%, 10, 0, 4, 12.16, 83149, 97, 48047, 0
12542, 39, 2, 7, 0, 0, 36.60%, 10, 0, 4, 0.82, 83201, 97, 48073, 0
12549, 39, 2, 7, 0, 0, 36.60%, 10, 0, 4, 0.26, 83221, 97, 48084, 0
12554, 39, 1, 7, 0, 0, 36.60%, 10, 0, 4, 10.30, 83271, 97, 48113, 0
12559, 39, 1, 7, 0, 0, 36.60%, 10, 0, 4, 11.06, 83323, 97, 48146, 0
12564, 39, 1, 7, 0, 0, 36.60%, 10, 0, 4, 11.10, 83363, 97, 48167, 0
12569, 39, 1, 7, 0, 0, 36.60%, 10, 0, 4, 0.64, 83387, 97, 48183, 0
12574, 39, 1, 7, 0, 0, 36.60%, 10, 0, 4, 10.80, 83447, 97, 48220, 0
12579, 39, 1, 7, 0, 0, 36.60%, 10, 0, 4, 11.25, 83502, 97, 48254, 0
12588, 39, 1, 7, 0, 0, 36.60%, 10, 0, 4, 0.55, 83541, 97, 48274, 0
12593, 39, 1, 7, 0, 0, 36.60%, 10, 0, 4, 4.92, 83548, 97, 48279, 0
12600, 39, 1, 7, 0, 0, 36.60%, 10, 0, 4, 0.28, 83596, 97, 48305, 0
12606, 39, 1, 7, 0, 0, 36.60%, 10, 0, 4, 0.29, 83619, 97, 48320, 0
12612, 39, 3, 7, 0, 0, 36.60%, 10, 0, 4, 11.64, 83673, 97, 48348, 0
12620, 39, 3, 7, 0, 0, 36.60%, 10, 0, 4, 0.39, 83697, 97, 48362, 0
12625, 39, 3, 7, 0, 0, 36.60%, 10, 0, 4, 9.48, 83742, 97, 48387, 0
12630, 39, 3, 7, 0, 0, 36.60%, 10, 0, 4, 11.39, 83799, 97, 48415, 0
12636, 40, 0, 7, 0, 0, 36.60%, 10, 0, 4, 10.51, 83852, 97, 48446, 0
12645, 40, 0, 7, 0, 0, 36.60%, 10, 0, 4, 0.36, 83895, 97, 48469, 0
12653, 40, 0, 7, 0, 0, 36.60%, 10, 0, 4, 0.30, 83926, 97, 48489, 0
12658, 40, 0, 7, 0, 0, 36.60%, 10, 0, 4, 9.73, 83982, 97, 48522, 0
12663, 40, 0, 7, 0, 0, 36.60%, 10, 0, 4, 11.18, 84039, 97, 48556, 0
12668, 40, 6, 7, 0, 0, 36.60%, 10, 0, 4, 8.98, 84079, 97, 48578, 0
12677, 40, 6, 7, 0, 0, 36.60%, 10, 0, 4, 0.46, 84134, 97, 48613, 0
12683, 40, 6, 7, 0, 0, 36.60%, 10, 0, 4, 10.70, 84193, 97, 48648, 0
12688, 40, 6, 7, 0, 0, 36.60%, 10, 0, 4, 8.33, 84238, 97, 48669, 0
12693, 40, 6, 7, 0, 0, 36.60%, 10, 0, 4, 9.78, 84289, 97, 48701, 0
12699, 40, 6, 7, 0, 0, 36.60%, 10, 0, 4, 0.66, 84316, 97, 48720, 0
12705, 40, 6, 7, 0, 0, 36.60%, 10, 0, 4, 0.48, 84336, 97, 48736, 0
12710, 40, 6, 7, 0, 0, 36.60%, 10, 0, 4, 6.27, 84355, 97, 48746, 0
12716, 40, 6, 7, 0, 0, 36.60%, 10, 0, 4, 0.35, 84360, 97, 48749, 0
12721, 40, 6, 7, 0, 0, 36.60%, 10, 0, 4, 5.19, 84369, 97, 48755, 0
12728, 40, 6, 7, 0, 0, 36.60%, 10, 0, 4, 0.72, 84395, 97, 48777, 0
12733, 40, 6, 7, 0, 0, 36.60%, 10, 0, 4, 2.67, 84444, 97, 48810, 0
12739, 40, 5, 7, 0, 0, 36.60%, 10, 0, 4, 0.34, 84452, 97, 48813, 0
12744, 40, 5, 7, 0, 0, 36.60%, 10, 0, 4, 6.60, 84462, 97, 48818, 0
12750, 40, 5, 7, 0, 0, 36.60%, 10, 0, 4, 12.68, 84499, 97, 48839, 0
12756, 40, 5, 7, 0, 0, 36.60%, 10, 0, 4, 0.17, 84502, 97, 48842, 0
12762, 40, 5, 7, 0, 0, 36.60%, 10, 0, 4, 1.08, 84539, 97, 48866, 0
12767, 40, 5, 7, 0, 0, 36.60%, 10, 0, 4, 10.31, 84596, 97, 48901, 0
12772, 40, 5, 7, 0, 0, 36.60%, 10, 0, 4, 0.63, 84618, 97, 48917, 0
12778, 40, 2, 7, 0, 0, 36.60%, 10, 0, 4, 8.03, 84665, 97, 48947, 0
12783, 40, 2, 7, 0, 0, 36.60%, 10, 0, 4, 10.94, 84727, 97, 48977, 0
12788, 40, 2, 7, 0, 0, 36.60%, 10, 0, 4, 11.94, 84789, 97, 49009, 0
12793, 40, 2, 7, 0, 0, 36.60%, 10, 0, 4, 11.14, 84844, 97, 49046, 0
12798, 40, 3, 7, 0, 0, 36.60%, 10, 0, 4, 11.48, 84864, 97, 49058, 0
12803, 40, 3, 7, 0, 0, 36.60%, 10, 0, 4, 10.90, 84911, 97, 49093, 0
12810, 40, 3, 7, 0, 0, 36.60%, 10, 0, 4, 0.47, 84938, 97, 49108, 0
12821, 40, 3, 7, 0, 0, 36.60%, 10, 0, 4, 0.09, 84948, 97, 49114, 0
12826, 40, 3, 7, 0, 0, 36.60%, 10, 0, 4, 10.39, 84987, 97, 49133, 0
12835, 40, 3, 7, 0, 0, 36.60%, 10, 0, 4, 0.51, 85026, 97, 49157, 0
12842, 40, 6, 7, 0, 0, 36.60%, 10, 0, 4, 0.22, 85052, 97, 49169, 0
12847, 40, 6, 7, 0, 0, 36.60%, 10, 0, 4, 8.60, 85102, 97, 49203, 0
12853, 40, 6, 7, 0, 0, 36.60%, 10, 0, 4, 0.81, 85112, 97, 49206, 0
12859, 40, 6, 7, 0, 0, 36.60%, 10, 0, 4, 1.59, 85139, 97, 49223, 0
12864, 40, 6, 7, 0, 0, 36.60%, 10, 0, 4, 11.89, 85193, 97, 49253, 0
12869, 40, 6, 7, 0, 0, 36.60%, 10, 0, 4, 0.77, 85217, 97, 49263, 0
12874, 40, 6, 7, 0, 0, 36.60%, 10, 0, 4, 11.69, 85278, 97, 49295, 0
12883, 40, 6, 7, 0, 0, 36.60%, 10, 0, 4, 0.22, 85306, 97, 49312, 0
12888, 40, 6, 7, 0, 0, 36.60%, 10, 0, 4, 9.88, 85332, 97, 49329, 0
12893, 40, 6, 7, 0, 0, 36.60%, 10, 0, 4, 10.36, 85354, 97, 49344, 0
12898, 40, 6, 7, 0, 0, 36.60%, 10, 0, 4, 1.23, 85386, 97, 49359, 0
12903, 40, 6, 7, 0, 0, 36.60%, 10, 0, 4, 11.52, 85400, 97, 49366, 0
12910, 40, 6, 7, 0, 0, 36.60%, 10, 0, 4, 0.29, 85439, 97, 49390, 0
12918, 40, 1, 7, 0, 0, 36.60%, 10, 0, 4, 0.20, 85474, 97, 49412, 0
12923, 40, 1, 7, 0, 0, 36.60%, 10, 0, 4, 1.18, 85515, 97, 49435, 0
12928, 40, 1, 7, 0, 0, 36.60%, 10, 0, 4, 14.49, 85551, 97, 49462, 0
12936, 40, 1, 7, 0, 0, 36.60%, 10, 0, 4, 0.26, 85587, 97, 49487, 0
12942, 40, 1, 7, 0, 0, 36.60%, 10, 0, 4, 0.25, 85604, 97, 49501, 0
12947, 40, 1, 7, 0, 0, 36.60%, 10, 0, 4, 0.28, 85625, 97, 49514, 0
12952, 40, 6, 7, 0, 0, 36.60%, 10, 0, 4, 13.11, 85661, 97, 49534, 0
12960, 40, 6, 7, 0, 0, 36.60%, 10, 0, 4, 0.51, 85707, 97, 49563, 0
12965, 40, 6, 7, 0, 0, 36.60%, 10, 0, 4, 9.12, 85757, 97, 49593, 0
12971, 40, 6, 7, 0, 0, 36.60%, 10, 0, 4, 9.14, 85783, 97, 49609, 0
12976, 40, 6, 7, 0, 0, 36.60%, 10, 0, 4, 9.01, 85798, 97, 49618, 0
12981, 40, 6, 7, 0, 0, 36.60%, 10, 0, 4, 9.80, 85822, 97, 49633, 0
12986, 40, 6, 7, 0, 0, 36.60%, 10, 0, 4, 11.25, 85884, 97, 49663, 0
12991, 40, 6, 7, 0, 0, 36.60%, 10, 0, 4, 6.71, 85904, 97, 49676, 0
12996, 40, 6, 7, 0, 0, 36.60%, 10, 0, 4, 10.01, 85963, 97, 49708, 0
13001, 40, 6, 7, 0, 0, 36.60%, 10, 0, 4, 10.68, 86019, 97, 49744, 0
13009, 40, 0, 7, 0, 0, 36.60%, 10, 0, 4, 0.20, 86051, 97, 49768, 0
13015, 40, 0, 7, 0, 0, 36.60%, 10, 0, 4, 6.46, 86074, 97, 49779, 0
13020, 40, 0, 7, 0, 0, 36.60%, 10, 0, 4, 9.55, 86128, 97, 49815, 0
13025, 40, 0, 7, 0, 0, 36.60%, 10, 0, 4, 10.91, 86185, 97, 49849, 0
13030, 40, 0, 7, 0, 0, 36.60%, 10, 0, 4, 0.99, 86207, 97, 49858, 0
13036, 41, 3, 7, 0, 0, 36.60%, 10, 0, 4, 10.60, 86264, 97, 49888, 0
13041, 41, 3, 7, 0, 0, 36.60%, 10, 0, 4, 10.12, 86305, 97, 49912, 0
13048, 41, 3, 7, 0, 0, 36.60%, 10, 0, 4, 1.21, 86349, 97, 49933, 0
13053, 41, 3, 7, 0, 0, 36.60%, 10, 0, 4, 0.43, 86364, 97, 49944, 0
13058, 41, 3, 7, 0, 0, 36.60%, 10, 0, 4, 9.66, 86375, 97, 49953, 0
13066, 41, 3, 7, 0, 0, 36.60%, 10, 0, 4, 0.66, 86416, 97, 49977, 0
13071, 41, 3, 7, 0, 0, 36.60%, 10, 0, 4, 12.41, 86448, 97, 49993, 0
13076, 41, 0, 7, 0, 0, 36.60%, 10, 0, 4, 12.67, 86470, 97, 50008, 0
13081, 41, 0, 7, 0, 0, 36.60%, 10, 0, 4, 12.14, 86530, 97, 50041, 0
13087, 41, 0, 7, 0, 0, 36.60%, 10, 0, 4, 9.35, 86565, 97, 50064, 0
13092, 41, 0, 7, 0, 0, 36.60%, 10, 0, 4, 0.96, 86592, 97, 50079, 0
13103, 41, 0, 7, 0, 0, 36.60%, 10, 0, 4, 0.47, 86599, 97, 50083, 0
13108, 41, 1, 7, 0, 0, 36.60%, 10, 0, 4, 10.21, 86656, 97, 50113, 0
13114, 41, 1, 7, 0, 0, 36.60%, 10, 0, 4, 2.04, 86713, 97, 50142, 0
13119, 41, 1, 7, 0, 0, 36.60%, 10, 0, 4, 12.17, 86760, 97, 50170, 0
13124, 41, 1, 7, 0, 0, 36.60%, 10, 0, 4, 10.85, 86813, 97, 50203, 0
13131, 41, 5, 7, 0, 0, 36.60%, 10, 0, 4, 0.50, 86853, 97, 50221, 0
13149, 41, 5, 7, 0, 0, 36.60%, 10, 0, 4, 0.15, 86887, 97, 50239, 0
13155, 41, 5, 7, 0, 0, 36.60%, 10, 0, 4, 0.32, 86922, 97, 50255, 0
13162, 41, 5, 7, 0, 0, 36.60%, 10, 0, 4, 0.54, 86933, 97, 50263, 0
13167, 41, 5, 7, 0, 0, 36.60%, 10, 0, 4, 1.00, 86968, 97, 50280, 0
13174, 41, 5, 7, 0, 0, 36.60%, 10, 0, 4, 0.44, 86989, 97, 50292, 0
13179, 41, 5, 7, 0, 0, 36.60%, 10, 0, 4, 9.82, 87044, 97, 50327, 0
13186, 41, 1, 7, 0, 0, 36.60%, 10, 0, 4, 0.34, 87067, 97, 50337, 0
13192, 41, 1, 7, 0, 0, 36.60%, 10, 0, 4, 10.66, 87122, 97, 50371, 0
13197, 41, 1, 7, 0, 0, 36.60%, 10, 0, 4, 0.43, 87131, 97, 50379, 0
13205, 41, 1, 7, 0, 0, 36.60%, 10, 0, 4, 0.51, 87157, 97, 50395, 0
13210, 41, 1, 7, 0, 0, 36.60%, 10, 0, 4, 13.21, 87210, 97, 50423, 0
13215, 41, 1, 7, 0, 0, 36.60%, 10, 0, 4, 17.17, 87230, 97, 50435, 0
13221, 41, 2, 7, 0, 0, 36.60%, 10, 0, 4, 12.17, 87285, 97, 50469, 0
13227, 41, 2, 7, 0, 0, 36.60%, 10, 0, 4, 0.24, 87309, 97, 50486, 0
13233, 41, 2, 7, 0, 0, 36.60%, 10, 0, 4, 0.55, 87328, 97, 50496, 0
13238, 41, 2, 7, 0, 0, 36.60%, 10, 0, 4, 0.61, 87366, 97, 50524, 0
13244, 41, 2, 7, 0, 0, 36.60%, 10, 0, 4, 0.44, 87374, 97, 50531, 0
13249, 41, 2, 7, 0, 0, 36.60%, 10, 0, 4, 9.72, 87432, 97, 50561, 0
13254, 41, 0, 7, 0, 0, 36.60%, 10, 0, 4, 10.78, 87485, 97, 50592, 0
13259, 41, 0, 7, 0, 0, 36.60%, 10, 0, 4, 11.37, 87503, 97, 50602, 0
13267, 41, 0, 7, 0, 0, 36.60%, 10, 0, 4, 0.47, 87510, 97, 50608, 0
13273, 41, 0, 7, 0, 0, 36.60%, 10, 0, 4, 11.14, 87563, 97, 50637, 0
13278, 41, 0, 7, 0, 0, 36.60%, 10, 0, 4, 4.19, 87588, 97, 50653, 0
13283, 41, 0, 7, 0, 0, 36.60%, 10, 0, 4, 3.91, 87597, 97, 50659, 0
13288, 41, 0, 7, 0, 0, 36.60%, 10, 0, 4, 6.79, 87638, 97, 50679, 0
13296, 41, 0, 7, 0, 0, 36.60%, 10, 0, 4, 0.26, 87666, 97, 50691, 0
13301, 41, 0, 7, 0, 0, 36.60%, 10, 0, 4, 7.32, 87700, 97, 50715, 0
13306, 41, 0, 7, 0, 0, 36.60%, 10, 0, 4, 9.47, 87736, 97, 50741, 0
13311, 41, 0, 7, 0, 0, 36.60%, 10, 0, 4, 6.76, 87774, 97, 50766, 0
13320, 41, 0, 7, 0, 0, 36.60%, 10, 0, 4, 0.22, 87826, 97, 50795, 0
13325, 41, 1, 7, 0, 0, 36.60%, 10, 0, 4, 12.89, 87880, 97, 50823, 0
13333, 41, 1, 7, 0, 0, 36.60%, 10, 0, 4, 0.17, 87908, 97, 50840, 0
13342, 41, 1, 7, 0, 0, 36.60%, 10, 0, 4, 0.17, 87922, 97, 50848, 0
13347, 41, 1, 7, 0, 0, 36.60%, 10, 0, 4, 4.75, 87964, 97, 50873, 0
13353, 41, 1, 7, 0, 0, 36.60%, 10, 0, 4, 0.59, 88016, 97, 50902, 0
13362, 42, 3, 7, 0, 0, 36.60%, 10, 0, 4, 0.67, 88063, 97, 50930, 0
13367, 42, 3, 7, 0, 0, 36.60%, 10, 0, 4, 11.37, 88120, 97, 50961, 0
13373, 42, 3, 7, 0, 0, 36.60%, 10, 0, 4, 0.51, 88133, 97, 50966, 0
13378, 42, 3, 7, 0, 0, 36.60%, 10, 0, 4, 10.71, 88145, 97, 50972, 0
13383, 42, 3, 7, 0, 0, 36.60%, 10, 0, 4, 10.96, 88202, 97, 51007, 0
13390, 42, 5, 7, 0, 0, 36.60%, 10, 0, 4, 1.16, 88254, 97, 51040, 0
13395, 42, 5, 7, 0, 0, 36.60%, 10, 0, 4, 10.56, 88311, 97, 51071, 0
13400, 42, 5, 7, 0, 0, 36.60%, 10, 0, 4, 13.16, 88329, 97, 51083, 0
13405, 42, 5, 7, 0, 0, 36.60%, 10, 0, 4, 4.50, 88351, 97, 51097, 0
13410, 42, 5, 7, 0, 0, 36.60%, 10, 0, 4, 8.42, 88401, 97, 51132, 0
13419, 42, 4, 7, 0, 0, 36.60%, 10, 0, 4, 0.40, 88455, 97, 51158, 0
13424, 42, 4, 7, 0, 0, 36.60%, 10, 0, 4, 9.43, 88507, 97, 51186, 0
13431, 42, 4, 7, 0, 0, 36.60%, 10, 0, 4, 0.35, 88518, 97, 51191, 0
13439, 42, 4, 7, 0, 0, 36.60%, 10, 0, 4, 0.55, 88562, 97, 51218, 0
13444, 42, 4, 7, 0, 0, 36.60%, 10, 0, 4, 11.97, 88602, 97, 51246, 0
13449, 42, 4, 7, 0, 0, 36.60%, 10, 0, 4, 0.67, 88635, 97, 51262, 0
13455, 42, 3, 7, 0, 0, 36.60%, 10, 0, 4, 11.92, 88691, 97, 51296, 0
13468, 42, 3, 7, 0, 0, 36.60%, 10, 0, 4, 0.28, 88725, 97, 51317, 0
13474, 42, 3, 7, 0, 0, 36.60%, 10, 0, 4, 1.08, 88766, 97, 51343, 0
13481, 42, 3, 7, 0, 0, 36.60%, 10, 0, 4, 1.02, 88816, 97, 51374, 0
13486, 42, 1, 7, 0, 0, 36.60%, 10, 0, 4, 12.46, 88880, 97, 51404, 0
13491, 42, 1, 7, 0, 0, 36.60%, 10, 0, 4, 11.47, 88938, 97, 51439, 0
13497, 42, 1, 7, 0, 0, 36.60%, 10, 0, 4, 0.74, 88975, 97, 51463, 0
13502, 42, 1, 7, 0, 0, 36.60%, 10, 0, 4, 8.52, 89030, 97, 51498, 0
13507, 42, 4, 7, 0, 0, 36.60%, 10, 0, 4, 10.86, 89091, 97, 51532, 0
13513, 42, 4, 7, 0, 0, 36.60%, 10, 0, 4, 0.17, 89092, 97, 51533, 0
13518, 42, 4, 7, 0, 0, 36.60%, 10, 0, 4, 10.34, 89149, 97, 51563, 0
13523, 42, 4, 7, 0, 0, 36.60%, 10, 0, 4, 10.63, 89204, 97, 51599, 0
13531, 42, 4, 7, 0, 0, 36.60%, 10, 0, 4, 0.34, 89223, 97, 51611, 0
13536, 42, 4, 7, 0, 0, 36.60%, 10, 0, 4, 10.00, 89235, 97, 51621, 0
13541, 42, 5, 7, 0, 0, 36.60%, 10, 0, 4, 11.36, 89295, 97, 51654, 0
13547, 42, 5, 7, 0, 0, 36.60%, 10, 0, 4, 0.28, 89317, 97, 51669, 0
13552, 42, 5, 7, 0, 0, 36.60%, 10, 0, 4, 10.86, 89372, 97, 51701, 0
13557, 42, 5, 7, 0, 0, 36.60%, 10, 0, 4, 11.06, 89430, 97, 51734, 0
13567, 42, 4, 7, 0, 0, 36.60%, 10, 0, 4, 0.39, 89482, 97, 51768, 0
13572, 42, 4, 7, 0, 0, 36.60%, 10, 0, 4, 8.77, 89528, 97, 51795, 0
13577, 42, 4, 7, 0, 0, 36.60%, 10, 0, 4, 10.82, 89589, 97, 51824, 0
13587, 42, 4, 7, 0, 0, 36.60%, 10, 0, 4, 0.11, 89605, 97, 51835, 0
13593, 42, 4, 7, 0, 0, 36.60%, 10, 0, 4, 0.28, 89629, 97, 51846, 0
13598, 42, 2, 7, 0, 0, 36.60%, 10, 0, 4, 10.82, 89677, 97, 51879, 0
13603, 42, 2, 7, 0, 0, 36.60%, 10, 0, 4, 5.39, 89687, 97, 51884, 0
13608, 42, 2, 7, 0, 0, 36.60%, 10, 0, 4, 9.64, 89745, 97, 51918, 0
13614, 42, 2, 7, 0, 0, 36.60%, 10, 0, 4, 11.53, 89806, 97, 51949, 0
13620, 42, 2, 7, 0, 0, 36.60%, 10, 0, 4, 0.50, 89809, 97, 51951, 0
13626, 43, 0, 7, 0, 0, 36.60%, 10, 0, 4, 0.52, 89858, 97, 51980, 0
13633, 43, 0, 7, 0, 0, 36.60%, 10, 0, 4, 0.32, 89886, 97, 51996, 0
13642, 43, 0, 7, 0, 0, 36.60%, 10, 0, 4, 0.46, 89914, 97, 52013, 0
13648, 43, 0, 7, 0, 0, 36.60%, 10, 0, 4, 1.16, 89961, 97, 52044, 0
13659, 43, 0, 7, 0, 0, 36.60%, 10, 0, 4, 0.10, 89969, 97, 52050, 0
13665, 43, 0, 7, 0, 0, 36.60%, 10, 0, 4, 0.22, 89979, 97, 52053, 0
13670, 43, 0, 7, 0, 0, 36.60%, 10, 0, 4, 0.53, 90023, 97, 52078, 0
13675, 43, 2, 7, 0, 0, 36.60%, 10, 0, 4, 8.89, 90067, 97, 52110, 0
13681, 43, 2, 7, 0, 0, 36.60%, 10, 0, 4, 0.25, 90086, 97, 52120, 0
13686, 43, 2, 7, 0, 0, 36.60%, 10, 0, 4, 9.07, 90139, 97, 52156, 0
13692, 43, 2, 7, 0, 0, 36.60%, 10, 0, 4, 0.21, 90150, 97, 52162, 0
13697, 43, 2, 7, 0, 0, 36.60%, 10, 0, 4, 8.99, 90204, 97, 52195, 0
13702, 43, 1, 7, 0, 0, 36.60%, 10, 0, 4, 10.46, 90259, 97, 52229, 0
13707, 43, 1, 7, 0, 0, 36.60%, 10, 0, 4, 11.92, 90322, 97, 52260, 0
13713, 43, 1, 7, 0, 0, 36.60%, 10, 0, 4, 10.23, 90359, 97, 52284, 0
13719, 43, 1, 7, 0, 0, 36.60%, 10, 0, 4, 0.35, 90405, 97, 52312, 0
13727, 43, 5, 7, 0, 0, 36.60%, 10, 0, 4, 0.26, 90455, 97, 52345, 0
13733, 43, 5, 7, 0, 0, 36.60%, 10, 0, 4, 2.05, 90517, 97, 52375, 0
13739, 43, 5, 7, 0, 0, 36.60%, 10, 0, 4, 0.17, 90519, 97, 52376, 0
13744, 43, 5, 7, 0, 0, 36.60%, 10, 0, 4, 2.41, 90564, 97, 52398, 0
13749, 43, 5, 7, 0, 0, 36.60%, 10, 0, 4, 13.50, 90599, 97, 52420, 0
13754, 43, 1, 7, 0, 0, 36.60%, 10, 0, 4, 11.40, 90654, 97, 52450, 0
13760, 43, 1, 7, 0, 0, 36.60%, 10, 0, 4, 0.59, 90700, 97, 52476, 0
13765, 43, 1, 7, 0, 0, 36.60%, 10, 0, 4, 8.71, 90745, 97, 52504, 0
13770, 43, 1, 7, 0, 0, 36.60%, 10, 0, 4, 10.29, 90800, 97, 52541, 0
13775, 43, 4, 7, 0, 0, 36.60%, 10, 0, 4, 11.32, 90859, 97, 52577, 0
13780, 43, 4, 7, 0, 0, 36.60%, 10, 0, 4, 11.92, 90913, 97, 52603, 0
13790, 43, 4, 7, 0, 0, 36.60%, 10, 0, 4, 0.39, 90944, 97, 52621, 0
13795, 43, 4, 7, 0, 0, 36.60%, 10, 0, 4, 12.69, 90986, 97, 52646, 0
13800, 43, 4, 7, 0, 0, 36.60%, 10, 0, 4, 11.98, 91046, 97, 52680, 0
13805, 43, 0, 7, 0, 0, 36.60%, 10, 0, 4, 12.06, 91108, 97, 52713, 0
13810, 43, 0, 7, 0, 0, 36.60%, 10, 0, 4, 11.43, 91155, 97, 52739, 0
13817, 43, 0, 7, 0, 0, 36.60%, 10, 0, 4, 0.48, 91191, 97, 52764, 0
13822, 43, 0, 7, 0, 0, 36.60%, 10, 0, 4, 11.19, 91249, 97, 52797, 0
13828, 43, 6, 7, 0, 0, 36.60%, 10, 0, 4, 0.55, 91277, 97, 52817, 0
13834, 43, 6, 7, 0, 0, 36.60%, 10, 0, 4, 7.76, 91313, 97, 52838, 0
13839, 43, 6, 7, 0, 0, 36.60%, 10, 0, 4, 10.29, 91370, 97, 52874, 0
13844, 43, 6, 7, 0, 0, 36.60%, 10, 0, 4, 11.45, 91427, 97, 52907, 0
13849, 43, 6, 7, 0, 0, 36.60%, 10, 0, 4, 11.73, 91487, 97, 52938, 0
13855, 43, 6, 7, 0, 0, 36.60%, 10, 0, 4, 0.18, 91494, 97, 52943, 0
13863, 43, 6, 7, 0, 0, 36.60%, 10, 0, 4, 0.80, 91515, 97, 52957, 0
13869, 43, 6, 7, 0, 0, 36.60%, 10, 0, 4, 0.91, 91542, 97, 52976, 0
13874, 43, 6, 7, 0, 0, 36.60%, 10, 0, 4, 14.36, 91599, 97, 53007, 0
13879, 43, 6, 7, 0, 0, 36.60%, 10, 0, 4, 11.13, 91641, 97, 53030, 0
13884, 43, 6, 7, 0, 0, 36.60%, 10, 0, 4, 8.50, 91663, 97, 53045, 0
13889, 43, 6, 7, 0, 0, 36.60%, 10, 0, 4, 11.06, 91722, 97, 53078, 0
13895, 43, 6, 7, 0, 0, 36.60%, 10, 0, 4, 11.62, 91781, 97, 53104, 0
13900, 43, 6, 7, 0, 0, 36.60%, 10, 0, 4, 12.98, 91830, 97, 53134, 0
13908, 43, 6, 7, 0, 0, 36.60%, 10, 0, 4, 0.53, 91883, 97, 53172, 0
13915, 43, 6, 7, 0, 0, 36.60%, 10, 0, 4, 0.31, 91929, 97, 53198, 0
13920, 43, 6, 7, 0, 0, 36.60%, 10, 0, 4, 12.75, 91970, 97, 53229, 0
13926, 43, 6, 7, 0, 0, 36.60%, 10, 0, 4, 5.55, 91978, 97, 53232, 0
13931, 43, 6, 7, 0, 0, 36.60%, 10, 0, 4, 10.05, 92034, 97, 53263, 0
13937, 44, 1, 7, 0, 0, 36.60%, 10, 0, 4, 0.21, 92054, 97, 53276, 0
13942, 44, 1, 7, 0, 0, 36.60%, 10, 0, 4, 4.50, 92070, 97, 53285, 0
13947, 44, 1, 7, 0, 0, 36.60%, 10, 0, 4, 15.62, 92099, 97, 53304, 0
13953, 44, 1, 7, 0, 0, 36.60%, 10, 0, 4, 9.46, 92134, 97, 53328, 0
13958, 44, 1, 7, 0, 0, 36.60%, 10, 0, 4, 9.72, 92154, 97, 53341, 0
13964, 44, 1, 7, 0, 0, 36.60%, 10, 0, 4, 0.35, 92161, 97, 53346, 0
13969, 44, 1, 7, 0, 0, 36.60%, 10, 0, 4, 9.08, 92208, 97, 53377, 0
13979, 44, 1, 7, 0, 0, 36.60%, 10, 0, 4, 0.36, 92225, 97, 53385, 0
13984, 44, 3, 7, 0, 0, 36.60%, 10, 0, 4, 10.60, 92284, 97, 53416, 0
13993, 44, 3, 7, 0, 0, 36.60%, 10, 0, 4, 0.50, 92319, 97, 53436, 0
13999, 44, 3, 7, 0, 0, 36.60%, 10, 0, 4, 1.60, 92367, 97, 53465, 0
14004, 44, 3, 7, 0, 0, 36.60%, 10, 0, 4, 10.66, 92421, 97, 53498, 0
14009, 44, 6, 7, 0, 0, 36.60%, 10, 0, 4, 11.42, 92479, 97, 53532, 0
14018, 44, 6, 7, 0, 0, 36.60%, 10, 0, 4, 0.46, 92495, 97, 53540, 0
14023, 44, 6, 7, 0, 0, 36.60%, 10, 0, 4, 10.86, 92554, 97, 53576, 0
14028, 44, 6, 7, 0, 0, 36.60%, 10, 0, 4, 4.80, 92575, 97, 53584, 0
14033, 44, 6, 7, 0, 0, 36.60%, 10, 0, 4, 12.97, 92590, 97, 53592, 0
14044, 44, 6, 7, 0, 0, 36.60%, 10, 0, 4, 0.18, 92645, 97, 53623, 0
14049, 44, 6, 7, 0, 0, 36.60%, 10, 0, 4, 0.29, 92668, 97, 53638, 0
14054, 44, 6, 7, 0, 0, 36.60%, 10, 0, 4, 10.95, 92726, 97, 53671, 0
14060, 44, 6, 7, 0, 0, 36.60%, 10, 0, 4, 13.05, 92755, 97, 53688, 0
14065, 44, 6, 7, 0, 0, 36.60%, 10, 0, 4, 13.16, 92774, 97, 53697, 0
14070, 44, 6, 7, 0, 0, 36.60%, 10, 0, 4, 11.31, 92829, 97, 53735, 0
14075, 44, 3, 7, 0, 0, 36.60%, 10, 0, 4, 11.44, 92886, 97, 53769, 0
14080, 44, 3, 7, 0, 0, 36.60%, 10, 0, 4, 11.43, 92946, 97, 53803, 0
14087, 44, 3, 7, 0, 0, 36.60%, 10, 0, 4, 0.18, 92962, 97, 53811, 0
14097, 44, 3, 7, 0, 0, 36.60%, 10, 0, 4, 0.18, 93004, 97, 53835, 0
14103, 44, 3, 7, 0, 0, 36.60%, 10, 0, 4, 0.85, 93047, 97, 53859, 0
14109, 44, 1, 7, 0, 0, 36.60%, 10, 0, 4, 0.36, 93088, 97, 53882, 0
14114, 44, 1, 7, 0, 0, 36.60%, 10, 0, 4, 10.29, 93130, 97, 53910, 0
14119, 44, 1, 7, 0, 0, 36.60%, 10, 0, 4, 11.47, 93187, 97, 53936, 0
14124, 44, 1, 7, 0, 0, 36.60%, 10, 0, 4, 8.80, 93216, 97, 53953, 0
14130, 44, 4, 7, 0, 0, 36.60%, 10, 0, 4, 15.62, 93266, 97, 53979, 0
14135, 44, 4, 7, 0, 0, 36.60%, 10, 0, 4, 1.15, 93312, 97, 54011, 0
14141, 44, 4, 7, 0, 0, 36.60%, 10, 0, 4, 0.26, 93338, 97, 54029, 0
14146, 44, 4, 7, 0, 0, 36.60%, 10, 0, 4, 9.09, 93392, 97, 54064, 0
14151, 44, 4, 7, 0, 0, 36.60%, 10, 0, 4, 10.64, 93448, 97, 54097, 0
14157, 44, 2, 7, 0, 0, 36.60%, 10, 0, 4, 1.81, 93500, 97, 54127, 0
14162, 44, 2, 7, 0, 0, 36.60%, 10, 0, 4, 12.75, 93560, 97, 54159, 0
14172, 44, 2, 7, 0, 0, 36.60%, 10, 0, 4, 0.47, 93605, 97, 54183, 0
14177, 44, 6, 7, 0, 0, 36.60%, 10, 0, 4, 10.46, 93660, 97, 54215, 0
14183, 44, 6, 7, 0, 0, 36.60%, 10, 0, 4, 1.63, 93712, 97, 54245, 0
14189, 44, 6, 7, 0, 0, 36.60%, 10, 0, 4, 11.53, 93769, 97, 54281, 0
14195, 44, 6, 7, 0, 0, 36.60%, 10, 0, 4, 0.37, 93809, 97, 54309, 0
14201, 44, 6, 7, 0, 0, 36.60%, 10, 0, 4, 0.29, 93848, 97, 54325, 0
14206, 44, 6, 7, 0, 0, 36.60%, 10, 0, 4, 9.25, 93900, 97, 54355, 0
14212, 44, 6, 7, 0, 0, 36.60%, 10, 0, 4, 0.62, 93912, 97, 54363, 0
14217, 44, 6, 7, 0, 0, 36.60%, 10, 0, 4, 12.04, 93973, 97, 54394, 0
14222, 44, 6, 7, 0, 0, 36.60%, 10, 0, 4, 10.03, 94020, 97, 54425, 0
14227, 44, 6, 7, 0, 0, 36.60%, 10, 0, 4, 9.81, 94067, 97, 54456, 0
14237, 44, 6, 7, 0, 0, 36.60%, 10, 0, 4, 0.51, 94114, 97, 54482, 0
14243, 44, 6, 7, 0, 0, 36.60%, 10, 0, 4, 0.64, 94165, 97, 54512, 0
14252, 44, 6, 7, 0, 0, 36.60%, 10, 0, 4, 0.38, 94210, 97, 54534, 0
14260, 44, 6, 7, 0, 0, 36.60%, 10, 0, 4, 0.27, 94255, 97, 54563, 0
14265, 44, 6, 7, 0, 0, 36.60%, 10, 0, 4, 4.08, 94262, 97, 54568, 0
14270, 44, 6, 7, 0, 0, 36.60%, 10, 0, 4, 9.21, 94317, 97, 54604, 0
14275, 44, 6, 7, 0, 0, 36.60%, 10, 0, 4, 9.83, 94359, 97, 54630, 0
14281, 44, 6, 7, 0, 0, 36.60%, 10, 0, 4, 10.21, 94412, 97, 54662, 0
14286, 45, 3, 7, 0, 0, 36.60%, 10, 0, 4, 9.42, 94451, 97, 54688, 0
14291, 45, 3, 7, 0, 0, 36.60%, 10, 0, 4, 12.56, 94498, 97, 54710, 0
14298, 45, 3, 7, 0, 0, 36.60%, 10, 0, 4, 0.58, 94525, 97, 54725, 0
14303, 45, 3, 7, 0, 0, 36.60%, 10, 0, 4, 9.69, 94541, 97, 54737, 0
14310, 45, 3, 7, 0, 0, 36.60%, 10, 0, 4, 0.45, 94569, 97, 54751, 0
14315, 45, 3, 7, 0, 0, 36.60%, 10, 0, 4, 10.92, 94611, 97, 54771, 0
14323, 45, 3, 7, 0, 0, 36.60%, 10, 0, 4, 0.53, 94658, 97, 54798, 0
14328, 45, 3, 7, 0, 0, 36.60%, 10, 0, 4, 11.56, 94708, 97, 54831, 0
14333, 45, 3, 7, 0, 0, 36.60%, 10, 0, 4, 11.90, 94764, 97, 54858, 0
14339, 45, 3, 7, 0, 0, 36.60%, 10, 0, 4, 9.04, 94805, 97, 54879, 0
14345, 45, 3, 7, 0, 0, 36.60%, 10, 0, 4, 0.27, 94836, 97, 54896, 0
14354, 45, 1, 7, 0, 0, 36.60%, 10, 0, 4, 0.18, 94882, 97, 54922, 0
14361, 45, 1, 7, 0, 0, 36.60%, 10, 0, 4, 0.72, 94897, 97, 54931, 0
14366, 45, 1, 7, 0, 0, 36.60%, 10, 0, 4, 9.54, 94936, 97, 54956, 0
14371, 45, 1, 7, 0, 0, 36.60%, 10, 0, 4, 10.05, 94988, 97, 54988, 0
14378, 45, 1, 7, 0, 0, 36.60%, 10, 0, 4, 0.25, 95007, 97, 55001, 0
14383, 45, 2, 7, 0, 0, 36.60%, 10, 0, 4, 11.19, 95063, 97, 55036, 0
14388, 45, 2, 7, 0, 0, 36.60%, 10, 0, 4, 0.62, 95068, 97, 55040, 0
14393, 45, 2, 7, 0, 0, 36.60%, 10, 0, 4, 10.72, 95094, 97, 55055, 0
14398, 45, 2, 7, 0, 0, 36.60%, 10, 0, 4, 0.61, 95119, 97, 55067, 0
14406, 45, 2, 7, 0, 0, 36.60%, 10, 0, 4, 0.18, 95139, 97, 55081, 0
14411, 45, 2, 7, 0, 0, 36.60%, 10, 0, 4, 10.26, 95178, 97, 55101, 0
14416, 45, 2, 7, 0, 0, 36.60%, 10, 0, 4, 13.25, 95222, 97, 55120, 0
14421, 45, 2, 7, 0, 0, 36.60%, 10, 0, 4, 11.52, 95276, 97, 55150, 0
14428, 45, 2, 7, 0, 0, 36.60%, 10, 0, 4, 0.63, 95300, 97, 55161, 0
14433, 45, 2, 7, 0, 0, 36.60%, 10, 0, 4, 9.78, 95357, 97, 55195, 0
14438, 45, 2, 7, 0, 0, 36.60%, 10, 0, 4, 10.08, 95408, 97, 55223, 0
14443, 45, 2, 7, 0, 0, 36.60%, 10, 0, 4, 9.28, 95429, 97, 55238, 0
14450, 45, 6, 7, 0, 0, 36.60%, 10, 0, 4, 0.46, 95460, 97, 55260, 0
14456, 45, 6, 7, 0, 0, 36.60%, 10, 0, 4, 11.02, 95478, 97, 55271, 0
14461, 45, 6, 7, 0, 0, 36.60%, 10, 0, 4, 10.87, 95533, 97, 55308, 0
14466, 45, 6, 7, 0, 0, 36.60%, 10, 0, 4, 11.62, 95592, 97, 55342, 0
14471, 45, 6, 7, 0, 0, 36.60%, 10, 0, 4, 12.74, 95659, 97, 55373, 0
14476, 45, 6, 7, 0, 0, 36.60%, 10, 0, 4, 8.27, 95701, 97, 55397, 0
14483, 45, 6, 7, 0, 0, 36.60%, 10, 0, 4, 0.38, 95724, 97, 55414, 0
14488, 45, 6, 7, 0, 0, 36.60%, 10, 0, 4, 9.25, 95750, 97, 55428, 0
14493, 45, 6, 7, 0, 0, 36.60%, 10, 0, 4, 10.59, 95795, 97, 55453, 0
14498, 45, 6, 7, 0, 0, 36.60%, 10, 0, 4, 11.44, 95819, 97, 55469, 0
14504, 45, 6, 7, 0, 0, 36.60%, 10, 0, 4, 13.95, 95875, 97, 55496, 0
14509, 45, 6, 7, 0, 0, 36.60%, 10, 0, 4, 12.08, 95932, 97, 55530, 0
14514, 45, 6, 7, 0, 0, 36.60%, 10, 0, 4, 11.93, 95993, 97, 55562, 0
14519, 45, 6, 7, 0, 0, 36.60%, 10, 0, 4, 8.66, 96030, 97, 55586, 0
14524, 45, 6, 7, 0, 0, 36.60%, 10, 0, 4, 10.12, 96087, 97, 55623, 0
14533, 45, 6, 7, 0, 0, 36.60%, 10, 0, 4, 0.29, 96123, 97, 55646, 0
14538, 45, 6, 7, 0, 0, 36.60%, 10, 0, 4, 9.09, 96178, 97, 55679, 0
14543, 45, 6, 7, 0, 0, 36.60%, 10, 0, 4, 9.91, 96221, 97, 55702, 0
14548, 45, 2, 7, 0, 0, 36.60%, 10, 0, 4, 10.83, 96278, 97, 55739, 0
14553, 45, 2, 7, 0, 0, 36.60%, 10, 0, 4, 10.25, 96324, 97, 55770, 0
14559, 45, 2, 7, 0, 0, 36.60%, 10, 0, 4, 0.24, 96345, 97, 55777, 0
14566, 45, 2, 7, 0, 0, 36.60%, 10, 0, 4, 0.84, 96390, 97, 55807, 0
14572, 45, 2, 7, 0, 0, 36.60%, 10, 0, 4, 10.19, 96439, 97, 55834, 0
14577, 45, 5, 7, 0, 0, 36.60%, 10, 0, 4, 0.43, 96456, 97, 55842, 0
14583, 45, 5, 7, 0, 0, 36.60%, 10, 0, 4, 8.74, 96508, 97, 55875, 0
14588, 45, 5, 7, 0, 0, 36.60%, 10, 0, 4, 10.52, 96566, 97, 55909, 0
14593, 45, 5, 7, 0, 0, 36.60%, 10, 0, 4, 10.98, 96622, 97, 55943, 0
14598, 46, 5, 7, 0, 0, 36.60%, 10, 0, 4, 13.94, 96653, 97, 55961, 0
14605, 46, 5, 7, 0, 0, 36.60%, 10, 0, 4, 0.51, 96689, 97, 55977, 0
14610, 46, 5, 7, 0, 0, 36.60%, 10, 0, 4, 0.20, 96692, 97, 55980, 0
14617, 46, 5, 7, 0, 0, 36.60%, 10, 0, 4, 0.32, 96734, 97, 56009, 0
14623, 46, 5, 7, 0, 0, 36.60%, 10, 0, 4, 0.59, 96763, 97, 56028, 0
14628, 46, 5, 7, 0, 0, 36.60%, 10, 0, 4, 8.65, 96802, 97, 56052, 0
14634, 46, 5, 7, 0, 0, 36.60%, 10, 0, 4, 0.64, 96849, 97, 56076, 0
14639, 46, 1, 7, 0, 0, 36.60%, 10, 0, 4, 11.23, 96908, 97, 56109, 0
14645, 46, 1, 7, 0, 0, 36.60%, 10, 0, 4, 0.51, 96914, 97, 56112, 0
14651, 46, 1, 7, 0, 0, 36.60%, 10, 0, 4, 0.39, 96918, 97, 56115, 0
14656, 46, 1, 7, 0, 0, 36.60%, 10, 0, 4, 9.04, 96973, 97, 56151, 0
14663, 46, 1, 7, 0, 0, 36.60%, 10, 0, 4, 0.49, 96980, 97, 56156, 0
14668, 46, 1, 7, 0, 0, 36.60%, 10, 0, 4, 11.38, 97036, 97, 56185, 0
14673, 46, 0, 7, 0, 0, 36.60%, 10, 0, 4, 6.51, 97056, 97, 56198, 0
14682, 46, 0, 7, 0, 0, 36.60%, 10, 0, 4, 0.66, 97115, 97, 56231, 0
14687, 46, 0, 7, 0, 0, 36.60%, 10, 0, 4, 11.61, 97175, 97, 56262, 0
14692, 46, 0, 7, 0, 0, 36.60%, 10, 0, 4, 12.25, 97240, 97, 56292, 0
14697, 46, 2, 7, 0, 0, 36.60%, 10, 0, 4, 2.16, 97285, 97, 56320, 0
14702, 46, 2, 7, 0, 0, 36.60%, 10, 0, 4, 13.10, 97305, 97, 56331, 0
14708, 46, 2, 7, 0, 0, 36.60%, 10, 0, 4, 5.83, 97320, 97, 56339, 0
14713, 46, 2, 7, 0, 0, 36.60%, 10, 0, 4, 9.02, 97345, 97, 56356, 0
14718, 46, 2, 7, 0, 0, 36.60%, 10, 0, 4, 10.24, 97400, 97, 56390, 0
14723, 46, 1, 7, 0, 0, 36.60%, 10, 0, 4, 10.96, 97457, 97, 56423, 0
14729, 46, 1, 7, 0, 0, 36.60%, 10, 0, 4, 1.16, 97500, 97, 56449, 0
14734, 46, 1, 7, 0, 0, 36.60%, 10, 0, 4, 12.36, 97553, 97, 56481, 0
14743, 46, 1, 7, 0, 0, 36.60%, 10, 0, 4, 0.69, 97618, 97, 56510, 0
14748, 46, 2, 7, 0, 0, 36.60%, 10, 0, 4, 7.55, 97654, 97, 56533, 0
14753, 46, 2, 7, 0, 0, 36.60%, 10, 0, 4, 12.71, 97696, 97, 56557, 0
14761, 46, 2, 7, 0, 0, 36.60%, 10, 0, 4, 0.86, 97755, 97, 56590, 0
14766, 46, 2, 7, 0, 0, 36.60%, 10, 0, 4, 11.48, 97814, 97, 56624, 0
14771, 46, 3, 7, 0, 0, 36.60%, 10, 0, 4, 10.24, 97860, 97, 56654, 0
14779, 46, 3, 7, 0, 0, 36.60%, 10, 0, 4, 0.79, 97911, 97, 56681, 0
14785, 46, 3, 7, 0, 0, 36.60%, 10, 0, 4, 0.66, 97931, 97, 56690, 0
14792, 46, 3, 7, 0, 0, 36.60%, 10, 0, 4, 0.53, 97970, 97, 56710, 0
14797, 46, 3, 7, 0, 0, 36.60%, 10, 0, 4, 11.33, 98029, 97, 56743, 0
14805, 46, 1, 7, 0, 0, 36.60%, 10, 0, 4, 0.57, 98084, 97, 56779, 0
14811, 46, 1, 7, 0, 0, 36.60%, 10, 0, 4, 11.65, 98145, 97, 56812, 0
14821, 46, 1, 7, 0, 0, 36.60%, 10, 0, 4, 0.17, 98201, 97, 56844, 0
14826, 46, 1, 7, 0, 0, 36.60%, 10, 0, 4, 0.47, 98210, 97, 56852, 0
14831, 46, 1, 7, 0, 0, 36.60%, 10, 0, 4, 10.77, 98233, 97, 56863, 0
14836, 46, 3, 7, 0, 0, 36.60%, 10, 0, 4, 11.52, 98293, 97, 56895, 0
14843, 46, 3, 7, 0, 0, 36.60%, 10, 0, 4, 0.56, 98330, 97, 56917, 0
14848, 46, 3, 7, 0, 0, 36.60%, 10, 0, 4, 0.28, 98353, 97, 56928, 0
14856, 46, 3, 7, 0, 0, 36.60%, 10, 0, 4, 0.48, 98370, 97, 56938, 0
14867, 46, 3, 7, 0, 0, 36.60%, 10, 0, 4, 0.15, 98412, 97, 56963, 0
14872, 46, 3, 7, 0, 0, 36.60%, 10, 0, 4, 8.93, 98447, 97, 56989, 0
14877, 47, 2, 7, 0, 0, 36.60%, 10, 0, 4, 11.70, 98510, 97, 57019, 0
14882, 47, 2, 7, 0, 0, 36.60%, 10, 0, 4, 8.89, 98552, 97, 57049, 0
14887, 47, 2, 7, 0, 0, 36.60%, 10, 0, 4, 10.58, 98606, 97, 57078, 0
14892, 47, 3, 7, 0, 0, 36.60%, 10, 0, 4, 10.59, 98661, 97, 57113, 0
14897, 47, 3, 7, 0, 0, 36.60%, 10, 0, 4, 0.45, 98674, 97, 57119, 0
14905, 47, 3, 7, 0, 0, 36.60%, 10, 0, 4, 0.65, 98706, 97, 57141, 0
14915, 47, 3, 7, 0, 0, 36.60%, 10, 0, 4, 0.40, 98753, 97, 57170, 0
14920, 47, 3, 7, 0, 0, 36.60%, 10, 0, 4, 10.57, 98811, 97, 57206, 0
14925, 47, 4, 7, 0, 0, 36.60%, 10, 0, 4, 11.18, 98871, 97, 57238, 0
14931, 47, 4, 7, 0, 0, 36.60%, 10, 0, 4, 0.98, 98917, 97, 57267, 0
14937, 47, 4, 7, 0, 0, 36.60%, 10, 0, 4, 9.41, 98971, 97, 57305, 0
14942, 47, 4, 7, 0, 0, 36.60%, 10, 0, 4, 0.82, 98995, 97, 57317, 0
14947, 47, 4, 7, 0, 0, 36.60%, 10, 0, 4, 19.14, 99023, 97, 57337, 0
14953, 47, 6, 7, 0, 0, 36.60%, 10, 0, 4, 0.27, 99052, 97, 57354, 0
14958, 47, 6, 7, 0, 0, 36.60%, 10, 0, 4, 11.83, 99109, 97, 57388, 0
14965, 47, 6, 7, 0, 0, 36.60%, 10, 0, 4, 0.79, 99119, 97, 57397, 0
14970, 47, 6, 7, 0, 0, 36.60%, 10, 0, 4, 14.44, 99182, 97, 57429, 0
14976, 47, 6, 7, 0, 0, 36.60%, 10, 0, 4, 1.77, 99238, 97, 57462, 0
14983, 47, 6, 7, 0, 0, 36.60%, 10, 0, 4, 0.37, 99261, 97, 57477, 0
14988, 47, 6, 7, 0, 0, 36.60%, 10, 0, 4, 12.98, 99297, 97, 57498, 0
14994, 47, 6, 7, 0, 0, 36.60%, 10, 0, 4, 0.32, 99324, 97, 57513, 0
15000, 47, 6, 7, 0, 0, 36.60%, 10, 0, 4, 1.64, 99341, 97, 57522, 0
15006, 47, 6, 7, 0, 0, 36.60%, 10, 0, 4, 0.46, 99359, 97, 57535, 0
15011, 47, 6, 7, 0, 0, 36.60%, 10, 0, 4, 2.28, 99414, 97, 57570, 0
15016, 47, 3, 7, 0, 0, 36.60%, 10, 0, 4, 8.94, 99466, 97, 57599, 0
15022, 47, 3, 7, 0, 0, 36.60%, 10, 0, 4, 10.58, 99525, 97, 57633, 0
15029, 47, 3, 7, 0, 0, 36.60%, 10, 0, 4, 0.26, 99541, 97, 57644, 0
15037, 47, 3, 7, 0, 0, 36.60%, 10, 0, 4, 0.28, 99572, 97, 57665, 0
15045, 47, 3, 7, 0, 0, 36.60%, 10, 0, 4, 0.50, 99616, 97, 57688, 0
15050, 47, 2, 7, 0, 0, 36.60%, 10, 0, 4, 10.61, 99656, 97, 57712, 0
15059, 47, 2, 7, 0, 0, 36.60%, 10, 0, 4, 0.34, 99663, 97, 57716, 0
15064, 47, 2, 7, 0, 0, 36.60%, 10, 0, 4, 11.44, 99699, 97, 57737, 0
15071, 47, 2, 7, 0, 0, 36.60%, 10, 0, 4, 0.25, 99716, 97, 57749, 0
15076, 47, 2, 7, 0, 0, 36.60%, 10, 0, 4, 13.07, 99726, 97, 57755, 0
15081, 47, 2, 7, 0, 0, 36.60%, 10, 0, 4, 11.48, 99782, 97, 57789, 0
15088, 47, 2, 7, 0, 0, 36.60%, 10, 0, 4, 0.37, 99795, 97, 57797, 0
15093, 47, 4, 7, 0, 0, 36.60%, 10, 0, 4, 9.90, 99851, 97, 57827, 0
15099, 47, 4, 7, 0, 0, 36.60%, 10, 0, 4, 0.26, 99877, 97, 57841, 0
15104, 47, 4, 7, 0, 0, 36.60%, 10, 0, 4, 10.31, 99931, 97, 57877, 0
15109, 47, 4, 7, 0, 0, 36.60%, 10, 0, 4, 10.57, 99983, 97, 57910, 0
15115, 47, 4, 7, 0, 0, 36.60%, 10, 0, 4, 11.82, 100045, 97, 57941, 0
15120, 47, 4, 7, 0, 0, 36.60%, 10, 0, 4, 0.33, 100073, 97, 57958, 0
15126, 47, 4, 7, 0, 0, 36.60%, 10, 0, 4, 0.63, 100098, 97, 57977, 0
15132, 47, 4, 7, 0, 0, 36.60%, 10, 0, 4, 12.31, 100160, 97, 58007, 0
15137, 47, 4, 7, 0, 0, 36.60%, 10, 0, 4, 12.11, 100220, 97, 58038, 0
15142, 47, 0, 7, 0, 0, 36.60%, 10, 0, 4, 11.74, 100275, 97, 58068, 0
15147, 47, 0, 7, 0, 0, 36.60%, 10, 0, 4, 9.26, 100313, 97, 58091, 0
15152, 47, 0, 7, 0, 0, 36.60%, 10, 0, 4, 10.72, 100371, 97, 58126, 0
15159, 47, 0, 7, 0, 0, 36.60%, 10, 0, 4, 0.18, 100387, 97, 58138, 0
15164, 47, 0, 7, 0, 0, 36.60%, 10, 0, 4, 7.79, 100429, 97, 58163, 0
15169, 47, 0, 7, 0, 0, 36.60%, 10, 0, 4, 9.13, 100446, 97, 58173, 0
15178, 48, 5, 7, 0, 0, 36.60%, 10, 0, 4, 0.21, 100483, 97, 58200, 0
15183, 48, 5, 7, 0, 0, 36.60%, 10, 0, 4, 11.54, 100542, 97, 58235, 0
15188, 48, 5, 7, 0, 0, 36.60%, 10, 0, 4, 11.64, 100601, 97, 58267, 0
15193, 48, 6, 7, 0, 0, 36.60%, 10, 0, 4, 1.84, 100653, 97, 58294, 0
15199, 48, 6, 7, 0, 0, 36.60%, 10, 0, 4, 0.48, 100671, 97, 58306, 0
15204, 48, 6, 7, 0, 0, 36.60%, 10, 0, 4, 9.61, 100727, 97, 58337, 0
15209, 48, 6, 7, 0, 0, 36.60%, 10, 0, 4, 10.31, 100755, 97, 58353, 0
15214, 48, 6, 7, 0, 0, 36.60%, 10, 0, 4, 10.99, 100810, 97, 58383, 0
15219, 48, 6, 7, 0, 0, 36.60%, 10, 0, 4, 10.73, 100864, 97, 58418, 0
15225, 48, 6, 7, 0, 0, 36.60%, 10, 0, 4, 0.58, 100893, 97, 58438, 0
15230, 48, 6, 7, 0, 0, 36.60%, 10, 0, 4, 10.71, 100935, 97, 58462, 0
15238, 48, 6, 7, 0, 0, 36.60%, 10, 0, 4, 0.20, 100962, 97, 58478, 0
15244, 48, 6, 7, 0, 0, 36.60%, 10, 0, 4, 0.43, 100977, 97, 58486, 0
15249, 48, 6, 7, 0, 0, 36.60%, 10, 0, 4, 10.60, 101013, 97, 58507, 0
15256, 48, 6, 7, 0, 0, 36.60%, 10, 0, 4, 0.66, 101051, 97, 58528, 0
15261, 48, 6, 7, 0, 0, 36.60%, 10, 0, 4, 0.22, 101058, 97, 58533, 0
15267, 48, 6, 7, 0, 0, 36.60%, 10, 0, 4, 0.54, 101105, 97, 58559, 0
15279, 48, 6, 7, 0, 0, 36.60%, 10, 0, 4, 0.11, 101132, 97, 58575, 0
15284, 48, 6, 7, 0, 0, 36.60%, 10, 0, 4, 4.18, 101144, 97, 58584, 0
15292, 48, 6, 7, 0, 0, 36.60%, 10, 0, 4, 0.63, 101180, 97, 58600, 0
15298, 48, 6, 7, 0, 0, 36.60%, 10, 0, 4, 0.63, 101235, 97, 58630, 0
15304, 48, 6, 7, 0, 0, 36.60%, 10, 0, 4, 0.58, 101272, 97, 58642, 0
15312, 48, 6, 7, 0, 0, 36.60%, 10, 0, 4, 0.18, 101289, 97, 58654, 0
15317, 48, 6, 7, 0, 0, 36.60%, 10, 0, 4, 10.55, 101345, 97, 58688, 0
15324, 48, 6, 7, 0, 0, 36.60%, 10, 0, 4, 0.49, 101376, 97, 58710, 0
15329, 48, 6, 7, 0, 0, 36.60%, 10, 0, 4, 10.28, 101432, 97, 58741, 0
15334, 48, 6, 7, 0, 0, 36.60%, 10, 0, 4, 11.97, 101497, 97, 58769, 0
15339, 48, 6, 7, 0, 0, 36.60%, 10, 0, 4, 11.65, 101554, 97, 58805, 0
15344, 48, 6, 7, 0, 0, 36.60%, 10, 0, 4, 11.21, 101610, 97, 58835, 0
15349, 48, 6, 7, 0, 0, 36.60%, 10, 0, 4, 10.95, 101664, 97, 58863, 0
15355, 48, 6, 7, 0, 0, 36.60%, 10, 0, 4, 0.58, 101687, 97, 58877, 0
15360, 48, 6, 7, 0, 0, 36.60%, 10, 0, 4, 10.44, 101741, 97, 58910, 0
15365, 48, 6, 7, 0, 0, 36.60%, 10, 0, 4, 11.10, 101797, 97, 58945, 0
15370, 48, 6, 7, 0, 0, 36.60%, 10, 0, 4, 9.57, 101821, 97, 58961, 0
15377, 48, 6, 7, 0, 0, 36.60%, 10, 0, 4, 0.45, 101857, 97, 58981, 0
15384, 48, 6, 7, 0, 0, 36.60%, 10, 0, 4, 0.77, 101878, 97, 58996, 0
15391, 48, 6, 7, 0, 0, 36.60%, 10, 0, 4, 0.51, 101890, 97, 59003, 0
15396, 48, 6, 7, 0, 0, 36.60%, 10, 0, 4, 3.48, 101926, 97, 59023, 0
15401, 48, 6, 7, 0, 0, 36.60%, 10, 0, 4, 13.83, 101953, 97, 59037, 0
15406, 48, 6, 7, 0, 0, 36.60%, 10, 0, 4, 11.93, 102009, 97, 59067, 0
15413, 48, 6, 7, 0, 0, 36.60%, 10, 0, 4, 0.91, 102027, 97, 59080, 0
15418, 48, 6, 7, 0, 0, 36.60%, 10, 0, 4, 13.39, 102086, 97, 59113, 0
15423, 48, 6, 7, 0, 0, 36.60%, 10, 0, 4, 11.36, 102142, 97, 59150, 0
15432, 48, 6, 7, 0, 0, 36.60%, 10, 0, 4, 0.18, 102185, 97, 59177, 0
15437, 48, 6, 7, 0, 0, 36.60%, 10, 0, 4, 9.45, 102211, 97, 59194, 0
15447, 48, 6, 7, 0, 0, 36.60%, 10, 0, 4, 0.35, 102238, 97, 59206, 0
15453, 48, 6, 7, 0, 0, 36.60%, 10, 0, 4, 0.39, 102242, 97, 59209, 0
15460, 48, 0, 7, 0, 0, 36.60%, 10, 0, 4, 0.56, 102288, 97, 59233, 0
15466, 48, 0, 7, 0, 0, 36.60%, 10, 0, 4, 10.26, 102346, 97, 59263, 0
15471, 48, 0, 7, 0, 0, 36.60%, 10, 0, 4, 10.63, 102374, 97, 59279, 0
15476, 48, 0, 7, 0, 0, 36.60%, 10, 0, 4, 9.17, 102393, 97, 59292, 0
15481, 48, 5, 7, 0, 0, 36.60%, 10, 0, 4, 0.88, 102451, 97, 59317, 0
15487, 48, 5, 7, 0, 0, 36.60%, 10, 0, 4, 10.22, 102502, 97, 59348, 0
15492, 48, 5, 7, 0, 0, 36.60%, 10, 0, 4, 10.65, 102557, 97, 59382, 0
15498, 48, 5, 7, 0, 0, 36.60%, 10, 0, 4, 0.58, 102613, 97, 59413, 0
15503, 48, 5, 7, 0, 0, 36.60%, 10, 0, 4, 9.86, 102634, 97, 59423, 0
15508, 48, 3, 7, 0, 0, 36.60%, 10, 0, 4, 11.48, 102673, 97, 59449, 0
15515, 48, 3, 7, 0, 0, 36.60%, 10, 0, 4, 0.33, 102709, 97, 59477, 0
15520, 48, 3, 7, 0, 0, 36.60%, 10, 0, 4, 11.97, 102762, 97, 59504, 0
15526, 48, 3, 7, 0, 0, 36.60%, 10, 0, 4, 1.76, 102793, 97, 59523, 0
15531, 48, 3, 7, 0, 0, 36.60%, 10, 0, 4, 9.10, 102829, 97, 59549, 0
15536, 48, 6, 7, 0, 0, 36.60%, 10, 0, 4, 11.85, 102865, 97, 59569, 0
15542, 48, 6, 7, 0, 0, 36.60%, 10, 0, 4, 0.72, 102900, 97, 59589, 0
15548, 48, 6, 7, 0, 0, 36.60%, 10, 0, 4, 0.83, 102934, 97, 59609, 0
15554, 48, 6, 7, 0, 0, 36.60%, 10, 0, 4, 9.40, 102969, 97, 59629, 0
15559, 48, 6, 7, 0, 0, 36.60%, 10, 0, 4, 0.83, 102996, 97, 59643, 0
15565, 48, 6, 7, 0, 0, 36.60%, 10, 0, 4, 13.75, 103033, 97, 59662, 0
15570, 48, 6, 7, 0, 0, 36.60%, 10, 0, 4, 8.62, 103058, 97, 59676, 0
15575, 48, 6, 7, 0, 0, 36.60%, 10, 0, 4, 10.50, 103108, 97, 59697, 0
15580, 48, 6, 7, 0, 0, 36.60%, 10, 0, 4, 10.87, 103162, 97, 59731, 0
15585, 48, 6, 7, 0, 0, 36.60%, 10, 0, 4, 14.48, 103192, 97, 59748, 0
15591, 48, 6, 7, 0, 0, 36.60%, 10, 0, 4, 0.53, 103228, 97, 59765, 0
15596, 49, 3, 7, 0, 0, 36.60%, 10, 0, 4, 10.27, 103276, 97, 59791, 0
15606, 49, 3, 7, 0, 0, 36.60%, 10, 0, 4, 0.48, 103312, 97, 59809, 0
15611, 49, 3, 7, 0, 0, 36.60%, 10, 0, 4, 9.54, 103363, 97, 59840, 0
15616, 49, 3, 7, 0, 0, 36.60%, 10, 0, 4, 10.56, 103416, 97, 59870, 0
15621, 49, 1, 7, 0, 0, 36.60%, 10, 0, 4, 11.30, 103477, 97, 59902, 0
15627, 49, 1, 7, 0, 0, 36.60%, 10, 0, 4, 1.12, 103495, 97, 59913, 0
15632, 49, 1, 7, 0, 0, 36.60%, 10, 0, 4, 8.73, 103512, 97, 59924, 0
15637, 49, 1, 7, 0, 0, 36.60%, 10, 0, 4, 10.42, 103563, 97, 59955, 0
15643, 49, 1, 7, 0, 0, 36.60%, 10, 0, 4, 10.26, 103605, 97, 59977, 0
15648, 49, 4, 7, 0, 0, 36.60%, 10, 0, 4, 10.69, 103661, 97, 60008, 0
15653, 49, 4, 7, 0, 0, 36.60%, 10, 0, 4, 11.90, 103722, 97, 60035, 0
15658, 49, 4, 7, 0, 0, 36.60%, 10, 0, 4, 1.01, 103755, 97, 60054, 0
15667, 49, 4, 7, 0, 0, 36.60%, 10, 0, 4, 0.83, 103819, 97, 60085, 0
15676, 49, 1, 7, 0, 0, 36.60%, 10, 0, 4, 0.17, 103851, 97, 60108, 0
15685, 49, 1, 7, 0, 0, 36.60%, 10, 0, 4, 0.26, 103900, 97, 60136, 0
15690, 49, 1, 7, 0, 0, 36.60%, 10, 0, 4, 11.74, 103962, 97, 60170, 0
15695, 49, 1, 7, 0, 0, 36.60%, 10, 0, 4, 9.85, 103995, 97, 60189, 0
15700, 49, 1, 7, 0, 0, 36.60%, 10, 0, 4, 11.47, 104054, 97, 60223, 0
15705, 49, 1, 7, 0, 0, 36.60%, 10, 0, 4, 15.91, 104102, 97, 60243, 0
15711, 49, 1, 7, 0, 0, 36.60%, 10, 0, 4, 0.49, 104111, 97, 60248, 0
15716, 49, 1, 7, 0, 0, 36.60%, 10, 0, 4, 6.66, 104137, 97, 60261, 0
15722, 49, 1, 7, 0, 0, 36.60%, 10, 0, 4, 10.26, 104195, 97, 60297, 0
15729, 49, 1, 7, 0, 0, 36.60%, 10, 0, 4, 0.67, 104228, 97, 60317, 0
15734, 49, 1, 7, 0, 0, 36.60%, 10, 0, 4, 9.18, 104248, 97, 60331, 0
15740, 49, 4, 7, 0, 0, 36.60%, 10, 0, 4, 1.54, 104294, 97, 60355, 0
15745, 49, 4, 7, 0, 0, 36.60%, 10, 0, 4, 11.63, 104354, 97, 60382, 0
15752, 49, 4, 7, 0, 0, 36.60%, 10, 0, 4, 1.22, 104362, 97, 60386, 0
15757, 49, 4, 7, 0, 0, 36.60%, 10, 0, 4, 13.77, 104421, 97, 60412, 0
15767, 49, 4, 7, 0, 0, 36.60%, 10, 0, 4, 0.22, 104435, 97, 60421, 0
15773, 49, 6, 7, 0, 0, 36.60%, 10, 0, 4, 0.80, 104453, 97, 60433, 0
15782, 49, 6, 7, 0, 0, 36.60%, 10, 0, 4, 0.48, 104502, 97, 60465, 0
15787, 49, 6, 7, 0, 0, 36.60%, 10, 0, 4, 0.21, 104515, 97, 60472, 0
15793, 49, 6, 7, 0, 0, 36.60%, 10, 0, 4, 8.30, 104549, 97, 60497, 0
15801, 49, 6, 7, 0, 0, 36.60%, 10, 0, 4, 0.23, 104591, 97, 60520, 0
15806, 49, 6, 7, 0, 0, 36.60%, 10, 0, 4, 8.61, 104643, 97, 60545, 0
15813, 49, 6, 7, 0, 0, 36.60%, 10, 0, 4, 0.49, 104698, 97, 60569, 0
15818, 49, 6, 7, 0, 0, 36.60%, 10, 0, 4, 10.25, 104755, 97, 60599, 0
15823, 49, 6, 7, 0, 0, 36.60%, 10, 0, 4, 10.60, 104811, 97, 60631, 0
15830, 49, 6, 7, 0, 0, 36.60%, 10, 0, 4, 0.64, 104845, 97, 60654, 0
15835, 49, 2, 7, 0, 0, 36.60%, 10, 0, 4, 9.27, 104894, 97, 60687, 0
15840, 49, 2, 7, 0, 0, 36.60%, 10, 0, 4, 10.95, 104949, 97, 60718, 0
15847, 49, 2, 7, 0, 0, 36.60%, 10, 0, 4, 0.18, 104975, 97, 60732, 0
15853, 49, 2, 7, 0, 0, 36.60%, 10, 0, 4, 10.22, 105031, 97, 60764, 0
15859, 49, 2, 7, 0, 0, 36.60%, 10, 0, 4, 0.21, 105044, 97, 60773, 0
15865, 49, 2, 7, 0, 0, 36.60%, 10, 0, 4, 0.20, 105045, 97, 60774, 0
15870, 49, 1, 7, 0, 0, 36.60%, 10, 0, 4, 14.16, 105090, 97, 60797, 0
15876, 49, 1, 7, 0, 0, 36.60%, 10, 0, 4, 1.20, 105145, 97, 60824, 0
15881, 49, 1, 7, 0, 0, 36.60%, 10, 0, 4, 12.12, 105210, 97, 60854, 0
15887, 50, 4, 7, 0, 0, 36.60%, 10, 0, 4, 12.79, 105275, 97, 60880, 0
15892, 50, 4, 7, 0, 0, 36.60%, 10, 0, 4, 11.39, 105330, 97, 60913, 0
15897, 50, 4, 7, 0, 0, 36.60%, 10, 0, 4, 0.43, 105336, 97, 60918, 0
15902, 50, 4, 7, 0, 0, 36.60%, 10, 0, 4, 10.38, 105386, 97, 60950, 0
15908, 50, 4, 7, 0, 0, 36.60%, 10, 0, 4, 0.29, 105419, 97, 60967, 0
15914, 50, 4, 7, 0, 0, 36.60%, 10, 0, 4, 1.17, 105449, 97, 60981, 0
15920, 50, 5, 7, 0, 0, 36.60%, 10, 0, 4, 13.20, 105477, 97, 60999, 0
15927, 50, 5, 7, 0, 0, 36.60%, 10, 0, 4, 0.55, 105491, 97, 61006, 0
15934, 50, 5, 7, 0, 0, 36.60%, 10, 0, 4, 0.83, 105539, 97, 61039, 0
15939, 50, 5, 7, 0, 0, 36.60%, 10, 0, 4, 10.81, 105582, 97, 61065, 0
15944, 50, 5, 7, 0, 0, 36.60%, 10, 0, 4, 12.14, 105645, 97, 61097, 0
15950, 50, 3, 7, 0, 0, 36.60%, 10, 0, 4, 0.82, 105677, 97, 61113, 0
15955, 50, 3, 7, 0, 0, 36.60%, 10, 0, 4, 11.90, 105719, 97, 61137, 0
15961, 50, 3, 7, 0, 0, 36.60%, 10, 0, 4, 0.59, 105736, 97, 61146, 0
15966, 50, 3, 7, 0, 0, 36.60%, 10, 0, 4, 7.18, 105766, 97, 61166, 0
15971, 50, 3, 7, 0, 0, 36.60%, 10, 0, 4, 11.90, 105818, 97, 61190, 0
15978, 50, 3, 7, 0, 0, 36.60%, 10, 0, 4, 0.35, 105831, 97, 61197, 0
15983, 50, 1, 7, 0, 0, 36.60%, 10, 0, 4, 11.75, 105882, 97, 61226, 0
15988, 50, 1, 7, 0, 0, 36.60%, 10, 0, 4, 12.61, 105926, 97, 61245, 0
15993, 50, 1, 7, 0, 0, 36.60%, 10, 0, 4, 12.43, 105951, 97, 61253, 0
16000, 50, 1, 7, 0, 0, 36.60%, 10, 0, 4, 1.07, 105992, 97, 61276, 0
16005, 50, 1, 7, 0, 0, 36.60%, 10, 0, 4, 9.98, 106045, 97, 61303, 0
16011, 50, 3, 7, 0, 0, 36.60%, 10, 0, 4, 0.26, 106063, 97, 61314, 0
16016, 50, 3, 7, 0, 0, 36.60%, 10, 0, 4, 10.04, 106118, 97, 61343, 0
16021, 50, 3, 7, 0, 0, 36.60%, 10, 0, 4, 13.24, 106141, 97, 61355, 0
16026, 50, 3, 7, 0, 0, 36.60%, 10, 0, 4, 10.81, 106172, 97, 61373, 0
16031, 50, 3, 7, 0, 0, 36.60%, 10, 0, 4, 9.11, 106208, 97, 61397, 0
16039, 50, 4, 7, 0, 0, 36.60%, 10, 0, 4, 0.82, 106257, 97, 61427, 0
16045, 50, 4, 7, 0, 0, 36.60%, 10, 0, 4, 8.67, 106306, 97, 61454, 0
16050, 50, 4, 7, 0, 0, 36.60%, 10, 0, 4, 11.78, 106338, 97, 61473, 0
16055, 50, 4, 7, 0, 0, 36.60%, 10, 0, 4, 12.12, 106357, 97, 61482, 0
16060, 50, 4, 7, 0, 0, 36.60%, 10, 0, 4, 11.76, 106415, 97, 61516, 0
16068, 50, 6, 7, 0, 0, 36.60%, 10, 0, 4, 0.82, 106470, 97, 61542, 0
16075, 50, 6, 7, 0, 0, 36.60%, 10, 0, 4, 0.22, 106505, 97, 61565, 0
16080, 50, 6, 7, 0, 0, 36.60%, 10, 0, 4, 12.11, 106566, 97, 61596, 0
16085, 50, 6, 7, 0, 0, 36.60%, 10, 0, 4, 14.60, 106596, 97, 61610, 0
16091, 50, 6, 7, 0, 0, 36.60%, 10, 0, 4, 12.43, 106652, 97, 61644, 0
16096, 50, 6, 7, 0, 0, 36.60%, 10, 0, 4, 11.52, 106709, 97, 61678, 0
16101, 50, 6, 7, 0, 0, 36.60%, 10, 0, 4, 0.29, 106726, 97, 61691, 0
16108, 50, 6, 7, 0, 0, 36.60%, 10, 0, 4, 0.45, 106776, 97, 61713, 0
16115, 50, 6, 7, 0, 0, 36.60%, 10, 0, 4, 0.39, 106806, 97, 61733, 0
16120, 50, 4, 7, 0, 0, 36.60%, 10, 0, 4, 9.85, 106862, 97, 61766, 0
16129, 50, 4, 7, 0, 0, 36.60%, 10, 0, 4, 0.36, 106871, 97, 61771, 0
16134, 50, 4, 7, 0, 0, 36.60%, 10, 0, 4, 9.50, 106927, 97, 61803, 0
16140, 50, 4, 7, 0, 0, 36.60%, 10, 0, 4, 9.57, 106976, 97, 61837, 0
16147, 50, 4, 7, 0, 0, 36.60%, 10, 0, 4, 0.76, 107028, 97, 61861, 0
16152, 50, 4, 7, 0, 0, 36.60%, 10, 0, 4, 10.51, 107048, 97, 61876, 0
16157, 50, 4, 7, 0, 0, 36.60%, 10, 0, 4, 13.13, 107093, 97, 61896, 0
16167, 50, 4, 7, 0, 0, 36.60%, 10, 0, 4, 0.36, 107141, 97, 61921, 0
16172, 50, 4, 7, 0, 0, 36.60%, 10, 0, 4, 11.25, 107205, 97, 61949, 0
16180, 51, 4, 7, 0, 0, 36.60%, 10, 0, 4, 0.55, 107255, 97, 61973, 0
16186, 51, 4, 7, 0, 0, 36.60%, 10, 0, 4, 0.25, 107285, 97, 61990, 0
16195, 51, 4, 7, 0, 0, 36.60%, 10, 0, 4, 0.17, 107322, 97, 62012, 0
16201, 51, 4, 7, 0, 0, 36.60%, 10, 0, 4, 4.62, 107335, 97, 62022, 0
16206, 51, 4, 7, 0, 0, 36.60%, 10, 0, 4, 8.75, 107382, 97, 62052, 0
16212, 51, 4, 7, 0, 0, 36.60%, 10, 0, 4, 0.68, 107410, 97, 62070, 0
16217, 51, 1, 7, 0, 0, 36.60%, 10, 0, 4, 8.43, 107457, 97, 62099, 0
16223, 51, 1, 7, 0, 0, 36.60%, 10, 0, 4, 1.05, 107469, 97, 62106, 0
16228, 51, 1, 7, 0, 0, 36.60%, 10, 0, 4, 4.76, 107478, 97, 62110, 0
16233, 51, 1, 7, 0, 0, 36.60%, 10, 0, 4, 9.56, 107487, 97, 62116, 0
16238, 51, 1, 7, 0, 0, 36.60%, 10, 0, 4, 10.13, 107541, 97, 62154, 0
16243, 51, 1, 7, 0, 0, 36.60%, 10, 0, 4, 11.06, 107593, 97, 62182, 0
16249, 51, 1, 7, 0, 0, 36.60%, 10, 0, 4, 11.20, 107649, 97, 62215, 0
16254, 51, 3, 7, 0, 0, 36.60%, 10, 0, 4, 11.62, 107709, 97, 62246, 0
16259, 51, 3, 7, 0, 0, 36.60%, 10, 0, 4, 14.85, 107720, 97, 62251, 0
16264, 51, 3, 7, 0, 0, 36.60%, 10, 0, 4, 12.38, 107777, 97, 62284, 0
16269, 51, 3, 7, 0, 0, 36.60%, 10, 0, 4, 0.73, 107815, 97, 62306, 0
16276, 51, 1, 7, 0, 0, 36.60%, 10, 0, 4, 1.00, 107867, 97, 62334, 0
16282, 51, 1, 7, 0, 0, 36.60%, 10, 0, 4, 0.46, 107910, 97, 62360, 0
16287, 51, 1, 7, 0, 0, 36.60%, 10, 0, 4, 11.16, 107957, 97, 62389, 0
16293, 51, 1, 7, 0, 0, 36.60%, 10, 0, 4, 17.18, 107983, 97, 62405, 0
16298, 51, 1, 7, 0, 0, 36.60%, 10, 0, 4, 13.10, 108042, 97, 62434, 0
16303, 51, 5, 7, 0, 0, 36.60%, 10, 0, 4, 12.86, 108105, 97, 62466, 0
16311, 51, 5, 7, 0, 0, 36.60%, 10, 0, 4, 0.65, 108127, 97, 62479, 0
16316, 51, 5, 7, 0, 0, 36.60%, 10, 0, 4, 11.61, 108150, 97, 62490, 0
16322, 51, 5, 7, 0, 0, 36.60%, 10, 0, 4, 1.33, 108192, 97, 62514, 0
16327, 51, 5, 7, 0, 0, 36.60%, 10, 0, 4, 14.29, 108227, 97, 62532, 0
16332, 51, 5, 7, 0, 0, 36.60%, 10, 0, 4, 4.98, 108236, 97, 62538, 0
16337, 51, 0, 7, 0, 0, 36.60%, 10, 0, 4, 10.18, 108277, 97, 62557, 0
16342, 51, 0, 7, 0, 0, 36.60%, 10, 0, 4, 6.67, 108295, 97, 62566, 0
16348, 51, 0, 7, 0, 0, 36.60%, 10, 0, 4, 0.88, 108319, 97, 62581, 0
16355, 51, 0, 7, 0, 0, 36.60%, 10, 0, 4, 0.69, 108338, 97, 62596, 0
16360, 51, 0, 7, 0, 0, 36.60%, 10, 0, 4, 8.85, 108390, 97, 62633, 0
16366, 51, 0, 7, 0, 0, 36.60%, 10, 0, 4, 0.29, 108416, 97, 62652, 0
16372, 51, 1, 7, 0, 0, 36.60%, 10, 0, 4, 0.61, 108458, 97, 62674, 0
16377, 51, 1, 7, 0, 0, 36.60%, 10, 0, 4, 9.35, 108489, 97, 62694, 0
16382, 51, 1, 7, 0, 0, 36.60%, 10, 0, 4, 13.13, 108526, 97, 62715, 0
16388, 51, 1, 7, 0, 0, 36.60%, 10, 0, 4, 0.39, 108539, 97, 62724, 0
16393, 51, 1, 7, 0, 0, 36.60%, 10, 0, 4, 12.17, 108600, 97, 62752, 0
16401, 51, 1, 7, 0, 0, 36.60%, 10, 0, 4, 0.61, 108632, 97, 62773, 0
16406, 51, 3, 7, 0, 0, 36.60%, 10, 0, 4, 9.56, 108687, 97, 62803, 0
16411, 51, 3, 7, 0, 0, 36.60%, 10, 0, 4, 10.53, 108744, 97, 62839, 0
16416, 51, 3, 7, 0, 0, 36.60%, 10, 0, 4, 11.49, 108803, 97, 62872, 0
16421, 51, 3, 7, 0, 0, 36.60%, 10, 0, 4, 11.86, 108866, 97, 62904, 0
16427, 51, 3, 7, 0, 0, 36.60%, 10, 0, 4, 15.31, 108907, 97, 62928, 0
16432, 51, 3, 7, 0, 0, 36.60%, 10, 0, 4, 0.55, 108928, 97, 62940, 0
16437, 51, 3, 7, 0, 0, 36.60%, 10, 0, 4, 12.16, 108988, 97, 62971, 0
16442, 51, 3, 7, 0, 0, 36.60%, 10, 0, 4, 9.30, 109012, 97, 62985, 0
16448, 51, 3, 7, 0, 0, 36.60%, 10, 0, 4, 0.42, 109024, 97, 62990, 0
16454, 52, 6, 7, 0, 0, 36.60%, 10, 0, 4, 0.56, 109062, 97, 63010, 0
16461, 52, 6, 7, 0, 0, 36.60%, 10, 0, 4, 0.94, 109109, 97, 63038, 0
16467, 52, 6, 7, 0, 0, 36.60%, 10, 0, 4, 10.15, 109163, 97, 63068, 0
16475, 52, 6, 7, 0, 0, 36.60%, 10, 0, 4, 0.34, 109188, 97, 63084, 0
16480, 52, 6, 7, 0, 0, 36.60%, 10, 0, 4, 12.80, 109209, 97, 63095, 0
16485, 52, 6, 7, 0, 0, 36.60%, 10, 0, 4, 11.11, 109261, 97, 63128, 0
16492, 52, 6, 7, 0, 0, 36.60%, 10, 0, 4, 0.22, 109289, 97, 63139, 0
16497, 52, 6, 7, 0, 0, 36.60%, 10, 0, 4, 12.17, 109347, 97, 63171, 0
16502, 52, 6, 7, 0, 0, 36.60%, 10, 0, 4, 10.55, 109380, 97, 63190, 0
16508, 52, 6, 7, 0, 0, 36.60%, 10, 0, 4, 11.88, 109424, 97, 63219, 0
16513, 52, 3, 7, 0, 0, 36.60%, 10, 0, 4, 10.68, 109474, 97, 63245, 0
16518, 52, 3, 7, 0, 0, 36.60%, 10, 0, 4, 9.94, 109507, 97, 63263, 0
16523, 52, 3, 7, 0, 0, 36.60%, 10, 0, 4, 11.42, 109568, 97, 63292, 0
16531, 52, 3, 7, 0, 0, 36.60%, 10, 0, 4, 0.65, 109616, 97, 63321, 0
16536, 52, 4, 7, 0, 0, 36.60%, 10, 0, 4, 10.71, 109674, 97, 63357, 0
16541, 52, 4, 7, 0, 0, 36.60%, 10, 0, 4, 11.76, 109736, 97, 63386, 0
16546, 52, 4, 7, 0, 0, 36.60%, 10, 0, 4, 8.08, 109770, 97, 63412, 0
16551, 52, 4, 7, 0, 0, 36.60%, 10, 0, 4, 9.22, 109779, 97, 63419, 0
16560, 52, 4, 7, 0, 0, 36.60%, 10, 0, 4, 0.49, 109822, 97, 63442, 0
16565, 52, 6, 7, 0, 0, 36.60%, 10, 0, 4, 11.95, 109850, 97, 63459, 0
16570, 52, 6, 7, 0, 0, 36.60%, 10, 0, 4, 12.09, 109911, 97, 63491, 0
16575, 52, 6, 7, 0, 0, 36.60%, 10, 0, 4, 11.71, 109972, 97, 63522, 0
16585, 52, 6, 7, 0, 0, 36.60%, 10, 0, 4, 0.17, 110022, 97, 63554, 0
16590, 52, 6, 7, 0, 0, 36.60%, 10, 0, 4, 9.84, 110073, 97, 63586, 0
16612, 52, 6, 7, 0, 0, 36.60%, 10, 0, 4, 0.06, 110113, 97, 63605, 0
16621, 52, 6, 7, 0, 0, 36.60%, 10, 0, 4, 0.43, 110171, 97, 63630, 0
16629, 52, 6, 7, 0, 0, 36.60%, 10, 0, 4, 0.44, 110211, 97, 63653, 0
16634, 52, 3, 7, 0, 0, 36.60%, 10, 0, 4, 11.36, 110270, 97, 63687, 0
16642, 52, 3, 7, 0, 0, 36.60%, 10, 0, 4, 0.55, 110329, 97, 63709, 0
16647, 52, 3, 7, 0, 0, 36.60%, 10, 0, 4, 0.46, 110339, 97, 63714, 0
16652, 52, 3, 7, 0, 0, 36.60%, 10, 0, 4, 11.45, 110401, 97, 63747, 0
16658, 52, 3, 7, 0, 0, 36.60%, 10, 0, 4, 10.58, 110454, 97, 63781, 0
16665, 52, 3, 7, 0, 0, 36.60%, 10, 0, 4, 0.33, 110475, 97, 63797, 0
16671, 52, 3, 7, 0, 0, 36.60%, 10, 0, 4, 12.04, 110528, 97, 63830, 0
16681, 52, 3, 7, 0, 0, 36.60%, 10, 0, 4, 0.18, 110585, 97, 63863, 0
16688, 52, 3, 7, 0, 0, 36.60%, 10, 0, 4, 0.45, 110611, 97, 63880, 0
16693, 52, 5, 7, 0, 0, 36.60%, 10, 0, 4, 10.69, 110670, 97, 63913, 0
16698, 52, 5, 7, 0, 0, 36.60%, 10, 0, 4, 11.26, 110726, 97, 63946, 0
16705, 52, 5, 7, 0, 0, 36.60%, 10, 0, 4, 0.73, 110753, 97, 63963, 0
16712, 52, 5, 7, 0, 0, 36.60%, 10, 0, 4, 0.24, 110772, 97, 63977, 0
16717, 52, 5, 7, 0, 0, 36.60%, 10, 0, 4, 8.83, 110819, 97, 64002, 0
16722, 52, 0, 7, 0, 0, 36.60%, 10, 0, 4, 10.95, 110876, 97, 64031, 0
16729, 52, 0, 7, 0, 0, 36.60%, 10, 0, 4, 1.20, 110919, 97, 64057, 0
16737, 52, 0, 7, 0, 0, 36.60%, 10, 0, 4, 0.17, 110946, 97, 64076, 0
16744, 52, 0, 7, 0, 0, 36.60%, 10, 0, 4, 0.48, 110978, 97, 64094, 0
16749, 52, 0, 7, 0, 0, 36.60%, 10, 0, 4, 8.11, 111025, 97, 64127, 0
16754, 52, 0, 7, 0, 0, 36.60%, 10, 0, 4, 9.67, 111078, 97, 64163, 0
16759, 52, 0, 7, 0, 0, 36.60%, 10, 0, 4, 10.31, 111131, 97, 64196, 0
16764, 52, 0, 7, 0, 0, 36.60%, 10, 0, 4, 10.99, 111185, 97, 64230, 0
16769, 52, 0, 7, 0, 0, 36.60%, 10, 0, 4, 11.33, 111242, 97, 64261, 0
16774, 53, 4, 7, 0, 0, 36.60%, 10, 0, 4, 10.88, 111299, 97, 64299, 0
16779, 53, 4, 7, 0, 0, 36.60%, 10, 0, 4, 11.09, 111336, 97, 64321, 0
16788, 53, 4, 7, 0, 0, 36.60%, 10, 0, 4, 0.18, 111364, 97, 64340, 0
16793, 53, 4, 7, 0, 0, 36.60%, 10, 0, 4, 9.30, 111409, 97, 64371, 0
16798, 53, 4, 7, 0, 0, 36.60%, 10, 0, 4, 5.29, 111429, 97, 64386, 0
16803, 53, 2, 7, 0, 0, 36.60%, 10, 0, 4, 9.73, 111488, 97, 64421, 0
16809, 53, 2, 7, 0, 0, 36.60%, 10, 0, 4, 0.58, 111511, 97, 64437, 0
16814, 53, 2, 7, 0, 0, 36.60%, 10, 0, 4, 9.95, 111560, 97, 64467, 0
16821, 53, 2, 7, 0, 0, 36.60%, 10, 0, 4, 1.48, 111579, 97, 64481, 0
16826, 53, 2, 7, 0, 0, 36.60%, 10, 0, 4, 11.41, 111588, 97, 64487, 0
16833, 53, 2, 7, 0, 0, 36.60%, 10, 0, 4, 0.21, 111612, 97, 64500, 0
16838, 53, 2, 7, 0, 0, 36.60%, 10, 0, 4, 10.49, 111649, 97, 64519, 0
16843, 53, 1, 7, 0, 0, 36.60%, 10, 0, 4, 1.70, 111699, 97, 64552, 0
16851, 53, 1, 7, 0, 0, 36.60%, 10, 0, 4, 0.33, 111721, 97, 64566, 0
16856, 53, 1, 7, 0, 0, 36.60%, 10, 0, 4, 10.13, 111776, 97, 64597, 0
16861, 53, 1, 7, 0, 0, 36.60%, 10, 0, 4, 10.24, 111829, 97, 64628, 0
16867, 53, 1, 7, 0, 0, 36.60%, 10, 0, 4, 0.36, 111862, 97, 64647, 0
16874, 53, 1, 7, 0, 0, 36.60%, 10, 0, 4, 0.25, 111883, 97, 64657, 0
16880, 53, 1, 7, 0, 0, 36.60%, 10, 0, 4, 7.44, 111916, 97, 64679, 0
16885, 53, 1, 7, 0, 0, 36.60%, 10, 0, 4, 6.65, 111947, 97, 64696, 0
16897, 53, 1, 7, 0, 0, 36.60%, 10, 0, 4, 0.12, 111981, 97, 64712, 0
16902, 53, 1, 7, 0, 0, 36.60%, 10, 0, 4, 9.62, 112014, 97, 64734, 0
16908, 53, 5, 7, 0, 0, 36.60%, 10, 0, 4, 10.75, 112068, 97, 64765, 0
16913, 53, 5, 7, 0, 0, 36.60%, 10, 0, 4, 10.58, 112118, 97, 64791, 0
16918, 53, 5, 7, 0, 0, 36.60%, 10, 0, 4, 10.24, 112170, 97, 64823, 0
16927, 53, 5, 7, 0, 0, 36.60%, 10, 0, 4, 0.17, 112196, 97, 64843, 0
16932, 53, 5, 7, 0, 0, 36.60%, 10, 0, 4, 7.58, 112232, 97, 64867, 0
16938, 53, 6, 7, 0, 0, 36.60%, 10, 0, 4, 1.83, 112287, 97, 64902, 0
16943, 53, 6, 7, 0, 0, 36.60%, 10, 0, 4, 9.95, 112338, 97, 64927, 0
16948, 53, 6, 7, 0, 0, 36.60%, 10, 0, 4, 8.33, 112346, 97, 64932, 0
16954, 53, 6, 7, 0, 0, 36.60%, 10, 0, 4, 1.02, 112387, 97, 64952, 0
16959, 53, 6, 7, 0, 0, 36.60%, 10, 0, 4, 0.57, 112406, 97, 64963, 0
16965, 53, 6, 7, 0, 0, 36.60%, 10, 0, 4, 0.28, 112431, 97, 64981, 0
16970, 53, 6, 7, 0, 0, 36.60%, 10, 0, 4, 9.89, 112485, 97, 65002, 0
16977, 53, 6, 7, 0, 0, 36.60%, 10, 0, 4, 0.67, 112536, 97, 65031, 0
16983, 53, 6, 7, 0, 0, 36.60%, 10, 0, 4, 10.25, 112590, 97, 65064, 0
16988, 53, 6, 7, 0, 0, 36.60%, 10, 0, 4, 11.20, 112648, 97, 65097, 0
16996, 53, 6, 7, 0, 0, 36.60%, 10, 0, 4, 0.61, 112689, 97, 65124, 0
17006, 53, 6, 7, 0, 0, 36.60%, 10, 0, 4, 0.19, 112728, 97, 65147, 0
17013, 53, 6, 7, 0, 0, 36.60%, 10, 0, 4, 0.23, 112752, 97, 65160, 0
17018, 53, 6, 7, 0, 0, 36.60%, 10, 0, 4, 11.02, 112785, 97, 65180, 0
17023, 53, 6, 7, 0, 0, 36.60%, 10, 0, 4, 11.07, 112832, 97, 65201, 0
17028, 53, 6, 7, 0, 0, 36.60%, 10, 0, 4, 2.77, 112867, 97, 65224, 0
17033, 53, 6, 7, 0, 0, 36.60%, 10, 0, 4, 13.78, 112900, 97, 65244, 0
17040, 53, 6, 7, 0, 0, 36.60%, 10, 0, 4, 0.55, 112922, 97, 65258, 0
17045, 53, 6, 7, 0, 0, 36.60%, 10, 0, 4, 11.11, 112976, 97, 65289, 0
17050, 53, 6, 7, 0, 0, 36.60%, 10, 0, 4, 11.41, 113033, 97, 65321, 0
17056, 53, 2, 7, 0, 0, 36.60%, 10, 0, 4, 10.48, 113085, 97, 65352, 0
17061, 53, 2, 7, 0, 0, 36.60%, 10, 0, 4, 4.83, 113105, 97, 65364, 0
17066, 53, 2, 7, 0, 0, 36.60%, 10, 0, 4, 7.82, 113140, 97, 65390, 0
17076, 53, 2, 7, 0, 0, 36.60%, 10, 0, 4, 0.17, 113171, 97, 65411, 0
17084, 53, 2, 7, 0, 0, 36.60%, 10, 0, 4, 0.23, 113180, 97, 65417, 0
17089, 53, 2, 7, 0, 0, 36.60%, 10, 0, 4, 13.98, 113210, 97, 65433, 0
17094, 53, 0, 7, 0, 0, 36.60%, 10, 0, 4, 11.79, 113268, 97, 65468, 0
17099, 53, 0, 7, 0, 0, 36.60%, 10, 0, 4, 10.45, 113326, 97, 65497, 0
17104, 53, 0, 7, 0, 0, 36.60%, 10, 0, 4, 14.32, 113357, 97, 65509, 0
17110, 53, 0, 7, 0, 0, 36.60%, 10, 0, 4, 11.92, 113416, 97, 65547, 0
17118, 53, 0, 7, 0, 0, 36.60%, 10, 0, 4, 0.56, 113429, 97, 65557, 0
17127, 54, 1, 7, 0, 0, 36.60%, 10, 0, 4, 0.66, 113461, 97, 65577, 0
17132, 54, 1, 7, 0, 0, 36.60%, 10, 0, 4, 14.22, 113490, 97, 65595, 0
17138, 54, 1, 7, 0, 0, 36.60%, 10, 0, 4, 0.52, 113499, 97, 65599, 0
17143, 54, 1, 7, 0, 0, 36.60%, 10, 0, 4, 10.68, 113555, 97, 65630, 0
17148, 54, 1, 7, 0, 0, 36.60%, 10, 0, 4, 0.20, 113556, 97, 65631, 0
17153, 54, 1, 7, 0, 0, 36.60%, 10, 0, 4, 11.12, 113612, 97, 65664, 0
17161, 54, 1, 7, 0, 0, 36.60%, 10, 0, 4, 0.95, 113648, 97, 65685, 0
17166, 54, 5, 7, 0, 0, 36.60%, 10, 0, 4, 10.94, 113706, 97, 65717, 0
17174, 54, 5, 7, 0, 0, 36.60%, 10, 0, 4, 0.25, 113725, 97, 65732, 0
17179, 54, 5, 7, 0, 0, 36.60%, 10, 0, 4, 12.54, 113786, 97, 65766, 0
17187, 54, 5, 7, 0, 0, 36.60%, 10, 0, 4, 0.33, 113833, 97, 65795, 0
17192, 54, 0, 7, 0, 0, 36.60%, 10, 0, 4, 11.60, 113896, 97, 65827, 0
17197, 54, 0, 7, 0, 0, 36.60%, 10, 0, 4, 15.80, 113947, 97, 65852, 0
17202, 54, 0, 7, 0, 0, 36.60%, 10, 0, 4, 0.54, 113963, 97, 65860, 0
17208, 54, 0, 7, 0, 0, 36.60%, 10, 0, 4, 8.08, 114007, 97, 65888, 0
17213, 54, 1, 7, 0, 0, 36.60%, 10, 0, 4, 10.99, 114066, 97, 65920, 0
17219, 54, 1, 7, 0, 0, 36.60%, 10, 0, 4, 0.69, 114094, 97, 65931, 0
17224, 54, 1, 7, 0, 0, 36.60%, 10, 0, 4, 10.70, 114149, 97, 65966, 0
17229, 54, 1, 7, 0, 0, 36.60%, 10, 0, 4, 10.67, 114201, 97, 66000, 0
17234, 54, 1, 7, 0, 0, 36.60%, 10, 0, 4, 10.26, 114248, 97, 66026, 0
17239, 54, 0, 7, 0, 0, 36.60%, 10, 0, 4, 9.92, 114281, 97, 66043, 0
17244, 54, 0, 7, 0, 0, 36.60%, 10, 0, 4, 11.63, 114340, 97, 66072, 0
17250, 54, 0, 7, 0, 0, 36.60%, 10, 0, 4, 0.34, 114364, 97, 66088, 0
17255, 54, 0, 7, 0, 0, 36.60%, 10, 0, 4, 0.23, 114372, 97, 66094, 0
17260, 54, 0, 7, 0, 0, 36.60%, 10, 0, 4, 10.43, 114393, 97, 66106, 0
17267, 54, 6, 7, 0, 0, 36.60%, 10, 0, 4, 1.12, 114450, 97, 66141, 0
17272, 54, 6, 7, 0, 0, 36.60%, 10, 0, 4, 10.10, 114504, 97, 66175, 0
17277, 54, 6, 7, 0, 0, 36.60%, 10, 0, 4, 9.45, 114530, 97, 66191, 0
17283, 54, 6, 7, 0, 0, 36.60%, 10, 0, 4, 1.22, 114581, 97, 66216, 0
17288, 54, 6, 7, 0, 0, 36.60%, 10, 0, 4, 9.96, 114618, 97, 66239, 0
17293, 54, 6, 7, 0, 0, 36.60%, 10, 0, 4, 11.70, 114680, 97, 66268, 0
17298, 54, 6, 7, 0, 0, 36.60%, 10, 0, 4, 13.74, 114694, 97, 66277, 0
17304, 54, 6, 7, 0, 0, 36.60%, 10, 0, 4, 11.64, 114748, 97, 66308, 0
17309, 54, 6, 7, 0, 0, 36.60%, 10, 0, 4, 8.77, 114791, 97, 66332, 0
17314, 54, 6, 7, 0, 0, 36.60%, 10, 0, 4, 10.21, 114844, 97, 66370, 0
17319, 54, 6, 7, 0, 0, 36.60%, 10, 0, 4, 12.77, 114883, 97, 66392, 0
17324, 54, 6, 7, 0, 0, 36.60%, 10, 0, 4, 10.91, 114935, 97, 66421, 0
17331, 54, 6, 7, 0, 0, 36.60%, 10, 0, 4, 0.66, 114960, 97, 66434, 0
17336, 54, 6, 7, 0, 0, 36.60%, 10, 0, 4, 9.36, 115015, 97, 66468, 0
17342, 54, 6, 7, 0, 0, 36.60%, 10, 0, 4, 0.44, 115027, 97, 66477, 0
17347, 54, 6, 7, 0, 0, 36.60%, 10, 0, 4, 2.11, 115043, 97, 66491, 0
17352, 54, 6, 7, 0, 0, 36.60%, 10, 0, 4, 13.29, 115087, 97, 66516, 0
17357, 54, 6, 7, 0, 0, 36.60%, 10, 0, 4, 11.50, 115140, 97, 66549, 0
17363, 54, 6, 7, 0, 0, 36.60%, 10, 0, 4, 11.57, 115198, 97, 66581, 0
17368, 54, 6, 7, 0, 0, 36.60%, 10, 0, 4, 10.52, 115234, 97, 66601, 0
17373, 54, 5, 7, 0, 0, 36.60%, 10, 0, 4, 11.34, 115291, 97, 66637, 0
17380, 54, 5, 7, 0, 0, 36.60%, 10, 0, 4, 0.46, 115302, 97, 66643, 0
17386, 54, 5, 7, 0, 0, 36.60%, 10, 0, 4, 12.43, 115366, 97, 66677, 0
17391, 54, 5, 7, 0, 0, 36.60%, 10, 0, 4, 13.31, 115409, 97, 66698, 0
17399, 54, 5, 7, 0, 0, 36.60%, 10, 0, 4, 0.59, 115443, 97, 66719, 0
17404, 54, 2, 7, 0, 0, 36.60%, 10, 0, 4, 1.74, 115475, 97, 66733, 0
17412, 54, 2, 7, 0, 0, 36.60%, 10, 0, 4, 0.58, 115505, 97, 66748, 0
17418, 54, 2, 7, 0, 0, 36.60%, 10, 0, 4, 0.94, 115547, 97, 66770, 0
17425, 54, 2, 7, 0, 0, 36.60%, 10, 0, 4, 0.79, 115583, 97, 66791, 0
17430, 54, 2, 7, 0, 0, 36.60%, 10, 0, 4, 12.51, 115643, 97, 66825, 0
17435, 55, 3, 7, 0, 0, 36.60%, 10, 0, 4, 4.11, 115670, 97, 66836, 0
17441, 55, 3, 7, 0, 0, 36.60%, 10, 0, 4, 14.33, 115713, 97, 66859, 0
17446, 55, 3, 7, 0, 0, 36.60%, 10, 0, 4, 7.82, 115739, 97, 66869, 0
17451, 55, 3, 7, 0, 0, 36.60%, 10, 0, 4, 10.38, 115797, 97, 66903, 0
17456, 55, 6, 7, 0, 0, 36.60%, 10, 0, 4, 11.41, 115857, 97, 66938, 0
17461, 55, 6, 7, 0, 0, 36.60%, 10, 0, 4, 9.80, 115880, 97, 66954, 0
17466, 55, 6, 7, 0, 0, 36.60%, 10, 0, 4, 9.97, 115919, 97, 66979, 0
17472, 55, 6, 7, 0, 0, 36.60%, 10, 0, 4, 0.52, 115922, 97, 66980, 0
17480, 55, 6, 7, 0, 0, 36.60%, 10, 0, 4, 1.06, 115959, 97, 66997, 0
17487, 55, 6, 7, 0, 0, 36.60%, 10, 0, 4, 1.02, 116012, 97, 67024, 0
17493, 55, 6, 7, 0, 0, 36.60%, 10, 0, 4, 8.29, 116037, 97, 67036, 0
17498, 55, 6, 7, 0, 0, 36.60%, 10, 0, 4, 9.78, 116075, 97, 67064, 0
17504, 55, 6, 7, 0, 0, 36.60%, 10, 0, 4, 0.61, 116093, 97, 67074, 0
17509, 55, 6, 7, 0, 0, 36.60%, 10, 0, 4, 9.85, 116151, 97, 67105, 0
17519, 55, 6, 7, 0, 0, 36.60%, 10, 0, 4, 0.35, 116197, 97, 67130, 0
17525, 55, 6, 7, 0, 0, 36.60%, 10, 0, 4, 0.35, 116201, 97, 67132, 0
17530, 55, 3, 7, 0, 0, 36.60%, 10, 0, 4, 10.69, 116253, 97, 67164, 0
17535, 55, 3, 7, 0, 0, 36.60%, 10, 0, 4, 11.37, 116312, 97, 67197, 0
17540, 55, 3, 7, 0, 0, 36.60%, 10, 0, 4, 11.35, 116369, 97, 67228, 0
17545, 55, 3, 7, 0, 0, 36.60%, 10, 0, 4, 5.48, 116403, 97, 67245, 0
17550, 55, 3, 7, 0, 0, 36.60%, 10, 0, 4, 11.20, 116434, 97, 67263, 0
17555, 55, 2, 7, 0, 0, 36.60%, 10, 0, 4, 11.85, 116477, 97, 67286, 0
17561, 55, 2, 7, 0, 0, 36.60%, 10, 0, 4, 0.43, 116494, 97, 67300, 0
17566, 55, 2, 7, 0, 0, 36.60%, 10, 0, 4, 10.16, 116532, 97, 67324, 0
17571, 55, 2, 7, 0, 0, 36.60%, 10, 0, 4, 9.09, 116559, 97, 67338, 0
17587, 55, 2, 7, 0, 0, 36.60%, 10, 0, 4, 0.17, 116600, 97, 67363, 0
17593, 55, 2, 7, 0, 0, 36.60%, 10, 0, 4, 0.84, 116643, 97, 67391, 0
17598, 55, 4, 7, 0, 0, 36.60%, 10, 0, 4, 12.70, 116703, 97, 67420, 0
17603, 55, 4, 7, 0, 0, 36.60%, 10, 0, 4, 10.22, 116724, 97, 67436, 0
17610, 55, 4, 7, 0, 0, 36.60%, 10, 0, 4, 0.59, 116747, 97, 67447, 0
17616, 55, 4, 7, 0, 0, 36.60%, 10, 0, 4, 0.44, 116767, 97, 67461, 0
17623, 55, 4, 7, 0, 0, 36.60%, 10, 0, 4, 0.77, 116822, 97, 67482, 0
17628, 55, 0, 7, 0, 0, 36.60%, 10, 0, 4, 10.64, 116881, 97, 67516, 0
17639, 55, 0, 7, 0, 0, 36.60%, 10, 0, 4, 0.36, 116915, 97, 67537, 0
17647, 55, 0, 7, 0, 0, 36.60%, 10, 0, 4, 0.22, 116954, 97, 67560, 0
17652, 55, 0, 7, 0, 0, 36.60%, 10, 0, 4, 8.95, 117009, 97, 67595, 0
17657, 55, 1, 7, 0, 0, 36.60%, 10, 0, 4, 10.09, 117063, 97, 67627, 0
17662, 55, 1, 7, 0, 0, 36.60%, 10, 0, 4, 11.67, 117124, 97, 67656, 0
17668, 55, 1, 7, 0, 0, 36.60%, 10, 0, 4, 10.99, 117181, 97, 67692, 0
17673, 55, 1, 7, 0, 0, 36.60%, 10, 0, 4, 0.32, 117186, 97, 67695, 0
17678, 55, 1, 7, 0, 0, 36.60%, 10, 0, 4, 10.11, 117232, 97, 67715, 0
17683, 55, 2, 7, 0, 0, 36.60%, 10, 0, 4, 9.74, 117282, 97, 67745, 0
17690, 55, 2, 7, 0, 0, 36.60%, 10, 0, 4, 0.18, 117292, 97, 67749, 0
17697, 55, 2, 7, 0, 0, 36.60%, 10, 0, 4, 0.29, 117341, 97, 67776, 0
17702, 55, 2, 7, 0, 0, 36.60%, 10, 0, 4, 13.19, 117384, 97, 67798, 0
17708, 55, 2, 7, 0, 0, 36.60%, 10, 0, 4, 11.40, 117439, 97, 67833, 0
17713, 55, 2, 7, 0, 0, 36.60%, 10, 0, 4, 8.75, 117477, 97, 67853, 0
17721, 55, 2, 7, 0, 0, 36.60%, 10, 0, 4, 0.90, 117513, 97, 67868, 0
17726, 55, 2, 7, 0, 0, 36.60%, 10, 0, 4, 13.81, 117561, 97, 67894, 0
17731, 55, 2, 7, 0, 0, 36.60%, 10, 0, 4, 12.54, 117582, 97, 67908, 0
17736, 55, 2, 7, 0, 0, 36.60%, 10, 0, 4, 11.13, 117634, 97, 67945, 0
17742, 56, 2, 7, 0, 0, 36.60%, 10, 0, 4, 12.52, 117698, 97, 67977, 0
17747, 56, 2, 7, 0, 0, 36.60%, 10, 0, 4, 0.70, 117724, 97, 67995, 0
17754, 56, 2, 7, 0, 0, 36.60%, 10, 0, 4, 0.44, 117763, 97, 68014, 0
17760, 56, 2, 7, 0, 0, 36.60%, 10, 0, 4, 0.44, 117794, 97, 68031, 0
17765, 56, 2, 7, 0, 0, 36.60%, 10, 0, 4, 10.06, 117811, 97, 68044, 0
17773, 56, 2, 7, 0, 0, 36.60%, 10, 0, 4, 0.37, 117844, 97, 68060, 0
17778, 56, 3, 7, 0, 0, 36.60%, 10, 0, 4, 8.49, 117894, 97, 68095, 0
17783, 56, 3, 7, 0, 0, 36.60%, 10, 0, 4, 10.61, 117952, 97, 68126, 0
17794, 56, 3, 7, 0, 0, 36.60%, 10, 0, 4, 0.25, 117970, 97, 68139, 0
17800, 56, 3, 7, 0, 0, 36.60%, 10, 0, 4, 12.08, 118031, 97, 68165, 0
17805, 56, 6, 7, 0, 0, 36.60%, 10, 0, 4, 10.26, 118080, 97, 68198, 0
17810, 56, 6, 7, 0, 0, 36.60%, 10, 0, 4, 13.69, 118130, 97, 68229, 0
17817, 56, 6, 7, 0, 0, 36.60%, 10, 0, 4, 0.44, 118160, 97, 68247, 0
17822, 56, 6, 7, 0, 0, 36.60%, 10, 0, 4, 9.98, 118220, 97, 68275, 0
17827, 56, 6, 7, 0, 0, 36.60%, 10, 0, 4, 9.68, 118260, 97, 68300, 0
17832, 56, 6, 7, 0, 0, 36.60%, 10, 0, 4, 9.42, 118293, 97, 68320, 0
17837, 56, 6, 7, 0, 0, 36.60%, 10, 0, 4, 10.20, 118344, 97, 68352, 0
17842, 56, 6, 7, 0, 0, 36.60%, 10, 0, 4, 10.51, 118400, 97, 68387, 0
17848, 56, 6, 7, 0, 0, 36.60%, 10, 0, 4, 10.53, 118434, 97, 68409, 0
17853, 56, 4, 7, 0, 0, 36.60%, 10, 0, 4, 1.53, 118458, 97, 68425, 0
17859, 56, 4, 7, 0, 0, 36.60%, 10, 0, 4, 0.75, 118485, 97, 68443, 0
17866, 56, 4, 7, 0, 0, 36.60%, 10, 0, 4, 0.71, 118515, 97, 68461, 0
17871, 56, 4, 7, 0, 0, 36.60%, 10, 0, 4, 11.34, 118572, 97, 68488, 0
17876, 56, 4, 7, 0, 0, 36.60%, 10, 0, 4, 11.84, 118634, 97, 68517, 0
17881, 56, 0, 7, 0, 0, 36.60%, 10, 0, 4, 10.89, 118675, 97, 68539, 0
17886, 56, 0, 7, 0, 0, 36.60%, 10, 0, 4, 1.60, 118730, 97, 68571, 0
17894, 56, 0, 7, 0, 0, 36.60%, 10, 0, 4, 0.43, 118767, 97, 68595, 0
17899, 56, 0, 7, 0, 0, 36.60%, 10, 0, 4, 9.37, 118822, 97, 68628, 0
17904, 56, 0, 7, 0, 0, 36.60%, 10, 0, 4, 14.29, 118845, 97, 68638, 0
17909, 56, 2, 7, 0, 0, 36.60%, 10, 0, 4, 12.29, 118902, 97, 68673, 0
17916, 56, 2, 7, 0, 0, 36.60%, 10, 0, 4, 0.23, 118927, 97, 68684, 0
17921, 56, 2, 7, 0, 0, 36.60%, 10, 0, 4, 7.72, 118970, 97, 68711, 0
17926, 56, 2, 7, 0, 0, 36.60%, 10, 0, 4, 9.32, 119019, 97, 68738, 0
17931, 56, 4, 7, 0, 0, 36.60%, 10, 0, 4, 9.73, 119050, 97, 68760, 0
17936, 56, 4, 7, 0, 0, 36.60%, 10, 0, 4, 10.38, 119104, 97, 68796, 0
17941, 56, 4, 7, 0, 0, 36.60%, 10, 0, 4, 10.51, 119159, 97, 68835, 0
17950, 56, 4, 7, 0, 0, 36.60%, 10, 0, 4, 0.52, 119175, 97, 68846, 0
17955, 56, 4, 7, 0, 0, 36.60%, 10, 0, 4, 11.11, 119242, 97, 68873, 0
17960, 56, 1, 7, 0, 0, 36.60%, 10, 0, 4, 11.03, 119267, 97, 68887, 0
17965, 56, 1, 7, 0, 0, 36.60%, 10, 0, 4, 11.37, 119325, 97, 68921, 0
17973, 56, 1, 7, 0, 0, 36.60%, 10, 0, 4, 0.65, 119374, 97, 68953, 0
17978, 56, 1, 7, 0, 0, 36.60%, 10, 0, 4, 11.83, 119434, 97, 68982, 0
17983, 56, 2, 7, 0, 0, 36.60%, 10, 0, 4, 0.63, 119460, 97, 69001, 0
17989, 56, 2, 7, 0, 0, 36.60%, 10, 0, 4, 7.63, 119464, 97, 69005, 0
17994, 56, 2, 7, 0, 0, 36.60%, 10, 0, 4, 10.23, 119519, 97, 69041, 0
17999, 56, 2, 7, 0, 0, 36.60%, 10, 0, 4, 1.37, 119566, 97, 69069, 0
18007, 56, 2, 7, 0, 0, 36.60%, 10, 0, 4, 0.55, 119623, 97, 69100, 0
18012, 57, 3, 7, 0, 0, 36.60%, 10, 0, 4, 9.44, 119663, 97, 69127, 0
18021, 57, 3, 7, 0, 0, 36.60%, 10, 0, 4, 0.27, 119687, 97, 69140, 0
18027, 57, 3, 7, 0, 0, 36.60%, 10, 0, 4, 11.55, 119736, 97, 69168, 0
18037, 57, 3, 7, 0, 0, 36.60%, 10, 0, 4, 0.37, 119792, 97, 69204, 0
18047, 57, 3, 7, 0, 0, 36.60%, 10, 0, 4, 0.19, 119848, 97, 69236, 0
18052, 57, 5, 7, 0, 0, 36.60%, 10, 0, 4, 7.55, 119854, 97, 69241, 0
18058, 57, 5, 7, 0, 0, 36.60%, 10, 0, 4, 10.57, 119916, 97, 69274, 0
18063, 57, 5, 7, 0, 0, 36.60%, 10, 0, 4, 3.18, 119967, 97, 69307, 0
18068, 57, 5, 7, 0, 0, 36.60%, 10, 0, 4, 8.54, 120020, 97, 69344, 0
18073, 57, 5, 7, 0, 0, 36.60%, 10, 0, 4, 1.91, 120065, 97, 69374, 0
18079, 57, 5, 7, 0, 0, 36.60%, 10, 0, 4, 0.72, 120112, 97, 69400, 0
18084, 57, 5, 7, 0, 0, 36.60%, 10, 0, 4, 8.77, 120163, 97, 69435, 0
18089, 57, 5, 7, 0, 0, 36.60%, 10, 0, 4, 11.82, 120226, 97, 69463, 0
18094, 57, 6, 7, 0, 0, 36.60%, 10, 0, 4, 11.41, 120283, 97, 69493, 0
18102, 57, 6, 7, 0, 0, 36.60%, 10, 0, 4, 0.25, 120338, 97, 69520, 0
18107, 57, 6, 7, 0, 0, 36.60%, 10, 0, 4, 9.40, 120391, 97, 69552, 0
18113, 57, 6, 7, 0, 0, 36.60%, 10, 0, 4, 12.54, 120424, 97, 69571, 0
18118, 57, 6, 7, 0, 0, 36.60%, 10, 0, 4, 11.44, 120481, 97, 69605, 0
18123, 57, 6, 7, 0, 0, 36.60%, 10, 0, 4, 11.83, 120505, 97, 69616, 0
18128, 57, 6, 7, 0, 0, 36.60%, 10, 0, 4, 0.75, 120529, 97, 69634, 0
18134, 57, 6, 7, 0, 0, 36.60%, 10, 0, 4, 10.98, 120538, 97, 69640, 0
18139, 57, 6, 7, 0, 0, 36.60%, 10, 0, 4, 12.91, 120581, 97, 69664, 0
18144, 57, 6, 7, 0, 0, 36.60%, 10, 0, 4, 12.48, 120643, 97, 69697, 0
18149, 57, 0, 7, 0, 0, 36.60%, 10, 0, 4, 4.00, 120653, 97, 69704, 0
18154, 57, 0, 7, 0, 0, 36.60%, 10, 0, 4, 8.48, 120699, 97, 69729, 0
18160, 57, 0, 7, 0, 0, 36.60%, 10, 0, 4, 1.26, 120737, 97, 69749, 0
18168, 57, 0, 7, 0, 0, 36.60%, 10, 0, 4, 0.29, 120784, 97, 69776, 0
18173, 57, 0, 7, 0, 0, 36.60%, 10, 0, 4, 12.09, 120843, 97, 69809, 0
18178, 57, 0, 7, 0, 0, 36.60%, 10, 0, 4, 10.95, 120893, 97, 69841, 0
18184, 57, 0, 7, 0, 0, 36.60%, 10, 0, 4, 0.93, 120926, 97, 69860, 0
18191, 57, 0, 7, 0, 0, 36.60%, 10, 0, 4, 0.85, 120970, 97, 69887, 0
18196, 57, 0, 7, 0, 0, 36.60%, 10, 0, 4, 8.74, 121021, 97, 69916, 0
18202, 57, 5, 7, 0, 0, 36.60%, 10, 0, 4, 0.33, 121055, 97, 69939, 0
18207, 57, 5, 7, 0, 0, 36.60%, 10, 0, 4, 7.53, 121094, 97, 69963, 0
18215, 57, 5, 7, 0, 0, 36.60%, 10, 0, 4, 1.35, 121109, 97, 69969, 0
18220, 57, 5, 7, 0, 0, 36.60%, 10, 0, 4, 9.04, 121166, 97, 69998, 0
18225, 57, 5, 7, 0, 0, 36.60%, 10, 0, 4, 10.49, 121190, 97, 70013, 0
18230, 57, 5, 7, 0, 0, 36.60%, 10, 0, 4, 11.17, 121249, 97, 70045, 0
18240, 57, 2, 7, 0, 0, 36.60%, 10, 0, 4, 0.44, 121288, 97, 70068, 0
18245, 57, 2, 7, 0, 0, 36.60%, 10, 0, 4, 0.36, 121319, 97, 70087, 0
18252, 57, 2, 7, 0, 0, 36.60%, 10, 0, 4, 0.27, 121347, 97, 70109, 0
18257, 57, 2, 7, 0, 0, 36.60%, 10, 0, 4, 7.59, 121386, 97, 70133, 0
18262, 57, 2, 7, 0, 0, 36.60%, 10, 0, 4, 10.17, 121442, 97, 70169, 0
18267, 57, 6, 7, 0, 0, 36.60%, 10, 0, 4, 5.38, 121458, 97, 70179, 0
18274, 57, 6, 7, 0, 0, 36.60%, 10, 0, 4, 0.51, 121474, 97, 70188, 0
18281, 57, 6, 7, 0, 0, 36.60%, 10, 0, 4, 0.36, 121486, 97, 70195, 0
18288, 57, 6, 7, 0, 0, 36.60%, 10, 0, 4, 0.43, 121544, 97, 70224, 0
18294, 57, 6, 7, 0, 0, 36.60%, 10, 0, 4, 9.70, 121593, 97, 70255, 0
18304, 57, 6, 7, 0, 0, 36.60%, 10, 0, 4, 0.20, 121648, 97, 70286, 0
18309, 57, 6, 7, 0, 0, 36.60%, 10, 0, 4, 8.78, 121695, 97, 70320, 0
18322, 57, 6, 7, 0, 0, 36.60%, 10, 0, 4, 0.08, 121704, 97, 70327, 0
18327, 57, 6, 7, 0, 0, 36.60%, 10, 0, 4, 9.33, 121752, 97, 70355, 0
18332, 57, 6, 7, 0, 0, 36.60%, 10, 0, 4, 11.33, 121774, 97, 70371, 0
18339, 57, 6, 7, 0, 0, 36.60%, 10, 0, 4, 7.87, 121813, 97, 70395, 0
18344, 58, 5, 7, 0, 0, 36.60%, 10, 0, 4, 10.20, 121868, 97, 70428, 0
18353, 58, 5, 7, 0, 0, 36.60%, 10, 0, 4, 0.25, 121924, 97, 70460, 0
18359, 58, 5, 7, 0, 0, 36.60%, 10, 0, 4, 0.69, 121962, 97, 70480, 0
18369, 58, 5, 7, 0, 0, 36.60%, 10, 0, 4, 0.34, 121971, 97, 70486, 0
18375, 58, 5, 7, 0, 0, 36.60%, 10, 0, 4, 0.41, 122022, 97, 70511, 0
18380, 58, 4, 7, 0, 0, 36.60%, 10, 0, 4, 9.67, 122068, 97, 70541, 0
18388, 58, 4, 7, 0, 0, 36.60%, 10, 0, 4, 0.50, 122109, 97, 70569, 0
18393, 58, 4, 7, 0, 0, 36.60%, 10, 0, 4, 0.59, 122144, 97, 70591, 0
18398, 58, 4, 7, 0, 0, 36.60%, 10, 0, 4, 12.37, 122201, 97, 70619, 0
18408, 58, 4, 7, 0, 0, 36.60%, 10, 0, 4, 0.33, 122244, 97, 70648, 0
18413, 58, 4, 7, 0, 0, 36.60%, 10, 0, 4, 9.86, 122296, 97, 70678, 0
18422, 58, 4, 7, 0, 0, 36.60%, 10, 0, 4, 0.59, 122317, 97, 70693, 0
18427, 58, 4, 7, 0, 0, 36.60%, 10, 0, 4, 8.06, 122355, 97, 70715, 0
18432, 58, 4, 7, 0, 0, 36.60%, 10, 0, 4, 5.01, 122362, 97, 70719, 0
18437, 58, 4, 7, 0, 0, 36.60%, 10, 0, 4, 9.43, 122387, 97, 70734, 0
18442, 58, 4, 7, 0, 0, 36.60%, 10, 0, 4, 1.93, 122441, 97, 70762, 0
18447, 58, 0, 7, 0, 0, 36.60%, 10, 0, 4, 11.55, 122501, 97, 70795, 0
18452, 58, 0, 7, 0, 0, 36.60%, 10, 0, 4, 11.57, 122556, 97, 70823, 0
18458, 58, 0, 7, 0, 0, 36.60%, 10, 0, 4, 6.58, 122583, 97, 70840, 0
18464, 58, 0, 7, 0, 0, 36.60%, 10, 0, 4, 0.26, 122616, 97, 70857, 0
18471, 58, 3, 7, 0, 0, 36.60%, 10, 0, 4, 0.44, 122669, 97, 70885, 0
18477, 58, 3, 7, 0, 0, 36.60%, 10, 0, 4, 10.22, 122724, 97, 70918, 0
18482, 58, 3, 7, 0, 0, 36.60%, 10, 0, 4, 4.65, 122748, 97, 70931, 0
18487, 58, 3, 7, 0, 0, 36.60%, 10, 0, 4, 9.27, 122804, 97, 70969, 0
18492, 58, 4, 7, 0, 0, 36.60%, 10, 0, 4, 10.69, 122860, 97, 70999, 0
18497, 58, 4, 7, 0, 0, 36.60%, 10, 0, 4, 10.73, 122914, 97, 71034, 0
18506, 58, 4, 7, 0, 0, 36.60%, 10, 0, 4, 0.49, 122965, 97, 71066, 0
18511, 58, 4, 7, 0, 0, 36.60%, 10, 0, 4, 5.00, 122975, 97, 71072, 0
18516, 58, 4, 7, 0, 0, 36.60%, 10, 0, 4, 0.55, 122995, 97, 71081, 0
18522, 58, 4, 7, 0, 0, 36.60%, 10, 0, 4, 9.84, 123010, 97, 71090, 0
18529, 58, 1, 7, 0, 0, 36.60%, 10, 0, 4, 0.74, 123065, 97, 71119, 0
18534, 58, 1, 7, 0, 0, 36.60%, 10, 0, 4, 3.76, 123076, 97, 71126, 0
18539, 58, 1, 7, 0, 0, 36.60%, 10, 0, 4, 8.17, 123104, 97, 71150, 0
18544, 58, 1, 7, 0, 0, 36.60%, 10, 0, 4, 10.63, 123161, 97, 71187, 0
18550, 58, 1, 7, 0, 0, 36.60%, 10, 0, 4, 0.37, 123167, 97, 71193, 0
18561, 58, 1, 7, 0, 0, 36.60%, 10, 0, 4, 0.34, 123224, 97, 71226, 0
18566, 58, 2, 7, 0, 0, 36.60%, 10, 0, 4, 9.14, 123277, 97, 71254, 0
18571, 58, 2, 7, 0, 0, 36.60%, 10, 0, 4, 10.27, 123331, 97, 71284, 0
18576, 58, 2, 7, 0, 0, 36.60%, 10, 0, 4, 0.68, 123350, 97, 71294, 0
18582, 58, 2, 7, 0, 0, 36.60%, 10, 0, 4, 2.58, 123411, 97, 71319, 0
18588, 58, 2, 7, 0, 0, 36.60%, 10, 0, 4, 1.48, 123427, 97, 71326, 0
18593, 58, 0, 7, 0, 0, 36.60%, 10, 0, 4, 0.55, 123454, 97, 71337, 0
18598, 58, 0, 7, 0, 0, 36.60%, 10, 0, 4, 17.15, 123479, 97, 71350, 0
18603, 58, 0, 7, 0, 0, 36.60%, 10, 0, 4, 1.05, 123521, 97, 71374, 0
18608, 58, 0, 7, 0, 0, 36.60%, 10, 0, 4, 1.36, 123555, 97, 71395, 0
18614, 58, 0, 7, 0, 0, 36.60%, 10, 0, 4, 12.57, 123613, 97, 71423, 0
18619, 59, 6, 7, 0, 0, 36.60%, 10, 0, 4, 11.84, 123656, 97, 71447, 0
18626, 59, 6, 7, 0, 0, 36.60%, 10, 0, 4, 0.23, 123697, 97, 71467, 0
18632, 59, 6, 7, 0, 0, 36.60%, 10, 0, 4, 10.94, 123747, 97, 71497, 0
18637, 59, 6, 7, 0, 0, 36.60%, 10, 0, 4, 11.26, 123803, 97, 71525, 0
18642, 59, 6, 7, 0, 0, 36.60%, 10, 0, 4, 11.97, 123864, 97, 71554, 0
18648, 59, 6, 7, 0, 0, 36.60%, 10, 0, 4, 0.22, 123876, 97, 71561, 0
18653, 59, 6, 7, 0, 0, 36.60%, 10, 0, 4, 0.45, 123885, 97, 71569, 0
18658, 59, 6, 7, 0, 0, 36.60%, 10, 0, 4, 13.20, 123905, 97, 71581, 0
18663, 59, 6, 7, 0, 0, 36.60%, 10, 0, 4, 10.97, 123938, 97, 71598, 0
18673, 59, 6, 7, 0, 0, 36.60%, 10, 0, 4, 0.15, 123968, 97, 71616, 0
18680, 59, 6, 7, 0, 0, 36.60%, 10, 0, 4, 0.76, 124005, 97, 71633, 0
18685, 59, 6, 7, 0, 0, 36.60%, 10, 0, 4, 10.19, 124048, 97, 71658, 0
18692, 59, 2, 7, 0, 0, 36.60%, 10, 0, 4, 0.82, 124091, 97, 71677, 0
18697, 59, 2, 7, 0, 0, 36.60%, 10, 0, 4, 9.65, 124115, 97, 71696, 0
18703, 59, 2, 7, 0, 0, 36.60%, 10, 0, 4, 1.03, 124158, 97, 71717, 0
18708, 59, 2, 7, 0, 0, 36.60%, 10, 0, 4, 10.76, 124212, 97, 71752, 0
18713, 59, 2, 7, 0, 0, 36.60%, 10, 0, 4, 10.22, 124251, 97, 71777, 0
18718, 59, 2, 7, 0, 0, 36.60%, 10, 0, 4, 12.76, 124291, 97, 71800, 0
18723, 59, 2, 7, 0, 0, 36.60%, 10, 0, 4, 11.81, 124350, 97, 71838, 0
18729, 59, 2, 7, 0, 0, 36.60%, 10, 0, 4, 13.57, 124376, 97, 71854, 0
18734, 59, 2, 7, 0, 0, 36.60%, 10, 0, 4, 11.77, 124434, 97, 71890, 0
18740, 59, 0, 7, 0, 0, 36.60%, 10, 0, 4, 0.95, 124471, 97, 71911, 0
18752, 59, 0, 7, 0, 0, 36.60%, 10, 0, 4, 0.27, 124493, 97, 71923, 0
18757, 59, 0, 7, 0, 0, 36.60%, 10, 0, 4, 9.99, 124548, 97, 71958, 0
18763, 59, 0, 7, 0, 0, 36.60%, 10, 0, 4, 12.93, 124587, 97, 71979, 0
18768, 59, 0, 7, 0, 0, 36.60%, 10, 0, 4, 11.56, 124644, 97, 72014, 0
18774, 59, 4, 7, 0, 0, 36.60%, 10, 0, 4, 0.69, 124670, 97, 72029, 0
18784, 59, 4, 7, 0, 0, 36.60%, 10, 0, 4, 0.17, 124719, 97, 72061, 0
18792, 59, 4, 7, 0, 0, 36.60%, 10, 0, 4, 0.68, 124755, 97, 72082, 0
18800, 59, 4, 7, 0, 0, 36.60%, 10, 0, 4, 0.29, 124781, 97, 72097, 0
18809, 59, 4, 7, 0, 0, 36.60%, 10, 0, 4, 0.51, 124810, 97, 72112, 0
18814, 59, 2, 7, 0, 0, 36.60%, 10, 0, 4, 11.31, 124871, 97, 72145, 0
18819, 59, 2, 7, 0, 0, 36.60%, 10, 0, 4, 14.22, 124912, 97, 72167, 0
18825, 59, 2, 7, 0, 0, 36.60%, 10, 0, 4, 0.29, 124944, 97, 72188, 0
18830, 59, 2, 7, 0, 0, 36.60%, 10, 0, 4, 7.27, 124954, 97, 72194, 0
18835, 59, 2, 7, 0, 0, 36.60%, 10, 0, 4, 10.17, 125007, 97, 72222, 0
18840, 59, 2, 7, 0, 0, 36.60%, 10, 0, 4, 14.34, 125032, 97, 72240, 0
18845, 59, 2, 7, 0, 0, 36.60%, 10, 0, 4, 4.98, 125040, 97, 72244, 0
18852, 59, 1, 7, 0, 0, 36.60%, 10, 0, 4, 0.87, 125076, 97, 72259, 0
18859, 59, 1, 7, 0, 0, 36.60%, 10, 0, 4, 0.41, 125102, 97, 72273, 0
18865, 59, 1, 7, 0, 0, 36.60%, 10, 0, 4, 9.19, 125154, 97, 72304, 0
18870, 59, 1, 7, 0, 0, 36.60%, 10, 0, 4, 10.15, 125190, 97, 72330, 0
18875, 59, 1, 7, 0, 0, 36.60%, 10, 0, 4, 0.91, 125217, 97, 72344, 0
18881, 59, 3, 7, 0, 0, 36.60%, 10, 0, 4, 1.22, 125270, 97, 72373, 0
18887, 59, 3, 7, 0, 0, 36.60%, 10, 0, 4, 0.24, 125284, 97, 72382, 0
18894, 59, 3, 7, 0, 0, 36.60%, 10, 0, 4, 0.50, 125305, 97, 72392, 0
18903, 59, 3, 7, 0, 0, 36.60%, 10, 0, 4, 0.51, 125328, 97, 72405, 0
18909, 59, 3, 7, 0, 0, 36.60%, 10, 0, 4, 10.82, 125388, 97, 72433, 0
18919, 59, 3, 7, 0, 0, 36.60%, 10, 0, 4, 0.55, 125445, 97, 72465, 0
18925, 59, 2, 7, 0, 0, 36.60%, 10, 0, 4, 0.64, 125499, 97, 72494, 0
18930, 59, 2, 7, 0, 0, 36.60%, 10, 0, 4, 3.83, 125506, 97, 72498, 0
18937, 59, 2, 7, 0, 0, 36.60%, 10, 0, 4, 0.34, 125562, 97, 72522, 0
18943, 59, 2, 7, 0, 0, 36.60%, 10, 0, 4, 0.63, 125592, 97, 72539, 0
18948, 60, 4, 7, 0, 0, 36.60%, 10, 0, 4, 12.46, 125651, 97, 72567, 0
18956, 60, 4, 7, 0, 0, 36.60%, 10, 0, 4, 0.40, 125687, 97, 72587, 0
18961, 60, 4, 7, 0, 0, 36.60%, 10, 0, 4, 7.47, 125722, 97, 72611, 0
18967, 60, 4, 7, 0, 0, 36.60%, 10, 0, 4, 11.15, 125761, 97, 72639, 0
18973, 60, 4, 7, 0, 0, 36.60%, 10, 0, 4, 0.44, 125791, 97, 72657, 0
18978, 60, 4, 7, 0, 0, 36.60%, 10, 0, 4, 1.41, 125798, 97, 72661, 0
18983, 60, 4, 7, 0, 0, 36.60%, 10, 0, 4, 4.72, 125831, 97, 72680, 0
18988, 60, 5, 7, 0, 0, 36.60%, 10, 0, 4, 10.77, 125894, 97, 72712, 0
18998, 60, 5, 7, 0, 0, 36.60%, 10, 0, 4, 0.38, 125932, 97, 72734, 0
19003, 60, 5, 7, 0, 0, 36.60%, 10, 0, 4, 0.46, 125940, 97, 72737, 0
19008, 60, 5, 7, 0, 0, 36.60%, 10, 0, 4, 11.58, 125980, 97, 72760, 0
19013, 60, 5, 7, 0, 0, 36.60%, 10, 0, 4, 12.12, 126026, 97, 72787, 0
19018, 60, 5, 7, 0, 0, 36.60%, 10, 0, 4, 14.15, 126034, 97, 72791, 0
19023, 60, 5, 7, 0, 0, 36.60%, 10, 0, 4, 11.81, 126091, 97, 72827, 0
19029, 60, 5, 7, 0, 0, 36.60%, 10, 0, 4, 3.03, 126141, 97, 72858, 0
19034, 60, 5, 7, 0, 0, 36.60%, 10, 0, 4, 9.91, 126204, 97, 72891, 0
19039, 60, 5, 7, 0, 0, 36.60%, 10, 0, 4, 15.20, 126227, 97, 72900, 0
19044, 60, 5, 7, 0, 0, 36.60%, 10, 0, 4, 0.24, 126239, 97, 72908, 0
19049, 60, 5, 7, 0, 0, 36.60%, 10, 0, 4, 9.37, 126297, 97, 72935, 0
19056, 60, 5, 7, 0, 0, 36.60%, 10, 0, 4, 0.64, 126337, 97, 72959, 0
19061, 60, 5, 7, 0, 0, 36.60%, 10, 0, 4, 4.72, 126348, 97, 72967, 0
19066, 60, 5, 7, 0, 0, 36.60%, 10, 0, 4, 9.19, 126395, 97, 72995, 0
19071, 60, 4, 7, 0, 0, 36.60%, 10, 0, 4, 11.03, 126455, 97, 73027, 0
19076, 60, 4, 7, 0, 0, 36.60%, 10, 0, 4, 11.02, 126512, 97, 73061, 0
19081, 60, 4, 7, 0, 0, 36.60%, 10, 0, 4, 11.55, 126570, 97, 73091, 0
19086, 60, 4, 7, 0, 0, 36.60%, 10, 0, 4, 9.09, 126597, 97, 73106, 0
19094, 60, 4, 7, 0, 0, 36.60%, 10, 0, 4, 0.53, 126607, 97, 73112, 0
19101, 60, 4, 7, 0, 0, 36.60%, 10, 0, 4, 0.67, 126651, 97, 73136, 0
19106, 60, 4, 7, 0, 0, 36.60%, 10, 0, 4, 10.03, 126671, 97, 73150, 0
19111, 60, 4, 7, 0, 0, 36.60%, 10, 0, 4, 11.33, 126725, 97, 73178, 0
19116, 60, 4, 7, 0, 0, 36.60%, 10, 0, 4, 11.44, 126784, 97, 73210, 0
19122, 60, 4, 7, 0, 0, 36.60%, 10, 0, 4, 11.50, 126843, 97, 73246, 0
19127, 60, 4, 7, 0, 0, 36.60%, 10, 0, 4, 13.62, 126866, 97, 73257, 0
19132, 60, 4, 7, 0, 0, 36.60%, 10, 0, 4, 12.32, 126925, 97, 73288, 0
19137, 60, 4, 7, 0, 0, 36.60%, 10, 0, 4, 9.42, 126941, 97, 73295, 0
19142, 60, 4, 7, 0, 0, 36.60%, 10, 0, 4, 11.69, 127004, 97, 73328, 0
19147, 60, 1, 7, 0, 0, 36.60%, 10, 0, 4, 10.18, 127054, 97, 73360, 0
19152, 60, 1, 7, 0, 0, 36.60%, 10, 0, 4, 11.38, 127080, 97, 73374, 0
19160, 60, 1, 7, 0, 0, 36.60%, 10, 0, 4, 0.26, 127089, 97, 73379, 0
19166, 60, 1, 7, 0, 0, 36.60%, 10, 0, 4, 0.47, 127105, 97, 73390, 0
19171, 60, 1, 7, 0, 0, 36.60%, 10, 0, 4, 9.19, 127157, 97, 73422, 0
19176, 60, 1, 7, 0, 0, 36.60%, 10, 0, 4, 11.40, 127219, 97, 73455, 0
19182, 60, 1, 7, 0, 0, 36.60%, 10, 0, 4, 0.55, 127238, 97, 73468, 0
19189, 60, 5, 7, 0, 0, 36.60%, 10, 0, 4, 0.26, 127278, 97, 73490, 0
19194, 60, 5, 7, 0, 0, 36.60%, 10, 0, 4, 11.68, 127330, 97, 73516, 0
19199, 60, 5, 7, 0, 0, 36.60%, 10, 0, 4, 13.79, 127370, 97, 73542, 0
19205, 60, 5, 7, 0, 0, 36.60%, 10, 0, 4, 1.38, 127426, 97, 73567, 0
19210, 61, 1, 7, 0, 0, 36.60%, 10, 0, 4, 11.34, 127482, 97, 73603, 0
19215, 61, 1, 7, 0, 0, 36.60%, 10, 0, 4, 10.77, 127530, 97, 73634, 0
19225, 61, 1, 7, 0, 0, 36.60%, 10, 0, 4, 0.35, 127580, 97, 73664, 0
19230, 61, 1, 7, 0, 0, 36.60%, 10, 0, 4, 10.89, 127637, 97, 73696, 0
19235, 61, 1, 7, 0, 0, 36.60%, 10, 0, 4, 0.42, 127645, 97, 73700, 0
19240, 61, 5, 7, 0, 0, 36.60%, 10, 0, 4, 7.85, 127681, 97, 73723, 0
19251, 61, 5, 7, 0, 0, 36.60%, 10, 0, 4, 0.39, 127713, 97, 73742, 0
19256, 61, 5, 7, 0, 0, 36.60%, 10, 0, 4, 0.87, 127737, 97, 73755, 0
19261, 61, 5, 7, 0, 0, 36.60%, 10, 0, 4, 10.52, 127794, 97, 73784, 0
19267, 61, 5, 7, 0, 0, 36.60%, 10, 0, 4, 0.42, 127822, 97, 73806, 0
19272, 61, 4, 7, 0, 0, 36.60%, 10, 0, 4, 11.98, 127878, 97, 73841, 0
19277, 61, 4, 7, 0, 0, 36.60%, 10, 0, 4, 13.64, 127926, 97, 73868, 0
19282, 61, 4, 7, 0, 0, 36.60%, 10, 0, 4, 10.96, 127978, 97, 73903, 0
19287, 61, 4, 7, 0, 0, 36.60%, 10, 0, 4, 6.66, 127998, 97, 73913, 0
19294, 61, 4, 7, 0, 0, 36.60%, 10, 0, 4, 0.54, 128044, 97, 73943, 0
19299, 61, 2, 7, 0, 0, 36.60%, 10, 0, 4, 10.21, 128091, 97, 73972, 0
19304, 61, 2, 7, 0, 0, 36.60%, 10, 0, 4, 11.29, 128149, 97, 74005, 0
19313, 61, 2, 7, 0, 0, 36.60%, 10, 0, 4, 0.28, 128167, 97, 74016, 0
19318, 61, 2, 7, 0, 0, 36.60%, 10, 0, 4, 9.37, 128224, 97, 74043, 0
19327, 61, 3, 7, 0, 0, 36.60%, 10, 0, 4, 0.27, 128253, 97, 74057, 0
19333, 61, 3, 7, 0, 0, 36.60%, 10, 0, 4, 12.36, 128280, 97, 74070, 0
19339, 61, 3, 7, 0, 0, 36.60%, 10, 0, 4, 0.28, 128311, 97, 74090, 0
19344, 61, 3, 7, 0, 0, 36.60%, 10, 0, 4, 7.08, 128344, 97, 74113, 0
19349, 61, 3, 7, 0, 0, 36.60%, 10, 0, 4, 10.47, 128404, 97, 74147, 0
19356, 61, 3, 7, 0, 0, 36.60%, 10, 0, 4, 0.67, 128439, 97, 74167, 0
19362, 61, 2, 7, 0, 0, 36.60%, 10, 0, 4, 11.93, 128489, 97, 74198, 0
19367, 61, 2, 7, 0, 0, 36.60%, 10, 0, 4, 11.07, 128543, 97, 74230, 0
19372, 61, 2, 7, 0, 0, 36.60%, 10, 0, 4, 1.06, 128563, 97, 74238, 0
19378, 61, 2, 7, 0, 0, 36.60%, 10, 0, 4, 14.64, 128609, 97, 74262, 0
19383, 61, 3, 7, 0, 0, 36.60%, 10, 0, 4, 12.39, 128671, 97, 74298, 0
19390, 61, 3, 7, 0, 0, 36.60%, 10, 0, 4, 0.32, 128709, 97, 74325, 0
19396, 61, 3, 7, 0, 0, 36.60%, 10, 0, 4, 1.78, 128760, 97, 74362, 0
19401, 61, 3, 7, 0, 0, 36.60%, 10, 0, 4, 13.91, 128819, 97, 74395, 0
19409, 61, 3, 7, 0, 0, 36.60%, 10, 0, 4, 0.70, 128836, 97, 74404, 0
19414, 61, 0, 7, 0, 0, 36.60%, 10, 0, 4, 0.74, 128880, 97, 74428, 0
19422, 61, 0, 7, 0, 0, 36.60%, 10, 0, 4, 0.29, 128895, 97, 74439, 0
19427, 61, 0, 7, 0, 0, 36.60%, 10, 0, 4, 9.91, 128953, 97, 74472, 0
19432, 61, 0, 7, 0, 0, 36.60%, 10, 0, 4, 10.57, 129008, 97, 74508, 0
19437, 61, 4, 7, 0, 0, 36.60%, 10, 0, 4, 11.37, 129069, 97, 74539, 0
19442, 61, 4, 7, 0, 0, 36.60%, 10, 0, 4, 10.47, 129094, 97, 74554, 0
19454, 61, 4, 7, 0, 0, 36.60%, 10, 0, 4, 0.22, 129118, 97, 74571, 0
19459, 61, 4, 7, 0, 0, 36.60%, 10, 0, 4, 10.09, 129168, 97, 74603, 0
19466, 61, 4, 7, 0, 0, 36.60%, 10, 0, 4, 0.48, 129202, 97, 74627, 0
19471, 61, 4, 7, 0, 0, 36.60%, 10, 0, 4, 0.60, 129233, 97, 74649, 0
19476, 62, 1, 7, 0, 0, 36.60%, 10, 0, 4, 14.50, 129295, 97, 74674, 0
19481, 62, 1, 7, 0, 0, 36.60%, 10, 0, 4, 11.77, 129349, 97, 74707, 0
19486, 62, 1, 7, 0, 0, 36.60%, 10, 0, 4, 11.56, 129406, 97, 74737, 0
19491, 62, 5, 7, 0, 0, 36.60%, 10, 0, 4, 11.14, 129457, 97, 74763, 0
19498, 62, 5, 7, 0, 0, 36.60%, 10, 0, 4, 0.58, 129512, 97, 74798, 0
19503, 62, 5, 7, 0, 0, 36.60%, 10, 0, 4, 13.51, 129518, 97, 74801, 0
19508, 62, 5, 7, 0, 0, 36.60%, 10, 0, 4, 12.38, 129579, 97, 74834, 0
19514, 62, 5, 7, 0, 0, 36.60%, 10, 0, 4, 0.64, 129600, 97, 74845, 0
19519, 62, 5, 7, 0, 0, 36.60%, 10, 0, 4, 12.44, 129660, 97, 74877, 0
19524, 62, 5, 7, 0, 0, 36.60%, 10, 0, 4, 10.98, 129714, 97, 74909, 0
19531, 62, 5, 7, 0, 0, 36.60%, 10, 0, 4, 0.82, 129755, 97, 74936, 0
19537, 62, 5, 7, 0, 0, 36.60%, 10, 0, 4, 1.02, 129781, 97, 74954, 0
19542, 62, 5, 7, 0, 0, 36.60%, 10, 0, 4, 8.64, 129821, 97, 74979, 0
19547, 62, 2, 7, 0, 0, 36.60%, 10, 0, 4, 4.65, 129859, 97, 75005, 0
19555, 62, 2, 7, 0, 0, 36.60%, 10, 0, 4, 0.38, 129886, 97, 75025, 0
19560, 62, 2, 7, 0, 0, 36.60%, 10, 0, 4, 9.06, 129939, 97, 75062, 0
19565, 62, 2, 7, 0, 0, 36.60%, 10, 0, 4, 0.19, 129942, 97, 75065, 0
19571, 62, 2, 7, 0, 0, 36.60%, 10, 0, 4, 14.08, 129982, 97, 75086, 0
19576, 62, 2, 7, 0, 0, 36.60%, 10, 0, 4, 11.78, 130037, 97, 75121, 0
19581, 62, 4, 7, 0, 0, 36.60%, 10, 0, 4, 11.82, 130097, 97, 75152, 0
19587, 62, 4, 7, 0, 0, 36.60%, 10, 0, 4, 0.62, 130116, 97, 75163, 0
19594, 62, 4, 7, 0, 0, 36.60%, 10, 0, 4, 0.55, 130155, 97, 75185, 0
19599, 62, 4, 7, 0, 0, 36.60%, 10, 0, 4, 14.25, 130198, 97, 75206, 0
19605, 62, 4, 7, 0, 0, 36.60%, 10, 0, 4, 0.58, 130229, 97, 75222, 0
19610, 62, 6, 7, 0, 0, 36.60%, 10, 0, 4, 8.75, 130282, 97, 75255, 0
19615, 62, 6, 7, 0, 0, 36.60%, 10, 0, 4, 9.77, 130333, 97, 75282, 0
19620, 62, 6, 7, 0, 0, 36.60%, 10, 0, 4, 10.95, 130391, 97, 75312, 0
19626, 62, 6, 7, 0, 0, 36.60%, 10, 0, 4, 0.48, 130403, 97, 75317, 0
19631, 62, 6, 7, 0, 0, 36.60%, 10, 0, 4, 12.14, 130466, 97, 75347, 0
19638, 62, 6, 7, 0, 0, 36.60%, 10, 0, 4, 0.28, 130492, 97, 75359, 0
19644, 62, 6, 7, 0, 0, 36.60%, 10, 0, 4, 9.29, 130538, 97, 75390, 0
19650, 62, 6, 7, 0, 0, 36.60%, 10, 0, 4, 0.83, 130585, 97, 75419, 0
19656, 62, 6, 7, 0, 0, 36.60%, 10, 0, 4, 4.74, 130588, 97, 75420, 0
19662, 62, 6, 7, 0, 0, 36.60%, 10, 0, 4, 0.62, 130627, 97, 75440, 0
19667, 62, 2, 7, 0, 0, 36.60%, 10, 0, 4, 12.14, 130692, 97, 75471, 0
19672, 62, 2, 7, 0, 0, 36.60%, 10, 0, 4, 9.13, 130724, 97, 75493, 0
19680, 62, 2, 7, 0, 0, 36.60%, 10, 0, 4, 0.85, 130769, 97, 75518, 0
19685, 62, 2, 7, 0, 0, 36.60%, 10, 0, 4, 9.02, 130803, 97, 75538, 0
19690, 62, 2, 7, 0, 0, 36.60%, 10, 0, 4, 0.74, 130817, 97, 75546, 0
19695, 62, 5, 7, 0, 0, 36.60%, 10, 0, 4, 8.04, 130878, 97, 75576, 0
19700, 62, 5, 7, 0, 0, 36.60%, 10, 0, 4, 10.29, 130935, 97, 75612, 0
19705, 62, 5, 7, 0, 0, 36.60%, 10, 0, 4, 11.74, 130975, 97, 75634, 0
19714, 62, 5, 7, 0, 0, 36.60%, 10, 0, 4, 0.25, 131039, 97, 75661, 0
19720, 62, 2, 7, 0, 0, 36.60%, 10, 0, 4, 0.69, 131064, 97, 75675, 0
19728, 62, 2, 7, 0, 0, 36.60%, 10, 0, 4, 0.21, 131088, 97, 75687, 0
19734, 62, 2, 7, 0, 0, 36.60%, 10, 0, 4, 0.61, 131121, 97, 75707, 0
19743, 62, 2, 7, 0, 0, 36.60%, 10, 0, 4, 0.57, 131136, 97, 75717, 0
19752, 62, 2, 7, 0, 0, 36.60%, 10, 0, 4, 0.35, 131172, 97, 75742, 0
19757, 62, 2, 7, 0, 0, 36.60%, 10, 0, 4, 10.49, 131224, 97, 75769, 0
19765, 62, 2, 7, 0, 0, 36.60%, 10, 0, 4, 0.16, 131244, 97, 75781, 0
19772, 63, 3, 7, 0, 0, 36.60%, 10, 0, 4, 0.20, 131267, 97, 75793, 0
19777, 63, 3, 7, 0, 0, 36.60%, 10, 0, 4, 8.56, 131308, 97, 75814, 0
19783, 63, 3, 7, 0, 0, 36.60%, 10, 0, 4, 1.66, 131353, 97, 75842, 0
19793, 63, 3, 7, 0, 0, 36.60%, 10, 0, 4, 0.18, 131397, 97, 75867, 0
19798, 63, 3, 7, 0, 0, 36.60%, 10, 0, 4, 8.86, 131449, 97, 75902, 0
19810, 63, 6, 7, 0, 0, 36.60%, 10, 0, 4, 0.11, 131477, 97, 75924, 0
19816, 63, 6, 7, 0, 0, 36.60%, 10, 0, 4, 1.21, 131523, 97, 75950, 0
19821, 63, 6, 7, 0, 0, 36.60%, 10, 0, 4, 12.79, 131564, 97, 75970, 0
19836, 63, 6, 7, 0, 0, 36.60%, 10, 0, 4, 0.17, 131592, 97, 75989, 0
19841, 63, 6, 7, 0, 0, 36.60%, 10, 0, 4, 0.61, 131616, 97, 76005, 0
19852, 63, 6, 7, 0, 0, 36.60%, 10, 0, 4, 0.13, 131643, 97, 76023, 0
19857, 63, 6, 7, 0, 0, 36.60%, 10, 0, 4, 8.74, 131694, 97, 76053, 0
19862, 63, 6, 7, 0, 0, 36.60%, 10, 0, 4, 10.45, 131749, 97, 76088, 0
19867, 63, 6, 7, 0, 0, 36.60%, 10, 0, 4, 0.64, 131758, 97, 76092, 0
19874, 63, 6, 7, 0, 0, 36.60%, 10, 0, 4, 1.65, 131806, 97, 76122, 0
19879, 63, 6, 7, 0, 0, 36.60%, 10, 0, 4, 11.26, 131864, 97, 76155, 0
19884, 63, 6, 7, 0, 0, 36.60%, 10, 0, 4, 10.03, 131891, 97, 76171, 0
19889, 63, 6, 7, 0, 0, 36.60%, 10, 0, 4, 10.43, 131937, 97, 76201, 0
19896, 63, 6, 7, 0, 0, 36.60%, 10, 0, 4, 0.44, 131969, 97, 76219, 0
19902, 63, 6, 7, 0, 0, 36.60%, 10, 0, 4, 13.79, 131997, 97, 76234, 0
19911, 63, 6, 7, 0, 0, 36.60%, 10, 0, 4, 0.17, 132035, 97, 76257, 0
19916, 63, 6, 7, 0, 0, 36.60%, 10, 0, 4, 9.79, 132093, 97, 76285, 0
19921, 63, 6, 7, 0, 0, 36.60%, 10, 0, 4, 11.38, 132155, 97, 76317, 0
19926, 63, 6, 7, 0, 0, 36.60%, 10, 0, 4, 4.37, 132173, 97, 76329, 0
19931, 63, 6, 7, 0, 0, 36.60%, 10, 0, 4, 7.84, 132210, 97, 76355, 0
19936, 63, 2, 7, 0, 0, 36.60%, 10, 0, 4, 9.66, 132261, 97, 76387, 0
19941, 63, 2, 7, 0, 0, 36.60%, 10, 0, 4, 9.89, 132306, 97, 76415, 0
19949, 63, 2, 7, 0, 0, 36.60%, 10, 0, 4, 0.56, 132351, 97, 76443, 0
19954, 63, 2, 7, 0, 0, 36.60%, 10, 0, 4, 11.04, 132409, 97, 76477, 0
19961, 63, 2, 7, 0, 0, 36.60%, 10, 0, 4, 1.09, 132447, 97, 76500, 0
19967, 63, 2, 7, 0, 0, 36.60%, 10, 0, 4, 0.42, 132454, 97, 76505, 0
19972, 63, 2, 7, 0, 0, 36.60%, 10, 0, 4, 10.65, 132511, 97, 76540, 0
19977, 63, 2, 7, 0, 0, 36.60%, 10, 0, 4, 11.34, 132569, 97, 76570, 0
19982, 63, 2, 7, 0, 0, 36.60%, 10, 0, 4, 10.87, 132623, 97, 76606, 0
19992, 63, 1, 7, 0, 0, 36.60%, 10, 0, 4, 0.17, 132653, 97, 76626, 0
20002, 63, 1, 7, 0, 0, 36.60%, 10, 0, 4, 0.35, 132664, 97, 76633, 0
20007, 63, 1, 7, 0, 0, 36.60%, 10, 0, 4, 9.43, 132719, 97, 76661, 0
20012, 63, 1, 7, 0, 0, 36.60%, 10, 0, 4, 10.03, 132771, 97, 76694, 0
20018, 63, 1, 7, 0, 0, 36.60%, 10, 0, 4, 1.11, 132817, 97, 76730, 0
20023, 63, 1, 7, 0, 0, 36.60%, 10, 0, 4, 11.23, 132835, 97, 76740, 0
20028, 63, 0, 7, 0, 0, 36.60%, 10, 0, 4, 11.17, 132890, 97, 76774, 0
20033, 63, 0, 7, 0, 0, 36.60%, 10, 0, 4, 0.84, 132909, 97, 76787, 0
20038, 63, 0, 7, 0, 0, 36.60%, 10, 0, 4, 5.03, 132921, 97, 76795, 0
20044, 63, 0, 7, 0, 0, 36.60%, 10, 0, 4, 0.70, 132949, 97, 76814, 0
20051, 63, 0, 7, 0, 0, 36.60%, 10, 0, 4, 0.25, 132985, 97, 76834, 0
20060, 63, 0, 7, 0, 0, 36.60%, 10, 0, 4, 0.63, 133003, 97, 76845, 0
20065, 63, 0, 7, 0, 0, 36.60%, 10, 0, 4, 12.93, 133031, 97, 76857, 0
20070, 63, 1, 7, 0, 0, 36.60%, 10, 0, 4, 8.71, 133069, 97, 76882, 0
20076, 63, 1, 7, 0, 0, 36.60%, 10, 0, 4, 0.34, 133071, 97, 76884, 0
20081, 63, 1, 7, 0, 0, 36.60%, 10, 0, 4, 11.17, 133088, 97, 76896, 0
20086, 63, 1, 7, 0, 0, 36.60%, 10, 0, 4, 10.71, 133141, 97, 76926, 0
20091, 63, 1, 7, 0, 0, 36.60%, 10, 0, 4, 11.00, 133197, 97, 76957, 0
20097, 63, 1, 7, 0, 0, 36.60%, 10, 0, 4, 0.49, 133216, 97, 76969, 0
20102, 63, 3, 7, 0, 0, 36.60%, 10, 0, 4, 12.02, 133275, 97, 77003, 0
20107, 63, 3, 7, 0, 0, 36.60%, 10, 0, 4, 11.97, 133336, 97, 77036, 0
20113, 63, 3, 7, 0, 0, 36.60%, 10, 0, 4, 9.32, 133355, 97, 77050, 0
20118, 63, 3, 7, 0, 0, 36.60%, 10, 0, 4, 10.28, 133410, 97, 77084, 0
20124, 63, 3, 7, 0, 0, 36.60%, 10, 0, 4, 0.74, 133437, 97, 77096, 0
20129, 64, 1, 7, 0, 0, 36.60%, 10, 0, 4, 9.72, 133494, 97, 77130, 0
20134, 64, 1, 7, 0, 0, 36.60%, 10, 0, 4, 10.60, 133547, 97, 77161, 0
20141, 64, 1, 7, 0, 0, 36.60%, 10, 0, 4, 0.94, 133591, 97, 77184, 0
20147, 64, 1, 7, 0, 0, 36.60%, 10, 0, 4, 0.35, 133629, 97, 77206, 0
20152, 64, 1, 7, 0, 0, 36.60%, 10, 0, 4, 4.37, 133638, 97, 77212, 0
20158, 64, 0, 7, 0, 0, 36.60%, 10, 0, 4, 6.22, 133662, 97, 77228, 0
20164, 64, 0, 7, 0, 0, 36.60%, 10, 0, 4, 0.82, 133681, 97, 77242, 0
20169, 64, 0, 7, 0, 0, 36.60%, 10, 0, 4, 10.56, 133734, 97, 77269, 0
20174, 64, 0, 7, 0, 0, 36.60%, 10, 0, 4, 12.80, 133777, 97, 77298, 0
20180, 64, 0, 7, 0, 0, 36.60%, 10, 0, 4, 1.62, 133829, 97, 77326, 0
20185, 64, 5, 7, 0, 0, 36.60%, 10, 0, 4, 10.32, 133880, 97, 77362, 0
20192, 64, 5, 7, 0, 0, 36.60%, 10, 0, 4, 0.34, 133893, 97, 77371, 0
20197, 64, 5, 7, 0, 0, 36.60%, 10, 0, 4, 11.21, 133925, 97, 77390, 0
20204, 64, 5, 7, 0, 0, 36.60%, 10, 0, 4, 0.26, 133950, 97, 77405, 0
20209, 64, 5, 7, 0, 0, 36.60%, 10, 0, 4, 0.57, 133972, 97, 77418, 0
20215, 64, 5, 7, 0, 0, 36.60%, 10, 0, 4, 1.28, 133985, 97, 77428, 0
20220, 64, 5, 7, 0, 0, 36.60%, 10, 0, 4, 11.83, 134044, 97, 77456, 0
20225, 64, 2, 7, 0, 0, 36.60%, 10, 0, 4, 12.90, 134088, 97, 77479, 0
20234, 64, 2, 7, 0, 0, 36.60%, 10, 0, 4, 0.62, 134126, 97, 77503, 0
20241, 64, 2, 7, 0, 0, 36.60%, 10, 0, 4, 1.00, 134164, 97, 77528, 0
20246, 64, 2, 7, 0, 0, 36.60%, 10, 0, 4, 13.48, 134228, 97, 77562, 0
20251, 64, 2, 7, 0, 0, 36.60%, 10, 0, 4, 12.23, 134247, 97, 77574, 0
20256, 64, 2, 7, 0, 0, 36.60%, 10, 0, 4, 7.28, 134287, 97, 77599, 0
20262, 64, 2, 7, 0, 0, 36.60%, 10, 0, 4, 0.50, 134310, 97, 77611, 0
20268, 64, 2, 7, 0, 0, 36.60%, 10, 0, 4, 0.37, 134315, 97, 77613, 0
20273, 64, 2, 7, 0, 0, 36.60%, 10, 0, 4, 0.21, 134323, 97, 77617, 0
20278, 64, 2, 7, 0, 0, 36.60%, 10, 0, 4, 11.10, 134378, 97, 77646, 0
20284, 64, 2, 7, 0, 0, 36.60%, 10, 0, 4, 12.09, 134442, 97, 77675, 0
20291, 64, 2, 7, 0, 0, 36.60%, 10, 0, 4, 0.17, 134461, 97, 77688, 0
20296, 64, 2, 7, 0, 0, 36.60%, 10, 0, 4, 6.85, 134479, 97, 77697, 0
20301, 64, 2, 7, 0, 0, 36.60%, 10, 0, 4, 10.89, 134517, 97, 77721, 0
20306, 64, 2, 7, 0, 0, 36.60%, 10, 0, 4, 14.20, 134579, 97, 77744, 0
20312, 64, 2, 7, 0, 0, 36.60%, 10, 0, 4, 12.09, 134633, 97, 77777, 0
20317, 64, 5, 7, 0, 0, 36.60%, 10, 0, 4, 11.00, 134686, 97, 77808, 0
20326, 64, 5, 7, 0, 0, 36.60%, 10, 0, 4, 0.52, 134730, 97, 77829, 0
20331, 64, 5, 7, 0, 0, 36.60%, 10, 0, 4, 10.51, 134784, 97, 77858, 0
20336, 64, 5, 7, 0, 0, 36.60%, 10, 0, 4, 10.83, 134841, 97, 77891, 0
20342, 64, 0, 7, 0, 0, 36.60%, 10, 0, 4, 13.38, 134891, 97, 77917, 0
20347, 64, 0, 7, 0, 0, 36.60%, 10, 0, 4, 0.88, 134928, 97, 77934, 0
20357, 64, 0, 7, 0, 0, 36.60%, 10, 0, 4, 0.23, 134954, 97, 77947, 0
20363, 64, 0, 7, 0, 0, 36.60%, 10, 0, 4, 11.14, 135005, 97, 77971, 0
20372, 64, 0, 7, 0, 0, 36.60%, 10, 0, 4, 0.73, 135069, 97, 78004, 0
20377, 64, 0, 7, 0, 0, 36.60%, 10, 0, 4, 11.00, 135103, 97, 78018, 0
20382, 64, 0, 7, 0, 0, 36.60%, 10, 0, 4, 10.60, 135160, 97, 78054, 0
20387, 64, 0, 7, 0, 0, 36.60%, 10, 0, 4, 1.64, 135193, 97, 78078, 0
20392, 65, 2, 7, 0, 0, 36.60%, 10, 0, 4, 11.43, 135251, 97, 78109, 0
20397, 65, 2, 7, 0, 0, 36.60%, 10, 0, 4, 10.91, 135306, 97, 78141, 0
20403, 65, 2, 7, 0, 0, 36.60%, 10, 0, 4, 8.64, 135343, 97, 78165, 0
20408, 65, 2, 7, 0, 0, 36.60%, 10, 0, 4, 10.64, 135399, 97, 78199, 0
20413, 65, 2, 7, 0, 0, 36.60%, 10, 0, 4, 0.60, 135404, 97, 78202, 0
20418, 65, 2, 7, 0, 0, 36.60%, 10, 0, 4, 8.28, 135448, 97, 78225, 0
20426, 65, 0, 7, 0, 0, 36.60%, 10, 0, 4, 0.70, 135465, 97, 78234, 0
20436, 65, 0, 7, 0, 0, 36.60%, 10, 0, 4, 0.34, 135478, 97, 78242, 0
20441, 65, 0, 7, 0, 0, 36.60%, 10, 0, 4, 4.72, 135489, 97, 78251, 0
20447, 65, 0, 7, 0, 0, 36.60%, 10, 0, 4, 9.66, 135548, 97, 78284, 0
20452, 65, 0, 7, 0, 0, 36.60%, 10, 0, 4, 10.40, 135603, 97, 78320, 0
20457, 65, 2, 7, 0, 0, 36.60%, 10, 0, 4, 10.74, 135652, 97, 78351, 0
20462, 65, 2, 7, 0, 0, 36.60%, 10, 0, 4, 9.63, 135698, 97, 78382, 0
20467, 65, 2, 7, 0, 0, 36.60%, 10, 0, 4, 13.27, 135728, 97, 78399, 0
20472, 65, 2, 7, 0, 0, 36.60%, 10, 0, 4, 10.30, 135772, 97, 78418, 0
20477, 65, 2, 7, 0, 0, 36.60%, 10, 0, 4, 11.03, 135822, 97, 78447, 0
20485, 65, 6, 7, 0, 0, 36.60%, 10, 0, 4, 0.44, 135858, 97, 78463, 0
20492, 65, 6, 7, 0, 0, 36.60%, 10, 0, 4, 2.32, 135880, 97, 78475, 0
20497, 65, 6, 7, 0, 0, 36.60%, 10, 0, 4, 0.23, 135888, 97, 78480, 0
20502, 65, 6, 7, 0, 0, 36.60%, 10, 0, 4, 8.97, 135910, 97, 78492, 0
20508, 65, 6, 7, 0, 0, 36.60%, 10, 0, 4, 0.22, 135928, 97, 78506, 0
20514, 65, 6, 7, 0, 0, 36.60%, 10, 0, 4, 6.91, 135962, 97, 78526, 0
20519, 65, 6, 7, 0, 0, 36.60%, 10, 0, 4, 9.73, 136011, 97, 78553, 0
20526, 65, 6, 7, 0, 0, 36.60%, 10, 0, 4, 0.42, 136034, 97, 78569, 0
20531, 65, 6, 7, 0, 0, 36.60%, 10, 0, 4, 13.75, 136053, 97, 78580, 0
20540, 65, 6, 7, 0, 0, 36.60%, 10, 0, 4, 0.26, 136107, 97, 78613, 0
20545, 65, 6, 7, 0, 0, 36.60%, 10, 0, 4, 10.37, 136162, 97, 78644, 0
20550, 65, 6, 7, 0, 0, 36.60%, 10, 0, 4, 10.66, 136197, 97, 78666, 0
20557, 65, 6, 7, 0, 0, 36.60%, 10, 0, 4, 0.24, 136213, 97, 78677, 0
20562, 65, 6, 7, 0, 0, 36.60%, 10, 0, 4, 0.58, 136236, 97, 78687, 0
20567, 65, 5, 7, 0, 0, 36.60%, 10, 0, 4, 11.97, 136293, 97, 78718, 0
20572, 65, 5, 7, 0, 0, 36.60%, 10, 0, 4, 11.23, 136349, 97, 78753, 0
20582, 65, 5, 7, 0, 0, 36.60%, 10, 0, 4, 0.70, 136378, 97, 78773, 0
20587, 65, 5, 7, 0, 0, 36.60%, 10, 0, 4, 8.55, 136427, 97, 78806, 0
20592, 65, 2, 7, 0, 0, 36.60%, 10, 0, 4, 0.79, 136452, 97, 78819, 0
20597, 65, 2, 7, 0, 0, 36.60%, 10, 0, 4, 11.64, 136516, 97, 78848, 0
20602, 65, 2, 7, 0, 0, 36.60%, 10, 0, 4, 11.62, 136546, 97, 78862, 0
20610, 65, 2, 7, 0, 0, 36.60%, 10, 0, 4, 0.80, 136584, 97, 78886, 0
20615, 65, 2, 7, 0, 0, 36.60%, 10, 0, 4, 10.44, 136638, 97, 78914, 0
20621, 65, 6, 7, 0, 0, 36.60%, 10, 0, 4, 0.65, 136654, 97, 78924, 0
20626, 65, 6, 7, 0, 0, 36.60%, 10, 0, 4, 10.04, 136697, 97, 78950, 0
20631, 65, 6, 7, 0, 0, 36.60%, 10, 0, 4, 10.24, 136746, 97, 78979, 0
20636, 65, 6, 7, 0, 0, 36.60%, 10, 0, 4, 10.11, 136773, 97, 78996, 0
20641, 65, 6, 7, 0, 0, 36.60%, 10, 0, 4, 10.52, 136827, 97, 79022, 0
20647, 65, 6, 7, 0, 0, 36.60%, 10, 0, 4, 0.98, 136882, 97, 79046, 0
20652, 65, 6, 7, 0, 0, 36.60%, 10, 0, 4, 9.48, 136913, 97, 79063, 0
20659, 65, 6, 7, 0, 0, 36.60%, 10, 0, 4, 0.83, 136961, 97, 79095, 0
20666, 65, 6, 7, 0, 0, 36.60%, 10, 0, 4, 0.84, 136993, 97, 79116, 0
20671, 65, 6, 7, 0, 0, 36.60%, 10, 0, 4, 15.07, 137035, 97, 79140, 0
20677, 65, 3, 7, 0, 0, 36.60%, 10, 0, 4, 1.17, 137059, 97, 79155, 0
20682, 65, 3, 7, 0, 0, 36.60%, 10, 0, 4, 5.87, 137076, 97, 79163, 0
20692, 65, 3, 7, 0, 0, 36.60%, 10, 0, 4, 0.33, 137110, 97, 79188, 0
20699, 65, 3, 7, 0, 0, 36.60%, 10, 0, 4, 0.17, 137126, 97, 79196, 0
20705, 65, 3, 7, 0, 0, 36.60%, 10, 0, 4, 0.56, 137152, 97, 79209, 0
20710, 65, 3, 7, 0, 0, 36.60%, 10, 0, 4, 11.79, 137212, 97, 79241, 0
20715, 65, 0, 7, 0, 0, 36.60%, 10, 0, 4, 12.07, 137273, 97, 79271, 0
20720, 65, 0, 7, 0, 0, 36.60%, 10, 0, 4, 11.16, 137328, 97, 79306, 0
20725, 65, 0, 7, 0, 0, 36.60%, 10, 0, 4, 10.31, 137376, 97, 79341, 0
20730, 65, 0, 7, 0, 0, 36.60%, 10, 0, 4, 11.71, 137436, 97, 79373, 0
20735, 66, 4, 7, 0, 0, 36.60%, 10, 0, 4, 11.01, 137454, 97, 79384, 0
20740, 66, 4, 7, 0, 0, 36.60%, 10, 0, 4, 13.05, 137493, 97, 79411, 0
20752, 66, 4, 7, 0, 0, 36.60%, 10, 0, 4, 0.20, 137519, 97, 79422, 0
20760, 66, 4, 7, 0, 0, 36.60%, 10, 0, 4, 0.28, 137545, 97, 79438, 0
20765, 66, 4, 7, 0, 0, 36.60%, 10, 0, 4, 10.04, 137593, 97, 79468, 0
20770, 66, 0, 7, 0, 0, 36.60%, 10, 0, 4, 11.38, 137652, 97, 79501, 0
20775, 66, 0, 7, 0, 0, 36.60%, 10, 0, 4, 11.06, 137699, 97, 79528, 0
20781, 66, 0, 7, 0, 0, 36.60%, 10, 0, 4, 0.44, 137718, 97, 79539, 0
20786, 66, 0, 7, 0, 0, 36.60%, 10, 0, 4, 10.93, 137776, 97, 79568, 0
20795, 66, 0, 7, 0, 0, 36.60%, 10, 0, 4, 0.41, 137816, 97, 79589, 0
20800, 66, 1, 7, 0, 0, 36.60%, 10, 0, 4, 8.91, 137864, 97, 79620, 0
20805, 66, 1, 7, 0, 0, 36.60%, 10, 0, 4, 10.42, 137920, 97, 79652, 0
20810, 66, 1, 7, 0, 0, 36.60%, 10, 0, 4, 10.78, 137976, 97, 79682, 0
20816, 66, 1, 7, 0, 0, 36.60%, 10, 0, 4, 0.83, 138008, 97, 79702, 0
20826, 66, 1, 7, 0, 0, 36.60%, 10, 0, 4, 1.15, 138037, 97, 79721, 0
20831, 66, 4, 7, 0, 0, 36.60%, 10, 0, 4, 10.02, 138070, 97, 79741, 0
20839, 66, 4, 7, 0, 0, 36.60%, 10, 0, 4, 0.51, 138095, 97, 79753, 0
20846, 66, 4, 7, 0, 0, 36.60%, 10, 0, 4, 0.61, 138136, 97, 79777, 0
20851, 66, 4, 7, 0, 0, 36.60%, 10, 0, 4, 11.34, 138193, 97, 79811, 0
20861, 66, 4, 7, 0, 0, 36.60%, 10, 0, 4, 0.34, 138233, 97, 79834, 0
20870, 66, 6, 7, 0, 0, 36.60%, 10, 0, 4, 0.16, 138260, 97, 79843, 0
20876, 66, 6, 7, 0, 0, 36.60%, 10, 0, 4, 0.57, 138305, 97, 79868, 0
20883, 66, 6, 7, 0, 0, 36.60%, 10, 0, 4, 0.37, 138359, 97, 79902, 0
20888, 66, 6, 7, 0, 0, 36.60%, 10, 0, 4, 10.25, 138410, 97, 79935, 0
20897, 66, 6, 7, 0, 0, 36.60%, 10, 0, 4, 0.49, 138446, 97, 79953, 0
20907, 66, 6, 7, 0, 0, 36.60%, 10, 0, 4, 0.59, 138488, 97, 79976, 0
20912, 66, 6, 7, 0, 0, 36.60%, 10, 0, 4, 12.08, 138551, 97, 80008, 0
20917, 66, 6, 7, 0, 0, 36.60%, 10, 0, 4, 11.30, 138606, 97, 80041, 0
20926, 66, 6, 7, 0, 0, 36.60%, 10, 0, 4, 0.66, 138643, 97, 80063, 0
20931, 66, 1, 7, 0, 0, 36.60%, 10, 0, 4, 10.81, 138702, 97, 80100, 0
20936, 66, 1, 7, 0, 0, 36.60%, 10, 0, 4, 0.52, 138721, 97, 80108, 0
20941, 66, 1, 7, 0, 0, 36.60%, 10, 0, 4, 10.98, 138765, 97, 80129, 0
20946, 66, 1, 7, 0, 0, 36.60%, 10, 0, 4, 14.25, 138792, 97, 80147, 0
20951, 66, 1, 7, 0, 0, 36.60%, 10, 0, 4, 11.82, 138846, 97, 80182, 0
20956, 66, 5, 7, 0, 0, 36.60%, 10, 0, 4, 17.83, 138868, 97, 80190, 0
20961, 66, 5, 7, 0, 0, 36.60%, 10, 0, 4, 9.56, 138897, 97, 80210, 0
20967, 66, 5, 7, 0, 0, 36.60%, 10, 0, 4, 0.52, 138940, 97, 80237, 0
20972, 66, 5, 7, 0, 0, 36.60%, 10, 0, 4, 0.36, 138969, 97, 80254, 0
20981, 66, 5, 7, 0, 0, 36.60%, 10, 0, 4, 0.56, 139026, 97, 80288, 0
20986, 66, 1, 7, 0, 0, 36.60%, 10, 0, 4, 13.26, 139070, 97, 80311, 0
20991, 66, 1, 7, 0, 0, 36.60%, 10, 0, 4, 4.97, 139085, 97, 80321, 0
20996, 66, 1, 7, 0, 0, 36.60%, 10, 0, 4, 10.20, 139144, 97, 80352, 0
21001, 66, 1, 7, 0, 0, 36.60%, 10, 0, 4, 10.26, 139197, 97, 80389, 0
21006, 66, 1, 7, 0, 0, 36.60%, 10, 0, 4, 0.44, 139205, 97, 80393, 0
21012, 66, 4, 7, 0, 0, 36.60%, 10, 0, 4, 9.97, 139263, 97, 80429, 0
21017, 66, 4, 7, 0, 0, 36.60%, 10, 0, 4, 11.08, 139317, 97, 80459, 0
21022, 66, 4, 7, 0, 0, 36.60%, 10, 0, 4, 12.80, 139377, 97, 80486, 0
21029, 66, 4, 7, 0, 0, 36.60%, 10, 0, 4, 1.67, 139388, 97, 80491, 0
21034, 66, 4, 7, 0, 0, 36.60%, 10, 0, 4, 9.54, 139426, 97, 80515, 0
21040, 66, 4, 7, 0, 0, 36.60%, 10, 0, 4, 0.38, 139446, 97, 80526, 0
21048, 67, 1, 7, 0, 0, 36.60%, 10, 0, 4, 0.26, 139486, 97, 80554, 0
21053, 67, 1, 7, 0, 0, 36.60%, 10, 0, 4, 8.78, 139535, 97, 80578, 0
21058, 67, 1, 7, 0, 0, 36.60%, 10, 0, 4, 11.18, 139596, 97, 80607, 0
21064, 67, 3, 7, 0, 0, 36.60%, 10, 0, 4, 1.93, 139651, 97, 80636, 0
21071, 67, 3, 7, 0, 0, 36.60%, 10, 0, 4, 0.22, 139676, 97, 80656, 0
21076, 67, 3, 7, 0, 0, 36.60%, 10, 0, 4, 9.23, 139732, 97, 80683, 0
21081, 67, 3, 7, 0, 0, 36.60%, 10, 0, 4, 10.36, 139786, 97, 80713, 0
21086, 67, 3, 7, 0, 0, 36.60%, 10, 0, 4, 2.35, 139823, 97, 80741, 0
21092, 67, 3, 7, 0, 0, 36.60%, 10, 0, 4, 9.23, 139860, 97, 80767, 0
21097, 67, 3, 7, 0, 0, 36.60%, 10, 0, 4, 9.37, 139903, 97, 80795, 0
21102, 67, 3, 7, 0, 0, 36.60%, 10, 0, 4, 0.23, 139916, 97, 80804, 0
21107, 67, 3, 7, 0, 0, 36.60%, 10, 0, 4, 11.36, 139971, 97, 80831, 0
21114, 67, 3, 7, 0, 0, 36.60%, 10, 0, 4, 0.49, 140023, 97, 80860, 0
21119, 67, 2, 7, 0, 0, 36.60%, 10, 0, 4, 1.72, 140068, 97, 80883, 0
21124, 67, 2, 7, 0, 0, 36.60%, 10, 0, 4, 9.56, 140086, 97, 80895, 0
21133, 67, 2, 7, 0, 0, 36.60%, 10, 0, 4, 0.25, 140141, 97, 80928, 0
21138, 67, 2, 7, 0, 0, 36.60%, 10, 0, 4, 8.26, 140163, 97, 80946, 0
21143, 67, 2, 7, 0, 0, 36.60%, 10, 0, 4, 0.30, 140180, 97, 80959, 0
21148, 67, 2, 7, 0, 0, 36.60%, 10, 0, 4, 10.51, 140240, 97, 80986, 0
21153, 67, 0, 7, 0, 0, 36.60%, 10, 0, 4, 14.35, 140281, 97, 81013, 0
21158, 67, 0, 7, 0, 0, 36.60%, 10, 0, 4, 12.14, 140339, 97, 81045, 0
21164, 67, 0, 7, 0, 0, 36.60%, 10, 0, 4, 11.26, 140367, 97, 81062, 0
21169, 67, 0, 7, 0, 0, 36.60%, 10, 0, 4, 11.07, 140423, 97, 81099, 0
21176, 67, 0, 7, 0, 0, 36.60%, 10, 0, 4, 0.18, 140443, 97, 81107, 0
21181, 67, 1, 7, 0, 0, 36.60%, 10, 0, 4, 12.41, 140489, 97, 81135, 0
21188, 67, 1, 7, 0, 0, 36.60%, 10, 0, 4, 0.38, 140535, 97, 81167, 0
21193, 67, 1, 7, 0, 0, 36.60%, 10, 0, 4, 10.99, 140557, 97, 81178, 0
21198, 67, 1, 7, 0, 0, 36.60%, 10, 0, 4, 0.62, 140602, 97, 81204, 0
21203, 67, 6, 7, 0, 0, 36.60%, 10, 0, 4, 10.18, 140654, 97, 81239, 0
21209, 67, 6, 7, 0, 0, 36.60%, 10, 0, 4, 1.20, 140708, 97, 81268, 0
21215, 67, 6, 7, 0, 0, 36.60%, 10, 0, 4, 10.90, 140749, 97, 81290, 0
21225, 67, 6, 7, 0, 0, 36.60%, 10, 0, 4, 0.34, 140766, 97, 81302, 0
21230, 67, 6, 7, 0, 0, 36.60%, 10, 0, 4, 12.12, 140804, 97, 81322, 0
21235, 67, 6, 7, 0, 0, 36.60%, 10, 0, 4, 9.09, 140812, 97, 81327, 0
21241, 67, 6, 7, 0, 0, 36.60%, 10, 0, 4, 0.72, 140836, 97, 81343, 0
21246, 67, 6, 7, 0, 0, 36.60%, 10, 0, 4, 12.55, 140897, 97, 81374, 0
21251, 67, 6, 7, 0, 0, 36.60%, 10, 0, 4, 11.81, 140954, 97, 81410, 0
21257, 67, 6, 7, 0, 0, 36.60%, 10, 0, 4, 0.74, 140968, 97, 81419, 0
21263, 67, 6, 7, 0, 0, 36.60%, 10, 0, 4, 11.31, 141021, 97, 81450, 0
21268, 67, 0, 7, 0, 0, 36.60%, 10, 0, 4, 11.40, 141078, 97, 81484, 0
21274, 67, 0, 7, 0, 0, 36.60%, 10, 0, 4, 0.18, 141082, 97, 81487, 0
21280, 67, 0, 7, 0, 0, 36.60%, 10, 0, 4, 0.44, 141107, 97, 81506, 0
21285, 67, 0, 7, 0, 0, 36.60%, 10, 0, 4, 11.68, 141164, 97, 81541, 0
21290, 67, 0, 7, 0, 0, 36.60%, 10, 0, 4, 12.85, 141205, 97, 81563, 0
21296, 67, 0, 7, 0, 0, 36.60%, 10, 0, 4, 0.34, 141212, 97, 81568, 0
21301, 67, 4, 7, 0, 0, 36.60%, 10, 0, 4, 11.18, 141266, 97, 81597, 0
21307, 67, 4, 7, 0, 0, 36.60%, 10, 0, 4, 10.96, 141307, 97, 81617, 0
21312, 67, 4, 7, 0, 0, 36.60%, 10, 0, 4, 10.51, 141362, 97, 81653, 0
21317, 67, 4, 7, 0, 0, 36.60%, 10, 0, 4, 8.47, 141380, 97, 81664, 0
21322, 67, 4, 7, 0, 0, 36.60%, 10, 0, 4, 11.68, 141444, 97, 81693, 0
21328, 68, 1, 7, 0, 0, 36.60%, 10, 0, 4, 0.70, 141486, 97, 81716, 0
21335, 68, 1, 7, 0, 0, 36.60%, 10, 0, 4, 0.52, 141502, 97, 81722, 0
21340, 68, 1, 7, 0, 0, 36.60%, 10, 0, 4, 11.82, 141561, 97, 81750, 0
21345, 68, 1, 7, 0, 0, 36.60%, 10, 0, 4, 10.82, 141611, 97, 81785, 0
21352, 68, 1, 7, 0, 0, 36.60%, 10, 0, 4, 0.32, 141616, 97, 81787, 0
21359, 68, 1, 7, 0, 0, 36.60%, 10, 0, 4, 0.26, 141647, 97, 81806, 0
21367, 68, 2, 7, 0, 0, 36.60%, 10, 0, 4, 0.71, 141692, 97, 81835, 0
21372, 68, 2, 7, 0, 0, 36.60%, 10, 0, 4, 1.07, 141718, 97, 81850, 0
21377, 68, 2, 7, 0, 0, 36.60%, 10, 0, 4, 9.84, 141771, 97, 81890, 0
21382, 68, 2, 7, 0, 0, 36.60%, 10, 0, 4, 13.33, 141818, 97, 81916, 0
21387, 68, 4, 7, 0, 0, 36.60%, 10, 0, 4, 12.28, 141875, 97, 81943, 0
21392, 68, 4, 7, 0, 0, 36.60%, 10, 0, 4, 10.60, 141923, 97, 81971, 0
21397, 68, 4, 7, 0, 0, 36.60%, 10, 0, 4, 11.07, 141980, 97, 82001, 0
21402, 68, 4, 7, 0, 0, 36.60%, 10, 0, 4, 11.18, 142036, 97, 82034, 0
21407, 68, 2, 7, 0, 0, 36.60%, 10, 0, 4, 11.13, 142090, 97, 82063, 0
21412, 68, 2, 7, 0, 0, 36.60%, 10, 0, 4, 11.74, 142151, 97, 82093, 0
21419, 68, 2, 7, 0, 0, 36.60%, 10, 0, 4, 0.59, 142189, 97, 82106, 0
21425, 68, 2, 7, 0, 0, 36.60%, 10, 0, 4, 0.78, 142214, 97, 82121, 0
21430, 68, 0, 7, 0, 0, 36.60%, 10, 0, 4, 7.80, 142258, 97, 82145, 0
21437, 68, 0, 7, 0, 0, 36.60%, 10, 0, 4, 0.43, 142279, 97, 82162, 0
21442, 68, 0, 7, 0, 0, 36.60%, 10, 0, 4, 12.52, 142341, 97, 82191, 0
21449, 68, 0, 7, 0, 0, 36.60%, 10, 0, 4, 0.79, 142373, 97, 82212, 0
21455, 68, 0, 7, 0, 0, 36.60%, 10, 0, 4, 0.85, 142408, 97, 82231, 0
21460, 68, 0, 7, 0, 0, 36.60%, 10, 0, 4, 9.20, 142423, 97, 82242, 0
21465, 68, 1, 7, 0, 0, 36.60%, 10, 0, 4, 0.60, 142460, 97, 82262, 0
21471, 68, 1, 7, 0, 0, 36.60%, 10, 0, 4, 0.18, 142474, 97, 82267, 0
21479, 68, 1, 7, 0, 0, 36.60%, 10, 0, 4, 0.67, 142521, 97, 82294, 0
21486, 68, 1, 7, 0, 0, 36.60%, 10, 0, 4, 0.78, 142572, 97, 82318, 0
21491, 68, 1, 7, 0, 0, 36.60%, 10, 0, 4, 6.11, 142602, 97, 82341, 0
21499, 68, 1, 7, 0, 0, 36.60%, 10, 0, 4, 0.26, 142642, 97, 82366, 0
21504, 68, 3, 7, 0, 0, 36.60%, 10, 0, 4, 10.08, 142702, 97, 82396, 0
21513, 68, 3, 7, 0, 0, 36.60%, 10, 0, 4, 0.42, 142757, 97, 82425, 0
21518, 68, 3, 7, 0, 0, 36.60%, 10, 0, 4, 9.05, 142774, 97, 82437, 0
21529, 68, 3, 7, 0, 0, 36.60%, 10, 0, 4, 0.34, 142787, 97, 82446, 0
21534, 68, 3, 7, 0, 0, 36.60%, 10, 0, 4, 10.43, 142844, 97, 82475, 0
21547, 68, 0, 7, 0, 0, 36.60%, 10, 0, 4, 0.17, 142861, 97, 82484, 0
21552, 68, 0, 7, 0, 0, 36.60%, 10, 0, 4, 0.67, 142884, 97, 82501, 0
21558, 68, 0, 7, 0, 0, 36.60%, 10, 0, 4, 0.28, 142903, 97, 82514, 0
21568, 68, 0, 7, 0, 0, 36.60%, 10, 0, 4, 0.30, 142911, 97, 82519, 0
21575, 68, 0, 7, 0, 0, 36.60%, 10, 0, 4, 0.53, 142928, 97, 82529, 0
21580, 68, 0, 7, 0, 0, 36.60%, 10, 0, 4, 10.72, 142990, 97, 82558, 0
21586, 68, 0, 7, 0, 0, 36.60%, 10, 0, 4, 13.61, 143001, 97, 82565, 0
21591, 68, 0, 7, 0, 0, 36.60%, 10, 0, 4, 12.75, 143040, 97, 82588, 0
21599, 68, 4, 7, 0, 0, 36.60%, 10, 0, 4, 0.56, 143095, 97, 82616, 0
21605, 68, 4, 7, 0, 0, 36.60%, 10, 0, 4, 0.82, 143131, 97, 82632, 0
21610, 68, 4, 7, 0, 0, 36.60%, 10, 0, 4, 10.42, 143189, 97, 82662, 0
21620, 68, 4, 7, 0, 0, 36.60%, 10, 0, 4, 0.17, 143236, 97, 82686, 0
21625, 69, 4, 7, 0, 0, 36.60%, 10, 0, 4, 10.87, 143285, 97, 82716, 0
21630, 69, 4, 7, 0, 0, 36.60%, 10, 0, 4, 9.36, 143323, 97, 82741, 0
21636, 69, 4, 7, 0, 0, 36.60%, 10, 0, 4, 0.34, 143334, 97, 82748, 0
21642, 69, 4, 7, 0, 0, 36.60%, 10, 0, 4, 11.06, 143352, 97, 82759, 0
21647, 69, 4, 7, 0, 0, 36.60%, 10, 0, 4, 11.55, 143414, 97, 82792, 0
21652, 69, 4, 7, 0, 0, 36.60%, 10, 0, 4, 10.94, 143465, 97, 82821, 0
21659, 69, 4, 7, 0, 0, 36.60%, 10, 0, 4, 0.75, 143520, 97, 82853, 0
21664, 69, 4, 7, 0, 0, 36.60%, 10, 0, 4, 11.99, 143577, 97, 82886, 0
21673, 69, 4, 7, 0, 0, 36.60%, 10, 0, 4, 0.21, 143607, 97, 82905, 0
21678, 69, 6, 7, 0, 0, 36.60%, 10, 0, 4, 8.98, 143655, 97, 82931, 0
21687, 69, 6, 7, 0, 0, 36.60%, 10, 0, 4, 0.18, 143681, 97, 82945, 0
21692, 69, 6, 7, 0, 0, 36.60%, 10, 0, 4, 9.35, 143710, 97, 82963, 0
21697, 69, 6, 7, 0, 0, 36.60%, 10, 0, 4, 10.03, 143763, 97, 82999, 0
21703, 69, 6, 7, 0, 0, 36.60%, 10, 0, 4, 0.78, 143779, 97, 83011, 0
21711, 69, 6, 7, 0, 0, 36.60%, 10, 0, 4, 0.39, 143786, 97, 83017, 0
21716, 69, 6, 7, 0, 0, 36.60%, 10, 0, 4, 9.64, 143837, 97, 83049, 0
21726, 69, 6, 7, 0, 0, 36.60%, 10, 0, 4, 0.18, 143892, 97, 83082, 0
21737, 69, 6, 7, 0, 0, 36.60%, 10, 0, 4, 0.29, 143934, 97, 83108, 0
21746, 69, 6, 7, 0, 0, 36.60%, 10, 0, 4, 0.69, 143949, 97, 83116, 0
21751, 69, 6, 7, 0, 0, 36.60%, 10, 0, 4, 10.94, 144009, 97, 83142, 0
21756, 69, 5, 7, 0, 0, 36.60%, 10, 0, 4, 2.24, 144063, 97, 83170, 0
21761, 69, 5, 7, 0, 0, 36.60%, 10, 0, 4, 8.03, 144109, 97, 83198, 0
21766, 69, 5, 7, 0, 0, 36.60%, 10, 0, 4, 10.42, 144165, 97, 83230, 0
21772, 69, 5, 7, 0, 0, 36.60%, 10, 0, 4, 9.08, 144181, 97, 83242, 0
21779, 69, 5, 7, 0, 0, 36.60%, 10, 0, 4, 0.25, 144202, 97, 83253, 0
21784, 69, 5, 7, 0, 0, 36.60%, 10, 0, 4, 9.85, 144235, 97, 83273, 0
21790, 69, 1, 7, 0, 0, 36.60%, 10, 0, 4, 11.54, 144272, 97, 83297, 0
21795, 69, 1, 7, 0, 0, 36.60%, 10, 0, 4, 10.73, 144302, 97, 83313, 0
21800, 69, 1, 7, 0, 0, 36.60%, 10, 0, 4, 5.75, 144324, 97, 83323, 0
21805, 69, 1, 7, 0, 0, 36.60%, 10, 0, 4, 9.45, 144376, 97, 83355, 0
21811, 69, 1, 7, 0, 0, 36.60%, 10, 0, 4, 0.24, 144399, 97, 83372, 0
21819, 69, 1, 7, 0, 0, 36.60%, 10, 0, 4, 0.43, 144435, 97, 83395, 0
21826, 69, 5, 7, 0, 0, 36.60%, 10, 0, 4, 0.20, 144456, 97, 83408, 0
21834, 69, 5, 7, 0, 0, 36.60%, 10, 0, 4, 0.68, 144503, 97, 83434, 0
21839, 69, 5, 7, 0, 0, 36.60%, 10, 0, 4, 11.16, 144556, 97, 83467, 0
21844, 69, 5, 7, 0, 0, 36.60%, 10, 0, 4, 11.08, 144610, 97, 83497, 0
21849, 69, 0, 7, 0, 0, 36.60%, 10, 0, 4, 10.91, 144664, 97, 83527, 0
21855, 69, 0, 7, 0, 0, 36.60%, 10, 0, 4, 0.35, 144666, 97, 83529, 0
21860, 69, 0, 7, 0, 0, 36.60%, 10, 0, 4, 14.28, 144686, 97, 83536, 0
21865, 69, 0, 7, 0, 0, 36.60%, 10, 0, 4, 12.35, 144741, 97, 83567, 0
21870, 69, 0, 7, 0, 0, 36.60%, 10, 0, 4, 15.52, 144767, 97, 83582, 0
21875, 69, 0, 7, 0, 0, 36.60%, 10, 0, 4, 13.61, 144823, 97, 83605, 0
21880, 69, 0, 7, 0, 0, 36.60%, 10, 0, 4, 4.38, 144829, 97, 83608, 0
21885, 69, 0, 7, 0, 0, 36.60%, 10, 0, 4, 0.63, 144835, 97, 83612, 0
21891, 69, 3, 7, 0, 0, 36.60%, 10, 0, 4, 12.08, 144892, 97, 83642, 0
21899, 69, 3, 7, 0, 0, 36.60%, 10, 0, 4, 0.51, 144926, 97, 83660, 0
21904, 69, 3, 7, 0, 0, 36.60%, 10, 0, 4, 9.48, 144975, 97, 83693, 0
21910, 69, 3, 7, 0, 0, 36.60%, 10, 0, 4, 10.03, 145029, 97, 83729, 0
21915, 69, 2, 7, 0, 0, 36.60%, 10, 0, 4, 1.97, 145072, 97, 83755, 0
21920, 69, 2, 7, 0, 0, 36.60%, 10, 0, 4, 8.57, 145129, 97, 83790, 0
21925, 69, 2, 7, 0, 0, 36.60%, 10, 0, 4, 10.78, 145166, 97, 83812, 0
21933, 69, 2, 7, 0, 0, 36.60%, 10, 0, 4, 0.25, 145202, 97, 83831, 0
21938, 70, 1, 7, 0, 0, 36.60%, 10, 0, 4, 8.89, 145254, 97, 83867, 0
21945, 70, 1, 7, 0, 0, 36.60%, 10, 0, 4, 0.28, 145266, 97, 83874, 0
21950, 70, 1, 7, 0, 0, 36.60%, 10, 0, 4, 11.50, 145321, 97, 83903, 0
21956, 70, 1, 7, 0, 0, 36.60%, 10, 0, 4, 12.02, 145383, 97, 83936, 0
21966, 70, 1, 7, 0, 0, 36.60%, 10, 0, 4, 0.36, 145441, 97, 83969, 0
21971, 70, 4, 7, 0, 0, 36.60%, 10, 0, 4, 9.50, 145465, 97, 83986, 0
21976, 70, 4, 7, 0, 0, 36.60%, 10, 0, 4, 10.87, 145522, 97, 84020, 0
21981, 70, 4, 7, 0, 0, 36.60%, 10, 0, 4, 12.83, 145563, 97, 84044, 0
21989, 70, 4, 7, 0, 0, 36.60%, 10, 0, 4, 0.71, 145615, 97, 84080, 0
21997, 70, 0, 7, 0, 0, 36.60%, 10, 0, 4, 0.83, 145661, 97, 84101, 0
22004, 70, 0, 7, 0, 0, 36.60%, 10, 0, 4, 0.29, 145706, 97, 84126, 0
22009, 70, 0, 7, 0, 0, 36.60%, 10, 0, 4, 10.09, 145745, 97, 84142, 0
22014, 70, 0, 7, 0, 0, 36.60%, 10, 0, 4, 0.22, 145751, 97, 84146, 0
22019, 70, 0, 7, 0, 0, 36.60%, 10, 0, 4, 11.57, 145812, 97, 84177, 0
22024, 70, 3, 7, 0, 0, 36.60%, 10, 0, 4, 18.94, 145853, 97, 84202, 0
22029, 70, 3, 7, 0, 0, 36.60%, 10, 0, 4, 13.78, 145908, 97, 84232, 0
22038, 70, 3, 7, 0, 0, 36.60%, 10, 0, 4, 0.54, 145938, 97, 84251, 0
22043, 70, 3, 7, 0, 0, 36.60%, 10, 0, 4, 0.56, 145953, 97, 84260, 0
22053, 70, 3, 7, 0, 0, 36.60%, 10, 0, 4, 0.14, 145984, 97, 84282, 0
22058, 70, 3, 7, 0, 0, 36.60%, 10, 0, 4, 9.01, 146036, 97, 84315, 0
22065, 70, 1, 7, 0, 0, 36.60%, 10, 0, 4, 0.70, 146080, 97, 84338, 0
22070, 70, 1, 7, 0, 0, 36.60%, 10, 0, 4, 12.14, 146140, 97, 84371, 0
22080, 70, 1, 7, 0, 0, 36.60%, 10, 0, 4, 0.33, 146157, 97, 84380, 0
22087, 70, 1, 7, 0, 0, 36.60%, 10, 0, 4, 0.64, 146195, 97, 84401, 0
22092, 70, 1, 7, 0, 0, 36.60%, 10, 0, 4, 10.70, 146245, 97, 84427, 0
22097, 70, 0, 7, 0, 0, 36.60%, 10, 0, 4, 11.07, 146303, 97, 84459, 0
22104, 70, 0, 7, 0, 0, 36.60%, 10, 0, 4, 0.69, 146315, 97, 84469, 0
22110, 70, 0, 7, 0, 0, 36.60%, 10, 0, 4, 0.74, 146342, 97, 84482, 0
22115, 70, 0, 7, 0, 0, 36.60%, 10, 0, 4, 10.72, 146364, 97, 84494, 0
22120, 70, 0, 7, 0, 0, 36.60%, 10, 0, 4, 9.25, 146380, 97, 84505, 0
22127, 70, 0, 7, 0, 0, 36.60%, 10, 0, 4, 0.38, 146404, 97, 84518, 0
22132, 70, 6, 7, 0, 0, 36.60%, 10, 0, 4, 9.64, 146461, 97, 84550, 0
22137, 70, 6, 7, 0, 0, 36.60%, 10, 0, 4, 10.58, 146519, 97, 84581, 0
22145, 70, 6, 7, 0, 0, 36.60%, 10, 0, 4, 0.30, 146563, 97, 84602, 0
22151, 70, 6, 7, 0, 0, 36.60%, 10, 0, 4, 1.65, 146568, 97, 84605, 0
22158, 70, 6, 7, 0, 0, 36.60%, 10, 0, 4, 1.28, 146609, 97, 84630, 0
22163, 70, 6, 7, 0, 0, 36.60%, 10, 0, 4, 11.50, 146650, 97, 84652, 0
22172, 70, 6, 7, 0, 0, 36.60%, 10, 0, 4, 0.45, 146686, 97, 84670, 0
22177, 70, 6, 7, 0, 0, 36.60%, 10, 0, 4, 10.09, 146745, 97, 84699, 0
22182, 70, 6, 7, 0, 0, 36.60%, 10, 0, 4, 11.42, 146807, 97, 84733, 0
22189, 70, 6, 7, 0, 0, 36.60%, 10, 0, 4, 0.33, 146845, 97, 84756, 0
22194, 70, 6, 7, 0, 0, 36.60%, 10, 0, 4, 0.48, 146856, 97, 84764, 0
22202, 70, 6, 7, 0, 0, 36.60%, 10, 0, 4, 0.34, 146880, 97, 84775, 0
22207, 70, 6, 7, 0, 0, 36.60%, 10, 0, 4, 10.48, 146938, 97, 84810, 0
22213, 70, 6, 7, 0, 0, 36.60%, 10, 0, 4, 0.17, 146944, 97, 84814, 0
22222, 70, 6, 7, 0, 0, 36.60%, 10, 0, 4, 0.52, 146991, 97, 84844, 0
22227, 70, 6, 7, 0, 0, 36.60%, 10, 0, 4, 11.04, 147050, 97, 84875, 0
22235, 70, 6, 7, 0, 0, 36.60%, 10, 0, 4, 0.62, 147093, 97, 84902, 0
22240, 70, 6, 7, 0, 0, 36.60%, 10, 0, 4, 9.17, 147114, 97, 84914, 0
22246, 70, 6, 7, 0, 0, 36.60%, 10, 0, 4, 1.09, 147153, 97, 84931, 0
22251, 70, 6, 7, 0, 0, 36.60%, 10, 0, 4, 9.58, 147172, 97, 84942, 0
22256, 70, 6, 7, 0, 0, 36.60%, 10, 0, 4, 0.97, 147208, 97, 84963, 0
22261, 70, 2, 7, 0, 0, 36.60%, 10, 0, 4, 12.79, 147269, 97, 84995, 0
22266, 70, 2, 7, 0, 0, 36.60%, 10, 0, 4, 10.50, 147317, 97, 85034, 0
22272, 70, 2, 7, 0, 0, 36.60%, 10, 0, 4, 12.44, 147367, 97, 85058, 0
22277, 70, 2, 7, 0, 0, 36.60%, 10, 0, 4, 10.19, 147416, 97, 85084, 0
22282, 70, 2, 7, 0, 0, 36.60%, 10, 0, 4, 7.47, 147444, 97, 85101, 0
22287, 71, 3, 7, 0, 0, 36.60%, 10, 0, 4, 1.63, 147477, 97, 85120, 0
22292, 71, 3, 7, 0, 0, 36.60%, 10, 0, 4, 4.68, 147496, 97, 85130, 0
22297, 71, 3, 7, 0, 0, 36.60%, 10, 0, 4, 8.18, 147540, 97, 85150, 0
22304, 71, 3, 7, 0, 0, 36.60%, 10, 0, 4, 0.35, 147579, 97, 85169, 0
22309, 71, 3, 7, 0, 0, 36.60%, 10, 0, 4, 10.33, 147633, 97, 85200, 0
22314, 71, 6, 7, 0, 0, 36.60%, 10, 0, 4, 11.10, 147691, 97, 85232, 0
22321, 71, 6, 7, 0, 0, 36.60%, 10, 0, 4, 0.73, 147734, 97, 85253, 0
22326, 71, 6, 7, 0, 0, 36.60%, 10, 0, 4, 10.29, 147790, 97, 85290, 0
22331, 71, 6, 7, 0, 0, 36.60%, 10, 0, 4, 1.88, 147835, 97, 85317, 0
22336, 71, 6, 7, 0, 0, 36.60%, 10, 0, 4, 3.09, 147878, 97, 85343, 0
22342, 71, 6, 7, 0, 0, 36.60%, 10, 0, 4, 0.30, 147905, 97, 85362, 0
22350, 71, 6, 7, 0, 0, 36.60%, 10, 0, 4, 0.54, 147929, 97, 85372, 0
22355, 71, 6, 7, 0, 0, 36.60%, 10, 0, 4, 0.73, 147937, 97, 85377, 0
22361, 71, 6, 7, 0, 0, 36.60%, 10, 0, 4, 10.52, 147994, 97, 85411, 0
22366, 71, 6, 7, 0, 0, 36.60%, 10, 0, 4, 10.01, 148044, 97, 85449, 0
22371, 71, 6, 7, 0, 0, 36.60%, 10, 0, 4, 10.43, 148098, 97, 85485, 0
22376, 71, 6, 7, 0, 0, 36.60%, 10, 0, 4, 11.85, 148142, 97, 85506, 0
22382, 71, 6, 7, 0, 0, 36.60%, 10, 0, 4, 1.44, 148182, 97, 85532, 0
22387, 71, 6, 7, 0, 0, 36.60%, 10, 0, 4, 11.72, 148242, 97, 85564, 0
22392, 71, 6, 7, 0, 0, 36.60%, 10, 0, 4, 6.93, 148261, 97, 85573, 0
22399, 71, 6, 7, 0, 0, 36.60%, 10, 0, 4, 0.25, 148289, 97, 85591, 0
22405, 71, 6, 7, 0, 0, 36.60%, 10, 0, 4, 0.83, 148321, 97, 85607, 0
22410, 71, 6, 7, 0, 0, 36.60%, 10, 0, 4, 10.17, 148374, 97, 85647, 0
22415, 71, 6, 7, 0, 0, 36.60%, 10, 0, 4, 9.15, 148411, 97, 85671, 0
22420, 71, 6, 7, 0, 0, 36.60%, 10, 0, 4, 5.40, 148418, 97, 85677, 0
22426, 71, 4, 7, 0, 0, 36.60%, 10, 0, 4, 0.95, 148451, 97, 85697, 0
22434, 71, 4, 7, 0, 0, 36.60%, 10, 0, 4, 0.38, 148505, 97, 85731, 0
22439, 71, 4, 7, 0, 0, 36.60%, 10, 0, 4, 1.28, 148561, 97, 85762, 0
22444, 71, 4, 7, 0, 0, 36.60%, 10, 0, 4, 10.22, 148603, 97, 85785, 0
22449, 71, 4, 7, 0, 0, 36.60%, 10, 0, 4, 9.02, 148623, 97, 85800, 0
22459, 71, 3, 7, 0, 0, 36.60%, 10, 0, 4, 0.19, 148670, 97, 85831, 0
22465, 71, 3, 7, 0, 0, 36.60%, 10, 0, 4, 0.28, 148695, 97, 85849, 0
22470, 71, 3, 7, 0, 0, 36.60%, 10, 0, 4, 11.49, 148753, 97, 85883, 0
22477, 71, 3, 7, 0, 0, 36.60%, 10, 0, 4, 0.73, 148773, 97, 85894, 0
22483, 71, 3, 7, 0, 0, 36.60%, 10, 0, 4, 1.13, 148780, 97, 85899, 0
22488, 71, 3, 7, 0, 0, 36.60%, 10, 0, 4, 11.02, 148827, 97, 85923, 0
22495, 71, 0, 7, 0, 0, 36.60%, 10, 0, 4, 0.68, 148852, 97, 85937, 0
22500, 71, 0, 7, 0, 0, 36.60%, 10, 0, 4, 0.65, 148865, 97, 85946, 0
22505, 71, 0, 7, 0, 0, 36.60%, 10, 0, 4, 9.30, 148883, 97, 85958, 0
22511, 71, 0, 7, 0, 0, 36.60%, 10, 0, 4, 0.22, 148894, 97, 85964, 0
22519, 71, 0, 7, 0, 0, 36.60%, 10, 0, 4, 0.22, 148939, 97, 85992, 0
22525, 71, 0, 7, 0, 0, 36.60%, 10, 0, 4, 11.23, 148966, 97, 86014, 0
22530, 71, 0, 7, 0, 0, 36.60%, 10, 0, 4, 10.27, 148998, 97, 86030, 0
22535, 71, 6, 7, 0, 0, 36.60%, 10, 0, 4, 11.08, 149056, 97, 86061, 0
22547, 71, 6, 7, 0, 0, 36.60%, 10, 0, 4, 0.26, 149109, 97, 86090, 0
22552, 71, 6, 7, 0, 0, 36.60%, 10, 0, 4, 10.96, 149171, 97, 86116, 0
22558, 71, 6, 7, 0, 0, 36.60%, 10, 0, 4, 10.82, 149226, 97, 86147, 0
22563, 71, 6, 7, 0, 0, 36.60%, 10, 0, 4, 9.28, 149241, 97, 86159, 0
22568, 71, 6, 7, 0, 0, 36.60%, 10, 0, 4, 8.36, 149277, 97, 86175, 0
22573, 71, 6, 7, 0, 0, 36.60%, 10, 0, 4, 9.93, 149331, 97, 86208, 0
22578, 71, 6, 7, 0, 0, 36.60%, 10, 0, 4, 11.03, 149389, 97, 86239, 0
22583, 71, 6, 7, 0, 0, 36.60%, 10, 0, 4, 11.17, 149447, 97, 86271, 0
22589, 71, 3, 7, 0, 0, 36.60%, 10, 0, 4, 0.19, 149459, 97, 86279, 0
22595, 71, 3, 7, 0, 0, 36.60%, 10, 0, 4, 7.88, 149507, 97, 86310, 0
22600, 71, 3, 7, 0, 0, 36.60%, 10, 0, 4, 12.67, 149552, 97, 86337, 0
22609, 71, 3, 7, 0, 0, 36.60%, 10, 0, 4, 0.17, 149589, 97, 86358, 0
22614, 71, 3, 7, 0, 0, 36.60%, 10, 0, 4, 10.22, 149641, 97, 86391, 0
22619, 71, 6, 7, 0, 0, 36.60%, 10, 0, 4, 10.94, 149676, 97, 86417, 0
22624, 71, 6, 7, 0, 0, 36.60%, 10, 0, 4, 13.40, 149706, 97, 86431, 0
22630, 71, 6, 7, 0, 0, 36.60%, 10, 0, 4, 0.66, 149710, 97, 86432, 0
22635, 71, 6, 7, 0, 0, 36.60%, 10, 0, 4, 10.03, 149762, 97, 86460, 0
22641, 71, 6, 7, 0, 0, 36.60%, 10, 0, 4, 13.54, 149787, 97, 86473, 0
22646, 71, 6, 7, 0, 0, 36.60%, 10, 0, 4, 14.89, 149837, 97, 86500, 0
22651, 71, 6, 7, 0, 0, 36.60%, 10, 0, 4, 12.46, 149891, 97, 86529, 0
22656, 71, 6, 7, 0, 0, 36.60%, 10, 0, 4, 18.97, 149941, 97, 86557, 0
22665, 71, 6, 7, 0, 0, 36.60%, 10, 0, 4, 0.20, 149948, 97, 86562, 0
22676, 71, 6, 7, 0, 0, 36.60%, 10, 0, 4, 0.15, 149994, 97, 86595, 0
22687, 71, 6, 7, 0, 0, 36.60%, 10, 0, 4, 0.35, 150048, 97, 86625, 0
22692, 72, 3, 7, 0, 0, 36.60%, 10, 0, 4, 9.34, 150058, 97, 86631, 0
22697, 72, 3, 7, 0, 0, 36.60%, 10, 0, 4, 4.71, 150064, 97, 86636, 0
22705, 72, 3, 7, 0, 0, 36.60%, 10, 0, 4, 0.33, 150082, 97, 86646, 0
22710, 72, 3, 7, 0, 0, 36.60%, 10, 0, 4, 12.75, 150101, 97, 86658, 0
22718, 72, 3, 7, 0, 0, 36.60%, 10, 0, 4, 0.34, 150125, 97, 86674, 0
22723, 72, 3, 7, 0, 0, 36.60%, 10, 0, 4, 9.59, 150176, 97, 86705, 0
22733, 72, 3, 7, 0, 0, 36.60%, 10, 0, 4, 0.14, 150218, 97, 86722, 0
22738, 72, 3, 7, 0, 0, 36.60%, 10, 0, 4, 9.51, 150265, 97, 86751, 0
22744, 72, 3, 7, 0, 0, 36.60%, 10, 0, 4, 10.23, 150295, 97, 86769, 0
22749, 72, 3, 7, 0, 0, 36.60%, 10, 0, 4, 9.84, 150343, 97, 86803, 0
22754, 72, 3, 7, 0, 0, 36.60%, 10, 0, 4, 10.02, 150389, 97, 86834, 0
22759, 72, 3, 7, 0, 0, 36.60%, 10, 0, 4, 0.54, 150405, 97, 86845, 0
22765, 72, 3, 7, 0, 0, 36.60%, 10, 0, 4, 0.28, 150429, 97, 86860, 0
22770, 72, 3, 7, 0, 0, 36.60%, 10, 0, 4, 9.94, 150455, 97, 86878, 0
22775, 72, 3, 7, 0, 0, 36.60%, 10, 0, 4, 11.14, 150504, 97, 86903, 0
22782, 72, 3, 7, 0, 0, 36.60%, 10, 0, 4, 0.89, 150544, 97, 86924, 0
22787, 72, 3, 7, 0, 0, 36.60%, 10, 0, 4, 8.95, 150595, 97, 86956, 0
22795, 72, 3, 7, 0, 0, 36.60%, 10, 0, 4, 0.92, 150642, 97, 86987, 0
22804, 72, 2, 7, 0, 0, 36.60%, 10, 0, 4, 0.19, 150673, 97, 87007, 0
22809, 72, 2, 7, 0, 0, 36.60%, 10, 0, 4, 10.33, 150729, 97, 87044, 0
22814, 72, 2, 7, 0, 0, 36.60%, 10, 0, 4, 11.57, 150790, 97, 87078, 0
22819, 72, 2, 7, 0, 0, 36.60%, 10, 0, 4, 16.39, 150807, 97, 87088, 0
22825, 72, 2, 7, 0, 0, 36.60%, 10, 0, 4, 0.44, 150823, 97, 87099, 0
22834, 72, 1, 7, 0, 0, 36.60%, 10, 0, 4, 0.18, 150855, 97, 87122, 0
22839, 72, 1, 7, 0, 0, 36.60%, 10, 0, 4, 9.99, 150905, 97, 87148, 0
22845, 72, 1, 7, 0, 0, 36.60%, 10, 0, 4, 0.94, 150941, 97, 87167, 0
22851, 72, 1, 7, 0, 0, 36.60%, 10, 0, 4, 0.55, 150986, 97, 87190, 0
22857, 72, 1, 7, 0, 0, 36.60%, 10, 0, 4, 0.73, 151021, 97, 87211, 0
22862, 72, 0, 7, 0, 0, 36.60%, 10, 0, 4, 11.96, 151085, 97, 87242, 0
22867, 72, 0, 7, 0, 0, 36.60%, 10, 0, 4, 11.16, 151141, 97, 87278, 0
22873, 72, 0, 7, 0, 0, 36.60%, 10, 0, 4, 0.18, 151149, 97, 87284, 0
22878, 72, 0, 7, 0, 0, 36.60%, 10, 0, 4, 9.08, 151197, 97, 87321, 0
22883, 72, 5, 7, 0, 0, 36.60%, 10, 0, 4, 10.39, 151251, 97, 87353, 0
22891, 72, 5, 7, 0, 0, 36.60%, 10, 0, 4, 0.36, 151256, 97, 87357, 0
22898, 72, 5, 7, 0, 0, 36.60%, 10, 0, 4, 3.63, 151296, 97, 87380, 0
22906, 72, 5, 7, 0, 0, 36.60%, 10, 0, 4, 0.53, 151355, 97, 87408, 0
22911, 72, 5, 7, 0, 0, 36.60%, 10, 0, 4, 10.93, 151414, 97, 87441, 0
22917, 72, 2, 7, 0, 0, 36.60%, 10, 0, 4, 12.65, 151460, 97, 87468, 0
22922, 72, 2, 7, 0, 0, 36.60%, 10, 0, 4, 10.13, 151509, 97, 87501, 0
22928, 72, 2, 7, 0, 0, 36.60%, 10, 0, 4, 0.43, 151556, 97, 87532, 0
22934, 72, 2, 7, 0, 0, 36.60%, 10, 0, 4, 1.24, 151601, 97, 87557, 0
22941, 72, 2, 7, 0, 0, 36.60%, 10, 0, 4, 0.44, 151628, 97, 87570, 0
22946, 72, 4, 7, 0, 0, 36.60%, 10, 0, 4, 13.19, 151692, 97, 87603, 0
22951, 72, 4, 7, 0, 0, 36.60%, 10, 0, 4, 10.62, 151719, 97, 87616, 0
22956, 72, 4, 7, 0, 0, 36.60%, 10, 0, 4, 7.88, 151746, 97, 87634, 0
22964, 72, 4, 7, 0, 0, 36.60%, 10, 0, 4, 0.54, 151791, 97, 87658, 0
22969, 72, 4, 7, 0, 0, 36.60%, 10, 0, 4, 8.48, 151840, 97, 87693, 0
22974, 73, 0, 7, 0, 0, 36.60%, 10, 0, 4, 10.79, 151899, 97, 87722, 0
22979, 73, 0, 7, 0, 0, 36.60%, 10, 0, 4, 12.04, 151960, 97, 87754, 0
22984, 73, 0, 7, 0, 0, 36.60%, 10, 0, 4, 12.34, 151984, 97, 87768, 0
22990, 73, 0, 7, 0, 0, 36.60%, 10, 0, 4, 0.62, 152007, 97, 87787, 0
22998, 73, 0, 7, 0, 0, 36.60%, 10, 0, 4, 0.55, 152020, 97, 87793, 0
23003, 73, 0, 7, 0, 0, 36.60%, 10, 0, 4, 4.80, 152027, 97, 87799, 0
23008, 73, 0, 7, 0, 0, 36.60%, 10, 0, 4, 10.18, 152087, 97, 87831, 0
23015, 73, 0, 7, 0, 0, 36.60%, 10, 0, 4, 0.59, 152099, 97, 87835, 0
23020, 73, 0, 7, 0, 0, 36.60%, 10, 0, 4, 12.16, 152163, 97, 87867, 0
23026, 73, 0, 7, 0, 0, 36.60%, 10, 0, 4, 13.54, 152218, 97, 87894, 0
23031, 73, 3, 7, 0, 0, 36.60%, 10, 0, 4, 12.31, 152277, 97, 87928, 0
23036, 73, 3, 7, 0, 0, 36.60%, 10, 0, 4, 11.97, 152336, 97, 87957, 0
23041, 73, 3, 7, 0, 0, 36.60%, 10, 0, 4, 10.75, 152388, 97, 87991, 0
23049, 73, 3, 7, 0, 0, 36.60%, 10, 0, 4, 0.94, 152438, 97, 88021, 0
23054, 73, 2, 7, 0, 0, 36.60%, 10, 0, 4, 0.61, 152481, 97, 88040, 0
23059, 73, 2, 7, 0, 0, 36.60%, 10, 0, 4, 11.27, 152540, 97, 88075, 0
23065, 73, 2, 7, 0, 0, 36.60%, 10, 0, 4, 11.70, 152601, 97, 88109, 0
23070, 73, 2, 7, 0, 0, 36.60%, 10, 0, 4, 12.49, 152658, 97, 88137, 0
23076, 73, 2, 7, 0, 0, 36.60%, 10, 0, 4, 0.85, 152665, 97, 88140, 0
23082, 73, 2, 7, 0, 0, 36.60%, 10, 0, 4, 0.21, 152685, 97, 88151, 0
23089, 73, 2, 7, 0, 0, 36.60%, 10, 0, 4, 0.17, 152691, 97, 88153, 0
23094, 73, 2, 7, 0, 0, 36.60%, 10, 0, 4, 12.93, 152749, 97, 88187, 0
23099, 73, 2, 7, 0, 0, 36.60%, 10, 0, 4, 12.20, 152810, 97, 88217, 0
23105, 73, 2, 7, 0, 0, 36.60%, 10, 0, 4, 0.46, 152838, 97, 88231, 0
23110, 73, 2, 7, 0, 0, 36.60%, 10, 0, 4, 10.74, 152847, 97, 88237, 0
23116, 73, 6, 7, 0, 0, 36.60%, 10, 0, 4, 10.50, 152902, 97, 88272, 0
23121, 73, 6, 7, 0, 0, 36.60%, 10, 0, 4, 10.70, 152956, 97, 88302, 0
23127, 73, 6, 7, 0, 0, 36.60%, 10, 0, 4, 0.33, 152997, 97, 88323, 0
23133, 73, 6, 7, 0, 0, 36.60%, 10, 0, 4, 1.11, 153041, 97, 88352, 0
23138, 73, 6, 7, 0, 0, 36.60%, 10, 0, 4, 12.07, 153101, 97, 88385, 0
23143, 73, 6, 7, 0, 0, 36.60%, 10, 0, 4, 11.56, 153161, 97, 88420, 0
23148, 73, 6, 7, 0, 0, 36.60%, 10, 0, 4, 10.91, 153217, 97, 88449, 0
23154, 73, 0, 7, 0, 0, 36.60%, 10, 0, 4, 0.64, 153252, 97, 88469, 0
23161, 73, 0, 7, 0, 0, 36.60%, 10, 0, 4, 0.28, 153277, 97, 88489, 0
23166, 73, 0, 7, 0, 0, 36.60%, 10, 0, 4, 5.17, 153332, 97, 88517, 0
23173, 73, 0, 7, 0, 0, 36.60%, 10, 0, 4, 0.56, 153363, 97, 88536, 0
23178, 73, 0, 7, 0, 0, 36.60%, 10, 0, 4, 1.08, 153409, 97, 88561, 0
23184, 73, 6, 7, 0, 0, 36.60%, 10, 0, 4, 12.23, 153463, 97, 88594, 0
23195, 73, 6, 7, 0, 0, 36.60%, 10, 0, 4, 0.15, 153518, 97, 88624, 0
23200, 73, 6, 7, 0, 0, 36.60%, 10, 0, 4, 5.17, 153529, 97, 88632, 0
23205, 73, 6, 7, 0, 0, 36.60%, 10, 0, 4, 10.17, 153564, 97, 88649, 0
23212, 73, 6, 7, 0, 0, 36.60%, 10, 0, 4, 0.35, 153573, 97, 88654, 0
23217, 73, 6, 7, 0, 0, 36.60%, 10, 0, 4, 10.68, 153628, 97, 88688, 0
23222, 73, 6, 7, 0, 0, 36.60%, 10, 0, 4, 11.71, 153689, 97, 88717, 0
23227, 73, 6, 7, 0, 0, 36.60%, 10, 0, 4, 13.98, 153710, 97, 88728, 0
23232, 73, 6, 7, 0, 0, 36.60%, 10, 0, 4, 12.21, 153769, 97, 88762, 0
23238, 73, 6, 7, 0, 0, 36.60%, 10, 0, 4, 0.63, 153807, 97, 88783, 0
23251, 73, 1, 7, 0, 0, 36.60%, 10, 0, 4, 0.22, 153857, 97, 88806, 0
23261, 73, 1, 7, 0, 0, 36.60%, 10, 0, 4, 0.14, 153884, 97, 88824, 0
23266, 73, 1, 7, 0, 0, 36.60%, 10, 0, 4, 8.78, 153937, 97, 88856, 0
23272, 73, 1, 7, 0, 0, 36.60%, 10, 0, 4, 0.31, 153970, 97, 88878, 0
23280, 73, 1, 7, 0, 0, 36.60%, 10, 0, 4, 0.33, 154015, 97, 88909, 0
23285, 74, 3, 7, 0, 0, 36.60%, 10, 0, 4, 8.82, 154066, 97, 88939, 0
23291, 74, 3, 7, 0, 0, 36.60%, 10, 0, 4, 0.57, 154090, 97, 88955, 0
23296, 74, 3, 7, 0, 0, 36.60%, 10, 0, 4, 11.10, 154140, 97, 88991, 0
23303, 74, 3, 7, 0, 0, 36.60%, 10, 0, 4, 1.01, 154186, 97, 89017, 0
23309, 74, 3, 7, 0, 0, 36.60%, 10, 0, 4, 0.23, 154203, 97, 89030, 0
23315, 74, 3, 7, 0, 0, 36.60%, 10, 0, 4, 11.00, 154248, 97, 89059, 0
23320, 74, 1, 7, 0, 0, 36.60%, 10, 0, 4, 10.61, 154303, 97, 89097, 0
23325, 74, 1, 7, 0, 0, 36.60%, 10, 0, 4, 11.31, 154362, 97, 89128, 0
23330, 74, 1, 7, 0, 0, 36.60%, 10, 0, 4, 10.74, 154408, 97, 89158, 0
23335, 74, 3, 7, 0, 0, 36.60%, 10, 0, 4, 10.75, 154461, 97, 89192, 0
23340, 74, 3, 7, 0, 0, 36.60%, 10, 0, 4, 14.38, 154500, 97, 89214, 0
23345, 74, 3, 7, 0, 0, 36.60%, 10, 0, 4, 9.09, 154523, 97, 89227, 0
23352, 74, 3, 7, 0, 0, 36.60%, 10, 0, 4, 0.60, 154550, 97, 89238, 0
23357, 74, 3, 7, 0, 0, 36.60%, 10, 0, 4, 10.95, 154610, 97, 89272, 0
23364, 74, 3, 7, 0, 0, 36.60%, 10, 0, 4, 0.54, 154646, 97, 89289, 0
23369, 74, 3, 7, 0, 0, 36.60%, 10, 0, 4, 3.41, 154650, 97, 89293, 0
23376, 74, 3, 7, 0, 0, 36.60%, 10, 0, 4, 0.17, 154658, 97, 89299, 0
23381, 74, 3, 7, 0, 0, 36.60%, 10, 0, 4, 14.24, 154697, 97, 89318, 0
23386, 74, 3, 7, 0, 0, 36.60%, 10, 0, 4, 11.02, 154724, 97, 89332, 0
23391, 74, 3, 7, 0, 0, 36.60%, 10, 0, 4, 10.88, 154780, 97, 89364, 0
23401, 74, 3, 7, 0, 0, 36.60%, 10, 0, 4, 0.37, 154824, 97, 89388, 0
23408, 74, 3, 7, 0, 0, 36.60%, 10, 0, 4, 0.29, 154850, 97, 89402, 0
23414, 74, 3, 7, 0, 0, 36.60%, 10, 0, 4, 1.65, 154911, 97, 89434, 0
23419, 74, 3, 7, 0, 0, 36.60%, 10, 0, 4, 11.79, 154967, 97, 89467, 0
23425, 74, 3, 7, 0, 0, 36.60%, 10, 0, 4, 12.07, 155027, 97, 89496, 0
23430, 74, 0, 7, 0, 0, 36.60%, 10, 0, 4, 13.38, 155051, 97, 89506, 0
23439, 74, 0, 7, 0, 0, 36.60%, 10, 0, 4, 0.24, 155100, 97, 89533, 0
23444, 74, 0, 7, 0, 0, 36.60%, 10, 0, 4, 0.23, 155109, 97, 89538, 0
23449, 74, 0, 7, 0, 0, 36.60%, 10, 0, 4, 11.87, 155167, 97, 89575, 0
23455, 74, 0, 7, 0, 0, 36.60%, 10, 0, 4, 0.76, 155207, 97, 89599, 0
23460, 74, 1, 7, 0, 0, 36.60%, 10, 0, 4, 13.48, 155256, 97, 89628, 0
23467, 74, 1, 7, 0, 0, 36.60%, 10, 0, 4, 0.17, 155273, 97, 89639, 0
23473, 74, 1, 7, 0, 0, 36.60%, 10, 0, 4, 0.60, 155300, 97, 89652, 0
23478, 74, 1, 7, 0, 0, 36.60%, 10, 0, 4, 10.73, 155349, 97, 89682, 0
23485, 74, 1, 7, 0, 0, 36.60%, 10, 0, 4, 0.33, 155398, 97, 89703, 0
23491, 74, 1, 7, 0, 0, 36.60%, 10, 0, 4, 0.64, 155413, 97, 89712, 0
23497, 74, 1, 7, 0, 0, 36.60%, 10, 0, 4, 0.20, 155423, 97, 89718, 0
23502, 74, 6, 7, 0, 0, 36.60%, 10, 0, 4, 9.15, 155453, 97, 89739, 0
23508, 74, 6, 7, 0, 0, 36.60%, 10, 0, 4, 0.53, 155460, 97, 89742, 0
23516, 74, 6, 7, 0, 0, 36.60%, 10, 0, 4, 0.36, 155515, 97, 89773, 0
23521, 74, 6, 7, 0, 0, 36.60%, 10, 0, 4, 7.14, 155550, 97, 89798, 0
23526, 74, 6, 7, 0, 0, 36.60%, 10, 0, 4, 14.44, 155589, 97, 89820, 0
23531, 74, 6, 7, 0, 0, 36.60%, 10, 0, 4, 13.02, 155655, 97, 89852, 0
23536, 74, 6, 7, 0, 0, 36.60%, 10, 0, 4, 4.83, 155663, 97, 89859, 0
23541, 74, 6, 7, 0, 0, 36.60%, 10, 0, 4, 8.98, 155715, 97, 89891, 0
23546, 74, 6, 7, 0, 0, 36.60%, 10, 0, 4, 11.36, 155758, 97, 89916, 0
23555, 74, 6, 7, 0, 0, 36.60%, 10, 0, 4, 0.40, 155794, 97, 89932, 0
23563, 74, 6, 7, 0, 0, 36.60%, 10, 0, 4, 0.65, 155849, 97, 89965, 0
23568, 74, 0, 7, 0, 0, 36.60%, 10, 0, 4, 9.36, 155872, 97, 89984, 0
23574, 74, 0, 7, 0, 0, 36.60%, 10, 0, 4, 1.29, 155919, 97, 90012, 0
23579, 74, 0, 7, 0, 0, 36.60%, 10, 0, 4, 12.70, 155980, 97, 90042, 0
23590, 74, 0, 7, 0, 0, 36.60%, 10, 0, 4, 0.33, 156029, 97, 90072, 0
23595, 75, 5, 7, 0, 0, 36.60%, 10, 0, 4, 0.29, 156050, 97, 90081, 0
23600, 75, 5, 7, 0, 0, 36.60%, 10, 0, 4, 10.89, 156105, 97, 90116, 0
23605, 75, 5, 7, 0, 0, 36.60%, 10, 0, 4, 11.04, 156140, 97, 90136, 0
23610, 75, 5, 7, 0, 0, 36.60%, 10, 0, 4, 9.79, 156173, 97, 90157, 0
23615, 75, 5, 7, 0, 0, 36.60%, 10, 0, 4, 9.27, 156202, 97, 90174, 0
23620, 75, 2, 7, 0, 0, 36.60%, 10, 0, 4, 10.77, 156257, 97, 90208, 0
23626, 75, 2, 7, 0, 0, 36.60%, 10, 0, 4, 11.85, 156307, 97, 90244, 0
23633, 75, 2, 7, 0, 0, 36.60%, 10, 0, 4, 0.52, 156336, 97, 90265, 0
23643, 75, 2, 7, 0, 0, 36.60%, 10, 0, 4, 0.18, 156383, 97, 90287, 0
23648, 75, 2, 7, 0, 0, 36.60%, 10, 0, 4, 13.16, 156397, 97, 90296, 0
23653, 75, 4, 7, 0, 0, 36.60%, 10, 0, 4, 11.48, 156451, 97, 90329, 0
23659, 75, 4, 7, 0, 0, 36.60%, 10, 0, 4, 11.67, 156492, 97, 90352, 0
23664, 75, 4, 7, 0, 0, 36.60%, 10, 0, 4, 11.09, 156547, 97, 90383, 0
23669, 75, 4, 7, 0, 0, 36.60%, 10, 0, 4, 8.83, 156556, 97, 90389, 0
23674, 75, 4, 7, 0, 0, 36.60%, 10, 0, 4, 11.09, 156574, 97, 90400, 0
23681, 75, 4, 7, 0, 0, 36.60%, 10, 0, 4, 0.43, 156606, 97, 90419, 0
23687, 75, 4, 7, 0, 0, 36.60%, 10, 0, 4, 0.44, 156624, 97, 90431, 0
23693, 75, 5, 7, 0, 0, 36.60%, 10, 0, 4, 11.92, 156689, 97, 90460, 0
23699, 75, 5, 7, 0, 0, 36.60%, 10, 0, 4, 0.17, 156705, 97, 90467, 0
23705, 75, 5, 7, 0, 0, 36.60%, 10, 0, 4, 1.69, 156744, 97, 90490, 0
23710, 75, 5, 7, 0, 0, 36.60%, 10, 0, 4, 13.73, 156782, 97, 90514, 0
23716, 75, 5, 7, 0, 0, 36.60%, 10, 0, 4, 0.59, 156786, 97, 90515, 0
23724, 75, 5, 7, 0, 0, 36.60%, 10, 0, 4, 0.45, 156811, 97, 90530, 0
23729, 75, 5, 7, 0, 0, 36.60%, 10, 0, 4, 4.58, 156818, 97, 90535, 0
23736, 75, 5, 7, 0, 0, 36.60%, 10, 0, 4, 0.46, 156831, 97, 90539, 0
23741, 75, 6, 7, 0, 0, 36.60%, 10, 0, 4, 10.12, 156889, 97, 90567, 0
23748, 75, 6, 7, 0, 0, 36.60%, 10, 0, 4, 0.28, 156921, 97, 90589, 0
23754, 75, 6, 7, 0, 0, 36.60%, 10, 0, 4, 1.47, 156963, 97, 90613, 0
23759, 75, 6, 7, 0, 0, 36.60%, 10, 0, 4, 6.90, 156973, 97, 90620, 0
23764, 75, 6, 7, 0, 0, 36.60%, 10, 0, 4, 10.20, 157031, 97, 90653, 0
23769, 75, 6, 7, 0, 0, 36.60%, 10, 0, 4, 11.06, 157084, 97, 90682, 0
23774, 75, 6, 7, 0, 0, 36.60%, 10, 0, 4, 10.81, 157139, 97, 90720, 0
23782, 75, 6, 7, 0, 0, 36.60%, 10, 0, 4, 0.23, 157176, 97, 90742, 0
23787, 75, 6, 7, 0, 0, 36.60%, 10, 0, 4, 11.98, 157233, 97, 90771, 0
23792, 75, 1, 7, 0, 0, 36.60%, 10, 0, 4, 0.54, 157260, 97, 90788, 0
23798, 75, 1, 7, 0, 0, 36.60%, 10, 0, 4, 1.29, 157297, 97, 90814, 0
23805, 75, 1, 7, 0, 0, 36.60%, 10, 0, 4, 0.63, 157312, 97, 90821, 0
23810, 75, 1, 7, 0, 0, 36.60%, 10, 0, 4, 12.29, 157370, 97, 90852, 0
23817, 75, 1, 7, 0, 0, 36.60%, 10, 0, 4, 0.17, 157386, 97, 90859, 0
23827, 75, 1, 7, 0, 0, 36.60%, 10, 0, 4, 0.35, 157418, 97, 90880, 0
23832, 75, 5, 7, 0, 0, 36.60%, 10, 0, 4, 9.34, 157468, 97, 90912, 0
23840, 75, 5, 7, 0, 0, 36.60%, 10, 0, 4, 0.83, 157481, 97, 90918, 0
23846, 75, 5, 7, 0, 0, 36.60%, 10, 0, 4, 0.70, 157491, 97, 90925, 0
23851, 75, 5, 7, 0, 0, 36.60%, 10, 0, 4, 12.98, 157551, 97, 90954, 0
23858, 75, 5, 7, 0, 0, 36.60%, 10, 0, 4, 1.06, 157585, 97, 90981, 0
23863, 75, 5, 7, 0, 0, 36.60%, 10, 0, 4, 10.37, 157612, 97, 90996, 0
23869, 75, 4, 7, 0, 0, 36.60%, 10, 0, 4, 10.60, 157668, 97, 91033, 0
23875, 75, 4, 7, 0, 0, 36.60%, 10, 0, 4, 0.23, 157696, 97, 91049, 0
23880, 75, 4, 7, 0, 0, 36.60%, 10, 0, 4, 5.90, 157714, 97, 91061, 0
23885, 75, 4, 7, 0, 0, 36.60%, 10, 0, 4, 8.60, 157750, 97, 91086, 0
23894, 75, 4, 7, 0, 0, 36.60%, 10, 0, 4, 0.21, 157793, 97, 91113, 0
23899, 75, 0, 7, 0, 0, 36.60%, 10, 0, 4, 12.37, 157855, 97, 91145, 0
23904, 75, 0, 7, 0, 0, 36.60%, 10, 0, 4, 10.43, 157914, 97, 91173, 0
23909, 75, 0, 7, 0, 0, 36.60%, 10, 0, 4, 2.09, 157971, 97, 91198, 0
23914, 75, 0, 7, 0, 0, 36.60%, 10, 0, 4, 12.35, 158033, 97, 91233, 0
23920, 76, 5, 7, 0, 0, 36.60%, 10, 0, 4, 10.86, 158078, 97, 91261, 0
23925, 76, 5, 7, 0, 0, 36.60%, 10, 0, 4, 0.93, 158116, 97, 91283, 0
23930, 76, 5, 7, 0, 0, 36.60%, 10, 0, 4, 12.84, 158173, 97, 91314, 0
23935, 76, 5, 7, 0, 0, 36.60%, 10, 0, 4, 12.30, 158235, 97, 91346, 0
23944, 76, 4, 7, 0, 0, 36.60%, 10, 0, 4, 0.40, 158261, 97, 91359, 0
23949, 76, 4, 7, 0, 0, 36.60%, 10, 0, 4, 10.50, 158320, 97, 91394, 0
23954, 76, 4, 7, 0, 0, 36.60%, 10, 0, 4, 10.72, 158374, 97, 91431, 0
23959, 76, 4, 7, 0, 0, 36.60%, 10, 0, 4, 11.44, 158432, 97, 91464, 0
23965, 76, 6, 7, 0, 0, 36.60%, 10, 0, 4, 0.74, 158482, 97, 91487, 0
23971, 76, 6, 7, 0, 0, 36.60%, 10, 0, 4, 1.05, 158504, 97, 91501, 0
23977, 76, 6, 7, 0, 0, 36.60%, 10, 0, 4, 1.75, 158548, 97, 91527, 0
23982, 76, 6, 7, 0, 0, 36.60%, 10, 0, 4, 7.29, 158600, 97, 91560, 0
23990, 76, 6, 7, 0, 0, 36.60%, 10, 0, 4, 0.18, 158627, 97, 91576, 0
23995, 76, 6, 7, 0, 0, 36.60%, 10, 0, 4, 11.42, 158647, 97, 91588, 0
24001, 76, 6, 7, 0, 0, 36.60%, 10, 0, 4, 0.51, 158653, 97, 91591, 0
24007, 76, 6, 7, 0, 0, 36.60%, 10, 0, 4, 0.40, 158665, 97, 91599, 0
24012, 76, 6, 7, 0, 0, 36.60%, 10, 0, 4, 10.72, 158717, 97, 91632, 0
24017, 76, 6, 7, 0, 0, 36.60%, 10, 0, 4, 10.08, 158769, 97, 91670, 0
24023, 76, 6, 7, 0, 0, 36.60%, 10, 0, 4, 14.50, 158789, 97, 91681, 0
24029, 76, 6, 7, 0, 0, 36.60%, 10, 0, 4, 0.83, 158829, 97, 91705, 0
24034, 76, 5, 7, 0, 0, 36.60%, 10, 0, 4, 12.30, 158894, 97, 91736, 0
24040, 76, 5, 7, 0, 0, 36.60%, 10, 0, 4, 0.85, 158928, 97, 91757, 0
24045, 76, 5, 7, 0, 0, 36.60%, 10, 0, 4, 9.90, 158969, 97, 91778, 0
24055, 76, 5, 7, 0, 0, 36.60%, 10, 0, 4, 0.41, 159004, 97, 91797, 0
24063, 76, 0, 7, 0, 0, 36.60%, 10, 0, 4, 0.63, 159051, 97, 91825, 0
24068, 76, 0, 7, 0, 0, 36.60%, 10, 0, 4, 0.73, 159081, 97, 91842, 0
24075, 76, 0, 7, 0, 0, 36.60%, 10, 0, 4, 0.30, 159110, 97, 91863, 0
24081, 76, 0, 7, 0, 0, 36.60%, 10, 0, 4, 0.69, 159131, 97, 91876, 0
24089, 76, 0, 7, 0, 0, 36.60%, 10, 0, 4, 0.26, 159157, 97, 91893, 0
24098, 76, 0, 7, 0, 0, 36.60%, 10, 0, 4, 0.18, 159194, 97, 91918, 0
24103, 76, 0, 7, 0, 0, 36.60%, 10, 0, 4, 9.83, 159249, 97, 91953, 0
24108, 76, 0, 7, 0, 0, 36.60%, 10, 0, 4, 6.65, 159293, 97, 91974, 0
24113, 76, 0, 7, 0, 0, 36.60%, 10, 0, 4, 0.28, 159309, 97, 91985, 0
24119, 76, 0, 7, 0, 0, 36.60%, 10, 0, 4, 11.69, 159369, 97, 92018, 0
24127, 76, 0, 7, 0, 0, 36.60%, 10, 0, 4, 0.61, 159406, 97, 92043, 0
24132, 76, 0, 7, 0, 0, 36.60%, 10, 0, 4, 7.92, 159440, 97, 92065, 0
24137, 76, 2, 7, 0, 0, 36.60%, 10, 0, 4, 13.95, 159465, 97, 92075, 0
24143, 76, 2, 7, 0, 0, 36.60%, 10, 0, 4, 0.34, 159467, 97, 92077, 0
24148, 76, 2, 7, 0, 0, 36.60%, 10, 0, 4, 8.87, 159513, 97, 92108, 0
24153, 76, 2, 7, 0, 0, 36.60%, 10, 0, 4, 17.55, 159550, 97, 92131, 0
24160, 76, 2, 7, 0, 0, 36.60%, 10, 0, 4, 0.16, 159554, 97, 92133, 0
24165, 76, 2, 7, 0, 0, 36.60%, 10, 0, 4, 0.84, 159563, 97, 92137, 0
24172, 76, 2, 7, 0, 0, 36.60%, 10, 0, 4, 0.59, 159609, 97, 92159, 0
24177, 76, 5, 7, 0, 0, 36.60%, 10, 0, 4, 13.40, 159650, 97, 92183, 0
24182, 76, 5, 7, 0, 0, 36.60%, 10, 0, 4, 12.30, 159708, 97, 92214, 0
24187, 76, 5, 7, 0, 0, 36.60%, 10, 0, 4, 12.41, 159771, 97, 92244, 0
24192, 76, 5, 7, 0, 0, 36.60%, 10, 0, 4, 12.43, 159834, 97, 92275, 0
24197, 76, 0, 7, 0, 0, 36.60%, 10, 0, 4, 9.24, 159875, 97, 92298, 0
24202, 76, 0, 7, 0, 0, 36.60%, 10, 0, 4, 0.34, 159898, 97, 92314, 0
24207, 76, 0, 7, 0, 0, 36.60%, 10, 0, 4, 9.62, 159954, 97, 92343, 0
24212, 76, 0, 7, 0, 0, 36.60%, 10, 0, 4, 11.29, 159979, 97, 92359, 0
24217, 76, 0, 7, 0, 0, 36.60%, 10, 0, 4, 11.78, 160036, 97, 92393, 0
24222, 77, 1, 7, 0, 0, 36.60%, 10, 0, 4, 11.17, 160092, 97, 92424, 0
24230, 77, 1, 7, 0, 0, 36.60%, 10, 0, 4, 0.89, 160132, 97, 92447, 0
24235, 77, 1, 7, 0, 0, 36.60%, 10, 0, 4, 7.86, 160176, 97, 92474, 0
24241, 77, 1, 7, 0, 0, 36.60%, 10, 0, 4, 0.79, 160201, 97, 92484, 0
24248, 77, 1, 7, 0, 0, 36.60%, 10, 0, 4, 0.19, 160226, 97, 92501, 0
24255, 77, 5, 7, 0, 0, 36.60%, 10, 0, 4, 0.80, 160277, 97, 92528, 0
24262, 77, 5, 7, 0, 0, 36.60%, 10, 0, 4, 0.38, 160328, 97, 92558, 0
24271, 77, 5, 7, 0, 0, 36.60%, 10, 0, 4, 0.50, 160370, 97, 92582, 0
24276, 77, 5, 7, 0, 0, 36.60%, 10, 0, 4, 9.47, 160424, 97, 92611, 0
24281, 77, 5, 7, 0, 0, 36.60%, 10, 0, 4, 3.80, 160436, 97, 92622, 0
24286, 77, 1, 7, 0, 0, 36.60%, 10, 0, 4, 8.84, 160492, 97, 92649, 0
24291, 77, 1, 7, 0, 0, 36.60%, 10, 0, 4, 9.97, 160545, 97, 92679, 0
24297, 77, 1, 7, 0, 0, 36.60%, 10, 0, 4, 10.23, 160596, 97, 92704, 0
24302, 77, 1, 7, 0, 0, 36.60%, 10, 0, 4, 14.67, 160644, 97, 92735, 0
24307, 77, 0, 7, 0, 0, 36.60%, 10, 0, 4, 12.49, 160702, 97, 92765, 0
24314, 77, 0, 7, 0, 0, 36.60%, 10, 0, 4, 0.56, 160733, 97, 92782, 0
24320, 77, 0, 7, 0, 0, 36.60%, 10, 0, 4, 9.25, 160757, 97, 92797, 0
24328, 77, 0, 7, 0, 0, 36.60%, 10, 0, 4, 0.25, 160791, 97, 92818, 0
24334, 77, 0, 7, 0, 0, 36.60%, 10, 0, 4, 0.25, 160815, 97, 92832, 0
24339, 77, 3, 7, 0, 0, 36.60%, 10, 0, 4, 8.93, 160869, 97, 92865, 0
24345, 77, 3, 7, 0, 0, 36.60%, 10, 0, 4, 11.58, 160932, 97, 92898, 0
24350, 77, 3, 7, 0, 0, 36.60%, 10, 0, 4, 8.41, 160960, 97, 92916, 0
24355, 77, 3, 7, 0, 0, 36.60%, 10, 0, 4, 10.31, 161017, 97, 92949, 0
24360, 77, 6, 7, 0, 0, 36.60%, 10, 0, 4, 10.32, 161072, 97, 92972, 0
24370, 77, 6, 7, 0, 0, 36.60%, 10, 0, 4, 0.33, 161095, 97, 92983, 0
24376, 77, 6, 7, 0, 0, 36.60%, 10, 0, 4, 0.29, 161114, 97, 92995, 0
24381, 77, 6, 7, 0, 0, 36.60%, 10, 0, 4, 8.65, 161152, 97, 93016, 0
24389, 77, 6, 7, 0, 0, 36.60%, 10, 0, 4, 0.14, 161156, 97, 93018, 0
24396, 77, 6, 7, 0, 0, 36.60%, 10, 0, 4, 0.53, 161185, 97, 93039, 0
24402, 77, 6, 7, 0, 0, 36.60%, 10, 0, 4, 11.14, 161240, 97, 93073, 0
24409, 77, 6, 7, 0, 0, 36.60%, 10, 0, 4, 0.24, 161267, 97, 93090, 0
24416, 77, 6, 7, 0, 0, 36.60%, 10, 0, 4, 0.94, 161313, 97, 93119, 0
24421, 77, 6, 7, 0, 0, 36.60%, 10, 0, 4, 11.30, 161374, 97, 93150, 0
24427, 77, 6, 7, 0, 0, 36.60%, 10, 0, 4, 12.08, 161435, 97, 93180, 0
24432, 77, 6, 7, 0, 0, 36.60%, 10, 0, 4, 0.61, 161462, 97, 93195, 0
24437, 77, 6, 7, 0, 0, 36.60%, 10, 0, 4, 0.55, 161484, 97, 93207, 0
24442, 77, 6, 7, 0, 0, 36.60%, 10, 0, 4, 12.70, 161524, 97, 93231, 0
24448, 77, 6, 7, 0, 0, 36.60%, 10, 0, 4, 11.54, 161580, 97, 93265, 0
24453, 77, 6, 7, 0, 0, 36.60%, 10, 0, 4, 11.12, 161638, 97, 93298, 0
24458, 77, 6, 7, 0, 0, 36.60%, 10, 0, 4, 20.30, 161661, 97, 93312, 0
24463, 77, 6, 7, 0, 0, 36.60%, 10, 0, 4, 0.66, 161694, 97, 93334, 0
24469, 77, 6, 7, 0, 0, 36.60%, 10, 0, 4, 14.22, 161733, 97, 93351, 0
24474, 77, 6, 7, 0, 0, 36.60%, 10, 0, 4, 14.49, 161763, 97, 93369, 0
24479, 77, 6, 7, 0, 0, 36.60%, 10, 0, 4, 12.39, 161821, 97, 93405, 0
24487, 77, 5, 7, 0, 0, 36.60%, 10, 0, 4, 0.66, 161863, 97, 93428, 0
24495, 77, 5, 7, 0, 0, 36.60%, 10, 0, 4, 0.36, 161888, 97, 93443, 0
24501, 77, 5, 7, 0, 0, 36.60%, 10, 0, 4, 0.31, 161921, 97, 93459, 0
24506, 77, 5, 7, 0, 0, 36.60%, 10, 0, 4, 13.52, 161967, 97, 93480, 0
24511, 77, 5, 7, 0, 0, 36.60%, 10, 0, 4, 10.31, 161976, 97, 93486, 0
24516, 77, 5, 7, 0, 0, 36.60%, 10, 0, 4, 5.99, 161997, 97, 93500, 0
24523, 77, 5, 7, 0, 0, 36.60%, 10, 0, 4, 0.28, 162028, 97, 93519, 0
24529, 77, 5, 7, 0, 0, 36.60%, 10, 0, 4, 0.60, 162047, 97, 93529, 0
24539, 77, 0, 7, 0, 0, 36.60%, 10, 0, 4, 0.32, 162074, 97, 93547, 0
24544, 77, 0, 7, 0, 0, 36.60%, 10, 0, 4, 12.63, 162121, 97, 93574, 0
24550, 77, 0, 7, 0, 0, 36.60%, 10, 0, 4, 0.97, 162144, 97, 93583, 0
24557, 77, 0, 7, 0, 0, 36.60%, 10, 0, 4, 0.82, 162178, 97, 93602, 0
24562, 77, 0, 7, 0, 0, 36.60%, 10, 0, 4, 12.86, 162206, 97, 93619, 0
24567, 78, 2, 7, 0, 0, 36.60%, 10, 0, 4, 11.19, 162256, 97, 93650, 0
24574, 78, 2, 7, 0, 0, 36.60%, 10, 0, 4, 0.26, 162290, 97, 93674, 0
24579, 78, 2, 7, 0, 0, 36.60%, 10, 0, 4, 1.74, 162313, 97, 93687, 0
24584, 78, 2, 7, 0, 0, 36.60%, 10, 0, 4, 13.68, 162365, 97, 93714, 0
24589, 78, 2, 7, 0, 0, 36.60%, 10, 0, 4, 12.44, 162426, 97, 93747, 0
24595, 78, 1, 7, 0, 0, 36.60%, 10, 0, 4, 11.32, 162479, 97, 93781, 0
24601, 78, 1, 7, 0, 0, 36.60%, 10, 0, 4, 0.20, 162499, 97, 93789, 0
24615, 78, 1, 7, 0, 0, 36.60%, 10, 0, 4, 0.35, 162530, 97, 93804, 0
24620, 78, 1, 7, 0, 0, 36.60%, 10, 0, 4, 10.03, 162583, 97, 93839, 0
24626, 78, 1, 7, 0, 0, 36.60%, 10, 0, 4, 4.48, 162589, 97, 93844, 0
24632, 78, 1, 7, 0, 0, 36.60%, 10, 0, 4, 0.56, 162620, 97, 93857, 0
24638, 78, 2, 7, 0, 0, 36.60%, 10, 0, 4, 9.95, 162668, 97, 93887, 0
24646, 78, 2, 7, 0, 0, 36.60%, 10, 0, 4, 0.27, 162710, 97, 93909, 0
24651, 78, 2, 7, 0, 0, 36.60%, 10, 0, 4, 9.55, 162768, 97, 93941, 0
24656, 78, 2, 7, 0, 0, 36.60%, 10, 0, 4, 11.28, 162808, 97, 93961, 0
24661, 78, 6, 7, 0, 0, 36.60%, 10, 0, 4, 11.68, 162869, 97, 93996, 0
24668, 78, 6, 7, 0, 0, 36.60%, 10, 0, 4, 0.34, 162876, 97, 94001, 0
24673, 78, 6, 7, 0, 0, 36.60%, 10, 0, 4, 11.39, 162938, 97, 94031, 0
24678, 78, 6, 7, 0, 0, 36.60%, 10, 0, 4, 18.78, 162988, 97, 94056, 0
24685, 78, 6, 7, 0, 0, 36.60%, 10, 0, 4, 0.44, 163037, 97, 94086, 0
24690, 78, 6, 7, 0, 0, 36.60%, 10, 0, 4, 11.69, 163090, 97, 94120, 0
24695, 78, 6, 7, 0, 0, 36.60%, 10, 0, 4, 10.46, 163126, 97, 94144, 0
24700, 78, 6, 7, 0, 0, 36.60%, 10, 0, 4, 11.36, 163185, 97, 94175, 0
24707, 78, 6, 7, 0, 0, 36.60%, 10, 0, 4, 0.55, 163218, 97, 94199, 0
24712, 78, 6, 7, 0, 0, 36.60%, 10, 0, 4, 12.95, 163246, 97, 94212, 0
24718, 78, 6, 7, 0, 0, 36.60%, 10, 0, 4, 13.02, 163313, 97, 94238, 0
24727, 78, 6, 7, 0, 0, 36.60%, 10, 0, 4, 0.25, 163362, 97, 94263, 0
24732, 78, 6, 7, 0, 0, 36.60%, 10, 0, 4, 14.60, 163408, 97, 94293, 0
24737, 78, 6, 7, 0, 0, 36.60%, 10, 0, 4, 12.77, 163467, 97, 94321, 0
24742, 78, 6, 7, 0, 0, 36.60%, 10, 0, 4, 0.27, 163484, 97, 94333, 0
24748, 78, 6, 7, 0, 0, 36.60%, 10, 0, 4, 2.60, 163544, 97, 94363, 0
24754, 78, 6, 7, 0, 0, 36.60%, 10, 0, 4, 0.23, 163564, 97, 94375, 0
24762, 78, 6, 7, 0, 0, 36.60%, 10, 0, 4, 0.28, 163594, 97, 94390, 0
24767, 78, 6, 7, 0, 0, 36.60%, 10, 0, 4, 1.98, 163644, 97, 94423, 0
24772, 78, 2, 7, 0, 0, 36.60%, 10, 0, 4, 11.82, 163697, 97, 94453, 0
24777, 78, 2, 7, 0, 0, 36.60%, 10, 0, 4, 11.33, 163753, 97, 94490, 0
24784, 78, 2, 7, 0, 0, 36.60%, 10, 0, 4, 0.57, 163776, 97, 94503, 0
24789, 78, 2, 7, 0, 0, 36.60%, 10, 0, 4, 7.57, 163814, 97, 94523, 0
24794, 78, 1, 7, 0, 0, 36.60%, 10, 0, 4, 9.67, 163852, 97, 94546, 0
24801, 78, 1, 7, 0, 0, 36.60%, 10, 0, 4, 0.19, 163868, 97, 94560, 0
24808, 78, 1, 7, 0, 0, 36.60%, 10, 0, 4, 0.53, 163906, 97, 94581, 0
24816, 78, 1, 7, 0, 0, 36.60%, 10, 0, 4, 0.34, 163931, 97, 94598, 0
24822, 78, 1, 7, 0, 0, 36.60%, 10, 0, 4, 0.93, 163967, 97, 94616, 0
24827, 78, 1, 7, 0, 0, 36.60%, 10, 0, 4, 10.12, 164018, 97, 94649, 0
24833, 78, 6, 7, 0, 0, 36.60%, 10, 0, 4, 10.93, 164076, 97, 94681, 0
24838, 78, 6, 7, 0, 0, 36.60%, 10, 0, 4, 10.73, 164134, 97, 94714, 0
24843, 78, 6, 7, 0, 0, 36.60%, 10, 0, 4, 11.74, 164192, 97, 94745, 0
24849, 78, 6, 7, 0, 0, 36.60%, 10, 0, 4, 0.44, 164215, 97, 94756, 0
24856, 78, 6, 7, 0, 0, 36.60%, 10, 0, 4, 1.05, 164274, 97, 94788, 0
24862, 78, 6, 7, 0, 0, 36.60%, 10, 0, 4, 0.30, 164308, 97, 94808, 0
24867, 78, 6, 7, 0, 0, 36.60%, 10, 0, 4, 10.92, 164363, 97, 94841, 0
24873, 78, 6, 7, 0, 0, 36.60%, 10, 0, 4, 1.17, 164397, 97, 94863, 0
24881, 78, 6, 7, 0, 0, 36.60%, 10, 0, 4, 0.75, 164410, 97, 94872, 0
24896, 78, 6, 7, 0, 0, 36.60%, 10, 0, 4, 0.17, 164446, 97, 94895, 0
24902, 78, 4, 7, 0, 0, 36.60%, 10, 0, 4, 7.97, 164460, 97, 94908, 0
24908, 78, 4, 7, 0, 0, 36.60%, 10, 0, 4, 0.16, 164469, 97, 94914, 0
24913, 78, 4, 7, 0, 0, 36.60%, 10, 0, 4, 9.64, 164512, 97, 94940, 0
24919, 78, 4, 7, 0, 0, 36.60%, 10, 0, 4, 12.74, 164561, 97, 94967, 0
24924, 78, 4, 7, 0, 0, 36.60%, 10, 0, 4, 0.25, 164579, 97, 94978, 0
24929, 78, 4, 7, 0, 0, 36.60%, 10, 0, 4, 12.82, 164620, 97, 95003, 0
24934, 79, 0, 7, 0, 0, 36.60%, 10, 0, 4, 11.57, 164667, 97, 95031, 0
24940, 79, 0, 7, 0, 0, 36.60%, 10, 0, 4, 0.95, 164715, 97, 95056, 0
24945, 79, 0, 7, 0, 0, 36.60%, 10, 0, 4, 9.95, 164769, 97, 95086, 0
24951, 79, 0, 7, 0, 0, 36.60%, 10, 0, 4, 0.87, 164793, 97, 95102, 0
24959, 79, 0, 7, 0, 0, 36.60%, 10, 0, 4, 0.17, 164817, 97, 95114, 0
24964, 79, 0, 7, 0, 0, 36.60%, 10, 0, 4, 8.86, 164841, 97, 95129, 0
24969, 79, 1, 7, 0, 0, 36.60%, 10, 0, 4, 13.36, 164873, 97, 95143, 0
24974, 79, 1, 7, 0, 0, 36.60%, 10, 0, 4, 12.62, 164934, 97, 95173, 0
24980, 79, 1, 7, 0, 0, 36.60%, 10, 0, 4, 1.50, 164984, 97, 95196, 0
24986, 79, 1, 7, 0, 0, 36.60%, 10, 0, 4, 0.44, 165007, 97, 95210, 0
24994, 79, 1, 7, 0, 0, 36.60%, 10, 0, 4, 0.29, 165032, 97, 95221, 0
25000, 79, 2, 7, 0, 0, 36.60%, 10, 0, 4, 1.74, 165082, 97, 95244, 0
25006, 79, 2, 7, 0, 0, 36.60%, 10, 0, 4, 12.28, 165120, 97, 95266, 0
25011, 79, 2, 7, 0, 0, 36.60%, 10, 0, 4, 9.52, 165136, 97, 95276, 0
25016, 79, 2, 7, 0, 0, 36.60%, 10, 0, 4, 6.49, 165155, 97, 95291, 0
25021, 79, 2, 7, 0, 0, 36.60%, 10, 0, 4, 9.88, 165211, 97, 95321, 0
25026, 79, 2, 7, 0, 0, 36.60%, 10, 0, 4, 9.76, 165224, 97, 95328, 0
25031, 79, 6, 7, 0, 0, 36.60%, 10, 0, 4, 9.45, 165271, 97, 95357, 0
25036, 79, 6, 7, 0, 0, 36.60%, 10, 0, 4, 9.11, 165303, 97, 95380, 0
25042, 79, 6, 7, 0, 0, 36.60%, 10, 0, 4, 0.30, 165326, 97, 95395, 0
25047, 79, 6, 7, 0, 0, 36.60%, 10, 0, 4, 14.06, 165386, 97, 95427, 0
25052, 79, 6, 7, 0, 0, 36.60%, 10, 0, 4, 8.75, 165428, 97, 95457, 0
25057, 79, 6, 7, 0, 0, 36.60%, 10, 0, 4, 10.07, 165481, 97, 95491, 0
25068, 79, 6, 7, 0, 0, 36.60%, 10, 0, 4, 0.12, 165501, 97, 95502, 0
25075, 79, 6, 7, 0, 0, 36.60%, 10, 0, 4, 0.38, 165546, 97, 95530, 0
25080, 79, 6, 7, 0, 0, 36.60%, 10, 0, 4, 12.28, 165602, 97, 95556, 0
25085, 79, 6, 7, 0, 0, 36.60%, 10, 0, 4, 11.26, 165659, 97, 95590, 0
25090, 79, 6, 7, 0, 0, 36.60%, 10, 0, 4, 9.26, 165679, 97, 95601, 0
25096, 79, 6, 7, 0, 0, 36.60%, 10, 0, 4, 0.81, 165702, 97, 95617, 0
25102, 79, 6, 7, 0, 0, 36.60%, 10, 0, 4, 0.32, 165728, 97, 95636, 0
25107, 79, 6, 7, 0, 0, 36.60%, 10, 0, 4, 4.94, 165744, 97, 95648, 0
25112, 79, 6, 7, 0, 0, 36.60%, 10, 0, 4, 13.86, 165774, 97, 95662, 0
25117, 79, 6, 7, 0, 0, 36.60%, 10, 0, 4, 0.75, 165810, 97, 95683, 0
25122, 79, 6, 7, 0, 0, 36.60%, 10, 0, 4, 10.70, 165864, 97, 95711, 0
25136, 79, 6, 7, 0, 0, 36.60%, 10, 0, 4, 0.50, 165872, 97, 95716, 0
25141, 79, 6, 7, 0, 0, 36.60%, 10, 0, 4, 0.30, 165891, 97, 95728, 0
25150, 79, 6, 7, 0, 0, 36.60%, 10, 0, 4, 0.44, 165919, 97, 95739, 0
25156, 79, 6, 7, 0, 0, 36.60%, 10, 0, 4, 0.46, 165934, 97, 95746, 0
25161, 79, 6, 7, 0, 0, 36.60%, 10, 0, 4, 10.88, 165988, 97, 95781, 0
25166, 79, 6, 7, 0, 0, 36.60%, 10, 0, 4, 11.57, 166048, 97, 95811, 0
25175, 79, 3, 7, 0, 0, 36.60%, 10, 0, 4, 0.75, 166104, 97, 95841, 0
25180, 79, 3, 7, 0, 0, 36.60%, 10, 0, 4, 10.45, 166159, 97, 95874, 0
25187, 79, 3, 7, 0, 0, 36.60%, 10, 0, 4, 1.07, 166193, 97, 95893, 0
25192, 79, 3, 7, 0, 0, 36.60%, 10, 0, 4, 10.73, 166248, 97, 95922, 0
25207, 79, 1, 7, 0, 0, 36.60%, 10, 0, 4, 0.19, 166280, 97, 95945, 0
25212, 79, 1, 7, 0, 0, 36.60%, 10, 0, 4, 16.67, 166296, 97, 95951, 0
25217, 79, 1, 7, 0, 0, 36.60%, 10, 0, 4, 13.10, 166340, 97, 95980, 0
25224, 79, 1, 7, 0, 0, 36.60%, 10, 0, 4, 0.25, 166362, 97, 95997, 0
25234, 79, 1, 7, 0, 0, 36.60%, 10, 0, 4, 0.17, 166407, 97, 96025, 0
25239, 79, 3, 7, 0, 0, 36.60%, 10, 0, 4, 10.54, 166463, 97, 96055, 0
25245, 79, 3, 7, 0, 0, 36.60%, 10, 0, 4, 0.19, 166470, 97, 96062, 0
25250, 79, 3, 7, 0, 0, 36.60%, 10, 0, 4, 17.39, 166503, 97, 96080, 0
25255, 79, 3, 7, 0, 0, 36.60%, 10, 0, 4, 12.20, 166531, 97, 96094, 0
25260, 79, 3, 7, 0, 0, 36.60%, 10, 0, 4, 9.16, 166564, 97, 96118, 0
25265, 79, 3, 7, 0, 0, 36.60%, 10, 0, 4, 11.10, 166627, 97, 96149, 0
25270, 79, 2, 7, 0, 0, 36.60%, 10, 0, 4, 11.75, 166687, 97, 96181, 0
25279, 79, 2, 7, 0, 0, 36.60%, 10, 0, 4, 0.17, 166730, 97, 96201, 0
25288, 79, 2, 7, 0, 0, 36.60%, 10, 0, 4, 0.80, 166781, 97, 96232, 0
25293, 79, 2, 7, 0, 0, 36.60%, 10, 0, 4, 11.13, 166837, 97, 96262, 0
25299, 80, 5, 7, 0, 0, 36.60%, 10, 0, 4, 0.81, 166866, 97, 96283, 0
25304, 80, 5, 7, 0, 0, 36.60%, 10, 0, 4, 0.85, 166904, 97, 96304, 0
25309, 80, 5, 7, 0, 0, 36.60%, 10, 0, 4, 13.24, 166964, 97, 96331, 0
25317, 80, 5, 7, 0, 0, 36.60%, 10, 0, 4, 0.66, 167013, 97, 96365, 0
25322, 80, 6, 7, 0, 0, 36.60%, 10, 0, 4, 12.65, 167058, 97, 96391, 0
25330, 80, 6, 7, 0, 0, 36.60%, 10, 0, 4, 1.23, 167116, 97, 96420, 0
25337, 80, 6, 7, 0, 0, 36.60%, 10, 0, 4, 0.90, 167157, 97, 96443, 0
25344, 80, 6, 7, 0, 0, 36.60%, 10, 0, 4, 0.23, 167185, 97, 96454, 0
25349, 80, 6, 7, 0, 0, 36.60%, 10, 0, 4, 12.85, 167216, 97, 96468, 0
25358, 80, 6, 7, 0, 0, 36.60%, 10, 0, 4, 0.36, 167243, 97, 96484, 0
25363, 80, 6, 7, 0, 0, 36.60%, 10, 0, 4, 10.99, 167301, 97, 96513, 0
25368, 80, 6, 7, 0, 0, 36.60%, 10, 0, 4, 13.94, 167335, 97, 96529, 0
25373, 80, 6, 7, 0, 0, 36.60%, 10, 0, 4, 8.97, 167359, 97, 96546, 0
25380, 80, 6, 7, 0, 0, 36.60%, 10, 0, 4, 0.59, 167417, 97, 96580, 0
25387, 80, 6, 7, 0, 0, 36.60%, 10, 0, 4, 0.39, 167436, 97, 96589, 0
25392, 80, 6, 7, 0, 0, 36.60%, 10, 0, 4, 0.19, 167441, 97, 96594, 0
25398, 80, 1, 7, 0, 0, 36.60%, 10, 0, 4, 10.44, 167501, 97, 96625, 0
25403, 80, 1, 7, 0, 0, 36.60%, 10, 0, 4, 11.28, 167561, 97, 96660, 0
25408, 80, 1, 7, 0, 0, 36.60%, 10, 0, 4, 11.32, 167622, 97, 96692, 0
25413, 80, 5, 7, 0, 0, 36.60%, 10, 0, 4, 11.25, 167679, 97, 96726, 0
25418, 80, 5, 7, 0, 0, 36.60%, 10, 0, 4, 11.29, 167735, 97, 96759, 0
25425, 80, 5, 7, 0, 0, 36.60%, 10, 0, 4, 0.29, 167767, 97, 96782, 0
25430, 80, 5, 7, 0, 0, 36.60%, 10, 0, 4, 10.36, 167802, 97, 96805, 0
25435, 80, 5, 7, 0, 0, 36.60%, 10, 0, 4, 14.81, 167815, 97, 96811, 0
25440, 80, 5, 7, 0, 0, 36.60%, 10, 0, 4, 9.17, 167843, 97, 96826, 0
25453, 80, 3, 7, 0, 0, 36.60%, 10, 0, 4, 0.35, 167858, 97, 96833, 0
25458, 80, 3, 7, 0, 0, 36.60%, 10, 0, 4, 9.44, 167906, 97, 96864, 0
25463, 80, 3, 7, 0, 0, 36.60%, 10, 0, 4, 0.48, 167926, 97, 96873, 0
25468, 80, 3, 7, 0, 0, 36.60%, 10, 0, 4, 10.56, 167985, 97, 96908, 0
25475, 80, 3, 7, 0, 0, 36.60%, 10, 0, 4, 1.27, 168031, 97, 96930, 0
25480, 80, 2, 7, 0, 0, 36.60%, 10, 0, 4, 12.78, 168067, 97, 96950, 0
25485, 80, 2, 7, 0, 0, 36.60%, 10, 0, 4, 9.40, 168074, 97, 96956, 0
25492, 80, 2, 7, 0, 0, 36.60%, 10, 0, 4, 0.17, 168093, 97, 96968, 0
25498, 80, 2, 7, 0, 0, 36.60%, 10, 0, 4, 10.41, 168149, 97, 97001, 0
25503, 80, 2, 7, 0, 0, 36.60%, 10, 0, 4, 10.63, 168204, 97, 97037, 0
25510, 80, 2, 7, 0, 0, 36.60%, 10, 0, 4, 0.90, 168245, 97, 97063, 0
25515, 80, 5, 7, 0, 0, 36.60%, 10, 0, 4, 9.85, 168282, 97, 97088, 0
25521, 80, 5, 7, 0, 0, 36.60%, 10, 0, 4, 3.93, 168321, 97, 97111, 0
25529, 80, 5, 7, 0, 0, 36.60%, 10, 0, 4, 0.63, 168368, 97, 97142, 0
25539, 80, 5, 7, 0, 0, 36.60%, 10, 0, 4, 0.50, 168413, 97, 97165, 0
25544, 80, 5, 7, 0, 0, 36.60%, 10, 0, 4, 11.01, 168471, 97, 97196, 0
25550, 80, 5, 7, 0, 0, 36.60%, 10, 0, 4, 10.87, 168531, 97, 97228, 0
25557, 80, 5, 7, 0, 0, 36.60%, 10, 0, 4, 0.82, 168566, 97, 97250, 0
25562, 80, 5, 7, 0, 0, 36.60%, 10, 0, 4, 10.01, 168620, 97, 97284, 0
25567, 80, 6, 7, 0, 0, 36.60%, 10, 0, 4, 10.53, 168672, 97, 97314, 0
25573, 80, 6, 7, 0, 0, 36.60%, 10, 0, 4, 0.26, 168708, 97, 97332, 0
25579, 80, 6, 7, 0, 0, 36.60%, 10, 0, 4, 8.69, 168741, 97, 97354, 0
25584, 80, 6, 7, 0, 0, 36.60%, 10, 0, 4, 10.26, 168796, 97, 97387, 0
25592, 80, 6, 7, 0, 0, 36.60%, 10, 0, 4, 0.35, 168814, 97, 97399, 0
25598, 80, 6, 7, 0, 0, 36.60%, 10, 0, 4, 0.66, 168840, 97, 97417, 0
25603, 80, 6, 7, 0, 0, 36.60%, 10, 0, 4, 10.99, 168897, 97, 97453, 0
25610, 80, 6, 7, 0, 0, 36.60%, 10, 0, 4, 0.35, 168936, 97, 97474, 0
25615, 80, 6, 7, 0, 0, 36.60%, 10, 0, 4, 2.13, 168987, 97, 97503, 0
25620, 80, 6, 7, 0, 0, 36.60%, 10, 0, 4, 11.93, 169041, 97, 97534, 0
25628, 81, 2, 7, 0, 0, 36.60%, 10, 0, 4, 0.91, 169063, 97, 97550, 0
25636, 81, 2, 7, 0, 0, 36.60%, 10, 0, 4, 0.28, 169110, 97, 97580, 0
25641, 81, 2, 7, 0, 0, 36.60%, 10, 0, 4, 6.16, 169136, 97, 97592, 0
25649, 81, 2, 7, 0, 0, 36.60%, 10, 0, 4, 0.89, 169173, 97, 97610, 0
25654, 81, 2, 7, 0, 0, 36.60%, 10, 0, 4, 12.52, 169216, 97, 97635, 0
25659, 81, 4, 7, 0, 0, 36.60%, 10, 0, 4, 11.46, 169274, 97, 97668, 0
25667, 81, 4, 7, 0, 0, 36.60%, 10, 0, 4, 0.45, 169309, 97, 97695, 0
25675, 81, 4, 7, 0, 0, 36.60%, 10, 0, 4, 0.55, 169354, 97, 97723, 0
25680, 81, 4, 7, 0, 0, 36.60%, 10, 0, 4, 9.17, 169384, 97, 97743, 0
25685, 81, 4, 7, 0, 0, 36.60%, 10, 0, 4, 10.15, 169432, 97, 97772, 0
25691, 81, 4, 7, 0, 0, 36.60%, 10, 0, 4, 9.26, 169440, 97, 97777, 0
25700, 81, 4, 7, 0, 0, 36.60%, 10, 0, 4, 0.46, 169491, 97, 97816, 0
25706, 81, 4, 7, 0, 0, 36.60%, 10, 0, 4, 0.18, 169495, 97, 97818, 0
25711, 81, 4, 7, 0, 0, 36.60%, 10, 0, 4, 9.68, 169554, 97, 97850, 0
25716, 81, 4, 7, 0, 0, 36.60%, 10, 0, 4, 10.42, 169606, 97, 97879, 0
25724, 81, 4, 7, 0, 0, 36.60%, 10, 0, 4, 0.19, 169640, 97, 97902, 0
25729, 81, 2, 7, 0, 0, 36.60%, 10, 0, 4, 10.13, 169694, 97, 97937, 0
25737, 81, 2, 7, 0, 0, 36.60%, 10, 0, 4, 0.50, 169735, 97, 97963, 0
25745, 81, 2, 7, 0, 0, 36.60%, 10, 0, 4, 0.69, 169791, 97, 97995, 0
25750, 81, 2, 7, 0, 0, 36.60%, 10, 0, 4, 11.19, 169848, 97, 98030, 0
25758, 81, 2, 7, 0, 0, 36.60%, 10, 0, 4, 0.61, 169905, 97, 98063, 0
25763, 81, 2, 7, 0, 0, 36.60%, 10, 0, 4, 4.90, 169914, 97, 98067, 0
25769, 81, 2, 7, 0, 0, 36.60%, 10, 0, 4, 1.14, 169960, 97, 98096, 0
25774, 81, 2, 7, 0, 0, 36.60%, 10, 0, 4, 11.80, 170016, 97, 98133, 0
25779, 81, 6, 7, 0, 0, 36.60%, 10, 0, 4, 10.49, 170066, 97, 98164, 0
25784, 81, 6, 7, 0, 0, 36.60%, 10, 0, 4, 10.92, 170124, 97, 98194, 0
25789, 81, 6, 7, 0, 0, 36.60%, 10, 0, 4, 10.62, 170182, 97, 98228, 0
25794, 81, 6, 7, 0, 0, 36.60%, 10, 0, 4, 7.39, 170225, 97, 98254, 0
25801, 81, 6, 7, 0, 0, 36.60%, 10, 0, 4, 0.23, 170244, 97, 98266, 0
25806, 81, 6, 7, 0, 0, 36.60%, 10, 0, 4, 11.53, 170296, 97, 98297, 0
25811, 81, 6, 7, 0, 0, 36.60%, 10, 0, 4, 11.54, 170354, 97, 98329, 0
25817, 81, 6, 7, 0, 0, 36.60%, 10, 0, 4, 0.82, 170393, 97, 98355, 0
25826, 81, 6, 7, 0, 0, 36.60%, 10, 0, 4, 0.22, 170398, 97, 98359, 0
25831, 81, 2, 7, 0, 0, 36.60%, 10, 0, 4, 10.75, 170456, 97, 98392, 0
25837, 81, 2, 7, 0, 0, 36.60%, 10, 0, 4, 11.12, 170511, 97, 98420, 0
25842, 81, 2, 7, 0, 0, 36.60%, 10, 0, 4, 10.55, 170564, 97, 98453, 0
25847, 81, 2, 7, 0, 0, 36.60%, 10, 0, 4, 10.44, 170614, 97, 98483, 0
25852, 81, 2, 7, 0, 0, 36.60%, 10, 0, 4, 11.67, 170673, 97, 98510, 0
25857, 81, 2, 7, 0, 0, 36.60%, 10, 0, 4, 0.71, 170702, 97, 98530, 0
25862, 81, 2, 7, 0, 0, 36.60%, 10, 0, 4, 11.60, 170756, 97, 98562, 0
25868, 81, 2, 7, 0, 0, 36.60%, 10, 0, 4, 8.81, 170778, 97, 98575, 0
25873, 81, 2, 7, 0, 0, 36.60%, 10, 0, 4, 9.87, 170826, 97, 98604, 0
25878, 81, 6, 7, 0, 0, 36.60%, 10, 0, 4, 10.23, 170875, 97, 98634, 0
25883, 81, 6, 7, 0, 0, 36.60%, 10, 0, 4, 12.22, 170915, 97, 98655, 0
25888, 81, 6, 7, 0, 0, 36.60%, 10, 0, 4, 13.31, 170945, 97, 98672, 0
25896, 81, 6, 7, 0, 0, 36.60%, 10, 0, 4, 0.62, 170974, 97, 98688, 0
25901, 81, 6, 7, 0, 0, 36.60%, 10, 0, 4, 8.97, 171025, 97, 98723, 0
25906, 81, 6, 7, 0, 0, 36.60%, 10, 0, 4, 10.24, 171077, 97, 98750, 0
25914, 81, 6, 7, 0, 0, 36.60%, 10, 0, 4, 0.13, 171082, 97, 98755, 0
25920, 81, 6, 7, 0, 0, 36.60%, 10, 0, 4, 3.41, 171129, 97, 98778, 0
25926, 81, 6, 7, 0, 0, 36.60%, 10, 0, 4, 0.76, 171163, 97, 98801, 0
25932, 81, 6, 7, 0, 0, 36.60%, 10, 0, 4, 10.27, 171216, 97, 98832, 0
25939, 81, 6, 7, 0, 0, 36.60%, 10, 0, 4, 0.72, 171241, 97, 98845, 0
25945, 82, 3, 7, 0, 0, 36.60%, 10, 0, 4, 0.67, 171265, 97, 98857, 0
25953, 82, 3, 7, 0, 0, 36.60%, 10, 0, 4, 0.41, 171300, 97, 98877, 0
25958, 82, 3, 7, 0, 0, 36.60%, 10, 0, 4, 9.10, 171354, 97, 98910, 0
25970, 82, 3, 7, 0, 0, 36.60%, 10, 0, 4, 0.41, 171392, 97, 98932, 0
25977, 82, 3, 7, 0, 0, 36.60%, 10, 0, 4, 0.19, 171406, 97, 98942, 0
25984, 82, 3, 7, 0, 0, 36.60%, 10, 0, 4, 0.23, 171440, 97, 98956, 0
25989, 82, 2, 7, 0, 0, 36.60%, 10, 0, 4, 7.63, 171475, 97, 98978, 0
25995, 82, 2, 7, 0, 0, 36.60%, 10, 0, 4, 0.55, 171522, 97, 99008, 0
26000, 82, 2, 7, 0, 0, 36.60%, 10, 0, 4, 10.21, 171576, 97, 99041, 0
26005, 82, 2, 7, 0, 0, 36.60%, 10, 0, 4, 11.13, 171631, 97, 99068, 0
26010, 82, 5, 7, 0, 0, 36.60%, 10, 0, 4, 11.56, 171694, 97, 99097, 0
26015, 82, 5, 7, 0, 0, 36.60%, 10, 0, 4, 11.27, 171750, 97, 99128, 0
26020, 82, 5, 7, 0, 0, 36.60%, 10, 0, 4, 10.59, 171799, 97, 99158, 0
26027, 82, 5, 7, 0, 0, 36.60%, 10, 0, 4, 0.31, 171836, 97, 99180, 0
26032, 82, 1, 7, 0, 0, 36.60%, 10, 0, 4, 1.24, 171874, 97, 99201, 0
26041, 82, 1, 7, 0, 0, 36.60%, 10, 0, 4, 0.42, 171931, 97, 99234, 0
26047, 82, 1, 7, 0, 0, 36.60%, 10, 0, 4, 8.71, 171985, 97, 99263, 0
26052, 82, 1, 7, 0, 0, 36.60%, 10, 0, 4, 10.24, 172040, 97, 99297, 0
26060, 82, 1, 7, 0, 0, 36.60%, 10, 0, 4, 0.95, 172093, 97, 99329, 0
26065, 82, 1, 7, 0, 0, 36.60%, 10, 0, 4, 9.22, 172116, 97, 99346, 0
26070, 82, 1, 7, 0, 0, 36.60%, 10, 0, 4, 10.97, 172177, 97, 99379, 0
26075, 82, 1, 7, 0, 0, 36.60%, 10, 0, 4, 10.45, 172223, 97, 99409, 0
26080, 82, 6, 7, 0, 0, 36.60%, 10, 0, 4, 9.91, 172261, 97, 99436, 0
26085, 82, 6, 7, 0, 0, 36.60%, 10, 0, 4, 13.84, 172290, 97, 99454, 0
26092, 82, 6, 7, 0, 0, 36.60%, 10, 0, 4, 0.19, 172310, 97, 99466, 0
26103, 82, 6, 7, 0, 0, 36.60%, 10, 0, 4, 0.12, 172339, 97, 99483, 0
26108, 82, 6, 7, 0, 0, 36.60%, 10, 0, 4, 9.12, 172389, 97, 99518, 0
26113, 82, 6, 7, 0, 0, 36.60%, 10, 0, 4, 5.17, 172405, 97, 99527, 0
26122, 82, 6, 7, 0, 0, 36.60%, 10, 0, 4, 0.38, 172438, 97, 99545, 0
26127, 82, 6, 7, 0, 0, 36.60%, 10, 0, 4, 8.78, 172479, 97, 99566, 0
26133, 82, 6, 7, 0, 0, 36.60%, 10, 0, 4, 0.28, 172517, 97, 99584, 0
26140, 82, 6, 7, 0, 0, 36.60%, 10, 0, 4, 0.34, 172532, 97, 99595, 0
26146, 82, 6, 7, 0, 0, 36.60%, 10, 0, 4, 13.62, 172564, 97, 99611, 0
26152, 82, 6, 7, 0, 0, 36.60%, 10, 0, 4, 0.17, 172573, 97, 99617, 0
26157, 82, 6, 7, 0, 0, 36.60%, 10, 0, 4, 9.62, 172627, 97, 99647, 0
26166, 82, 6, 7, 0, 0, 36.60%, 10, 0, 4, 0.47, 172682, 97, 99673, 0
26176, 82, 6, 7, 0, 0, 36.60%, 10, 0, 4, 0.20, 172736, 97, 99705, 0
26183, 82, 6, 7, 0, 0, 36.60%, 10, 0, 4, 0.88, 172758, 97, 99716, 0
26188, 82, 6, 7, 0, 0, 36.60%, 10, 0, 4, 1.64, 172792, 97, 99738, 0
26195, 82, 6, 7, 0, 0, 36.60%, 10, 0, 4, 0.76, 172822, 97, 99755, 0
26200, 82, 6, 7, 0, 0, 36.60%, 10, 0, 4, 8.63, 172872, 97, 99786, 0
26206, 82, 6, 7, 0, 0, 36.60%, 10, 0, 4, 0.61, 172907, 97, 99807, 0
26211, 82, 6, 7, 0, 0, 36.60%, 10, 0, 4, 0.24, 172915, 97, 99814, 0
26216, 82, 6, 7, 0, 0, 36.60%, 10, 0, 4, 4.08, 172930, 97, 99819, 0
26222, 82, 6, 7, 0, 0, 36.60%, 10, 0, 4, 0.55, 172933, 97, 99820, 0
26227, 82, 6, 7, 0, 0, 36.60%, 10, 0, 4, 8.67, 172985, 97, 99852, 0
26233, 82, 6, 7, 0, 0, 36.60%, 10, 0, 4, 0.27, 173012, 97, 99862, 0
26238, 82, 2, 7, 0, 0, 36.60%, 10, 0, 4, 11.07, 173068, 97, 99895, 0
26243, 82, 2, 7, 0, 0, 36.60%, 10, 0, 4, 11.69, 173128, 97, 99924, 0
26250, 82, 2, 7, 0, 0, 36.60%, 10, 0, 4, 0.63, 173170, 97, 99948, 0
26255, 82, 2, 7, 0, 0, 36.60%, 10, 0, 4, 11.65, 173219, 97, 99976, 0
26260, 82, 4, 7, 0, 0, 36.60%, 10, 0, 4, 11.14, 173275, 97, 100011, 0
26267, 82, 4, 7, 0, 0, 36.60%, 10, 0, 4, 0.42, 173295, 97, 100024, 0
26274, 82, 4, 7, 0, 0, 36.60%, 10, 0, 4, 0.39, 173321, 97, 100034, 0
26279, 82, 4, 7, 0, 0, 36.60%, 10, 0, 4, 12.37, 173377, 97, 100069, 0
26287, 82, 4, 7, 0, 0, 36.60%, 10, 0, 4, 0.31, 173418, 97, 100097, 0
26292, 83, 5, 7, 0, 0, 36.60%, 10, 0, 4, 11.39, 173475, 97, 100133, 0
26297, 83, 5, 7, 0, 0, 36.60%, 10, 0, 4, 11.36, 173533, 97, 100167, 0
26302, 83, 5, 7, 0, 0, 36.60%, 10, 0, 4, 11.95, 173589, 97, 100192, 0
26307, 83, 5, 7, 0, 0, 36.60%, 10, 0, 4, 11.44, 173646, 97, 100228, 0
26314, 83, 5, 7, 0, 0, 36.60%, 10, 0, 4, 0.40, 173675, 97, 100242, 0
26319, 83, 5, 7, 0, 0, 36.60%, 10, 0, 4, 8.84, 173728, 97, 100269, 0
26325, 83, 5, 7, 0, 0, 36.60%, 10, 0, 4, 11.34, 173790, 97, 100301, 0
26330, 83, 5, 7, 0, 0, 36.60%, 10, 0, 4, 10.47, 173844, 97, 100335, 0
26335, 83, 6, 7, 0, 0, 36.60%, 10, 0, 4, 10.87, 173899, 97, 100370, 0
26340, 83, 6, 7, 0, 0, 36.60%, 10, 0, 4, 10.17, 173949, 97, 100402, 0
26345, 83, 6, 7, 0, 0, 36.60%, 10, 0, 4, 9.18, 173991, 97, 100432, 0
26356, 83, 6, 7, 0, 0, 36.60%, 10, 0, 4, 0.50, 174028, 97, 100456, 0
26363, 83, 6, 7, 0, 0, 36.60%, 10, 0, 4, 0.53, 174058, 97, 100472, 0
26368, 83, 6, 7, 0, 0, 36.60%, 10, 0, 4, 11.77, 174120, 97, 100504, 0
26373, 83, 6, 7, 0, 0, 36.60%, 10, 0, 4, 9.66, 174156, 97, 100525, 0
26378, 83, 6, 7, 0, 0, 36.60%, 10, 0, 4, 1.29, 174215, 97, 100558, 0
26383, 83, 4, 7, 0, 0, 36.60%, 10, 0, 4, 12.57, 174271, 97, 100586, 0
26390, 83, 4, 7, 0, 0, 36.60%, 10, 0, 4, 0.51, 174276, 97, 100589, 0
26397, 83, 4, 7, 0, 0, 36.60%, 10, 0, 4, 0.34, 174292, 97, 100601, 0
26403, 83, 4, 7, 0, 0, 36.60%, 10, 0, 4, 0.38, 174318, 97, 100617, 0
26410, 83, 4, 7, 0, 0, 36.60%, 10, 0, 4, 0.91, 174346, 97, 100635, 0
26416, 83, 4, 7, 0, 0, 36.60%, 10, 0, 4, 12.41, 174385, 97, 100662, 0
26421, 83, 4, 7, 0, 0, 36.60%, 10, 0, 4, 11.05, 174439, 97, 100696, 0
26427, 83, 1, 7, 0, 0, 36.60%, 10, 0, 4, 0.64, 174481, 97, 100720, 0
26433, 83, 1, 7, 0, 0, 36.60%, 10, 0, 4, 13.08, 174491, 97, 100725, 0
26438, 83, 1, 7, 0, 0, 36.60%, 10, 0, 4, 11.62, 174546, 97, 100754, 0
26443, 83, 1, 7, 0, 0, 36.60%, 10, 0, 4, 4.41, 174586, 97, 100780, 0
26451, 83, 1, 7, 0, 0, 36.60%, 10, 0, 4, 0.21, 174609, 97, 100801, 0
26457, 83, 1, 7, 0, 0, 36.60%, 10, 0, 4, 0.28, 174635, 97, 100817, 0
26463, 83, 3, 7, 0, 0, 36.60%, 10, 0, 4, 0.86, 174655, 97, 100830, 0
26468, 83, 3, 7, 0, 0, 36.60%, 10, 0, 4, 12.70, 174705, 97, 100859, 0
26473, 83, 3, 7, 0, 0, 36.60%, 10, 0, 4, 9.85, 174729, 97, 100872, 0
26478, 83, 3, 7, 0, 0, 36.60%, 10, 0, 4, 11.22, 174788, 97, 100902, 0
26483, 83, 3, 7, 0, 0, 36.60%, 10, 0, 4, 11.74, 174848, 97, 100932, 0
26488, 83, 1, 7, 0, 0, 36.60%, 10, 0, 4, 10.49, 174898, 97, 100965, 0
26493, 83, 1, 7, 0, 0, 36.60%, 10, 0, 4, 10.30, 174930, 97, 100989, 0
26499, 83, 1, 7, 0, 0, 36.60%, 10, 0, 4, 0.86, 174967, 97, 101010, 0
26505, 83, 1, 7, 0, 0, 36.60%, 10, 0, 4, 0.65, 174977, 97, 101017, 0
26511, 83, 1, 7, 0, 0, 36.60%, 10, 0, 4, 0.18, 174986, 97, 101024, 0
26516, 83, 1, 7, 0, 0, 36.60%, 10, 0, 4, 11.46, 175042, 97, 101056, 0
26524, 83, 0, 7, 0, 0, 36.60%, 10, 0, 4, 0.53, 175076, 97, 101076, 0
26530, 83, 0, 7, 0, 0, 36.60%, 10, 0, 4, 9.16, 175131, 97, 101110, 0
26535, 83, 0, 7, 0, 0, 36.60%, 10, 0, 4, 10.00, 175185, 97, 101145, 0
26540, 83, 0, 7, 0, 0, 36.60%, 10, 0, 4, 11.19, 175244, 97, 101176, 0
26545, 83, 5, 7, 0, 0, 36.60%, 10, 0, 4, 10.39, 175295, 97, 101210, 0
26550, 83, 5, 7, 0, 0, 36.60%, 10, 0, 4, 11.19, 175353, 97, 101239, 0
26555, 83, 5, 7, 0, 0, 36.60%, 10, 0, 4, 10.74, 175398, 97, 101259, 0
26560, 84, 5, 7, 0, 0, 36.60%, 10, 0, 4, 10.76, 175451, 97, 101293, 0
26566, 84, 5, 7, 0, 0, 36.60%, 10, 0, 4, 5.41, 175468, 97, 101300, 0
26572, 84, 5, 7, 0, 0, 36.60%, 10, 0, 4, 0.40, 175485, 97, 101313, 0
26579, 84, 5, 7, 0, 0, 36.60%, 10, 0, 4, 0.24, 175520, 97, 101334, 0
26584, 84, 5, 7, 0, 0, 36.60%, 10, 0, 4, 8.16, 175564, 97, 101358, 0
26590, 84, 5, 7, 0, 0, 36.60%, 10, 0, 4, 0.59, 175574, 97, 101366, 0
26595, 84, 5, 7, 0, 0, 36.60%, 10, 0, 4, 10.88, 175627, 97, 101398, 0
26600, 84, 2, 7, 0, 0, 36.60%, 10, 0, 4, 1.23, 175668, 97, 101421, 0
26605, 84, 2, 7, 0, 0, 36.60%, 10, 0, 4, 10.66, 175723, 97, 101453, 0
26610, 84, 2, 7, 0, 0, 36.60%, 10, 0, 4, 10.63, 175778, 97, 101490, 0
26615, 84, 2, 7, 0, 0, 36.60%, 10, 0, 4, 11.24, 175834, 97, 101520, 0
26622, 84, 5, 7, 0, 0, 36.60%, 10, 0, 4, 0.32, 175871, 97, 101542, 0
26627, 84, 5, 7, 0, 0, 36.60%, 10, 0, 4, 10.49, 175905, 97, 101560, 0
26632, 84, 5, 7, 0, 0, 36.60%, 10, 0, 4, 10.97, 175960, 97, 101594, 0
26637, 84, 5, 7, 0, 0, 36.60%, 10, 0, 4, 10.53, 176012, 97, 101618, 0
26644, 84, 5, 7, 0, 0, 36.60%, 10, 0, 4, 1.22, 176046, 97, 101631, 0
26649, 84, 2, 7, 0, 0, 36.60%, 10, 0, 4, 1.09, 176080, 97, 101650, 0
26654, 84, 2, 7, 0, 0, 36.60%, 10, 0, 4, 10.79, 176138, 97, 101683, 0
26659, 84, 2, 7, 0, 0, 36.60%, 10, 0, 4, 1.16, 176177, 97, 101706, 0
26664, 84, 2, 7, 0, 0, 36.60%, 10, 0, 4, 12.76, 176226, 97, 101736, 0
26669, 84, 3, 7, 0, 0, 36.60%, 10, 0, 4, 11.69, 176285, 97, 101769, 0
26675, 84, 3, 7, 0, 0, 36.60%, 10, 0, 4, 0.55, 176310, 97, 101783, 0
26680, 84, 3, 7, 0, 0, 36.60%, 10, 0, 4, 13.35, 176354, 97, 101803, 0
26688, 84, 3, 7, 0, 0, 36.60%, 10, 0, 4, 0.29, 176360, 97, 101808, 0
26693, 84, 3, 7, 0, 0, 36.60%, 10, 0, 4, 9.02, 176411, 97, 101843, 0
26698, 84, 3, 7, 0, 0, 36.60%, 10, 0, 4, 7.39, 176429, 97, 101853, 0
26703, 84, 3, 7, 0, 0, 36.60%, 10, 0, 4, 10.63, 176448, 97, 101861, 0
26708, 84, 0, 7, 0, 0, 36.60%, 10, 0, 4, 11.32, 176506, 97, 101893, 0
26714, 84, 0, 7, 0, 0, 36.60%, 10, 0, 4, 12.61, 176544, 97, 101916, 0
26719, 84, 0, 7, 0, 0, 36.60%, 10, 0, 4, 10.83, 176597, 97, 101951, 0
26724, 84, 2, 7, 0, 0, 36.60%, 10, 0, 4, 11.13, 176656, 97, 101984, 0
26729, 84, 2, 7, 0, 0, 36.60%, 10, 0, 4, 9.55, 176697, 97, 102012, 0
26734, 84, 2, 7, 0, 0, 36.60%, 10, 0, 4, 14.36, 176745, 97, 102040, 0
26740, 84, 2, 7, 0, 0, 36.60%, 10, 0, 4, 6.39, 176761, 97, 102051, 0
26745, 84, 2, 7, 0, 0, 36.60%, 10, 0, 4, 10.77, 176821, 97, 102077, 0
26751, 84, 2, 7, 0, 0, 36.60%, 10, 0, 4, 0.17, 176826, 97, 102082, 0
26756, 84, 6, 7, 0, 0, 36.60%, 10, 0, 4, 0.76, 176851, 97, 102096, 0
26761, 84, 6, 7, 0, 0, 36.60%, 10, 0, 4, 10.15, 176906, 97, 102127, 0
26767, 84, 6, 7, 0, 0, 36.60%, 10, 0, 4, 10.04, 176957, 97, 102164, 0
26772, 84, 6, 7, 0, 0, 36.60%, 10, 0, 4, 9.75, 177009, 97, 102194, 0
26777, 84, 6, 7, 0, 0, 36.60%, 10, 0, 4, 10.73, 177064, 97, 102226, 0
26783, 84, 6, 7, 0, 0, 36.60%, 10, 0, 4, 0.29, 177096, 97, 102244, 0
26788, 84, 6, 7, 0, 0, 36.60%, 10, 0, 4, 10.81, 177155, 97, 102276, 0
26793, 84, 6, 7, 0, 0, 36.60%, 10, 0, 4, 11.12, 177213, 97, 102312, 0
26799, 84, 6, 7, 0, 0, 36.60%, 10, 0, 4, 13.82, 177231, 97, 102322, 0
26808, 84, 6, 7, 0, 0, 36.60%, 10, 0, 4, 0.19, 177278, 97, 102351, 0
26813, 84, 6, 7, 0, 0, 36.60%, 10, 0, 4, 8.38, 177327, 97, 102383, 0
26818, 84, 6, 7, 0, 0, 36.60%, 10, 0, 4, 10.46, 177382, 97, 102414, 0
26823, 84, 6, 7, 0, 0, 36.60%, 10, 0, 4, 10.36, 177425, 97, 102439, 0
26832, 84, 6, 7, 0, 0, 36.60%, 10, 0, 4, 0.23, 177442, 97, 102453, 0
26837, 84, 6, 7, 0, 0, 36.60%, 10, 0, 4, 3.66, 177449, 97, 102458, 0
26843, 84, 6, 7, 0, 0, 36.60%, 10, 0, 4, 1.16, 177461, 97, 102466, 0
26849, 84, 6, 7, 0, 0, 36.60%, 10, 0, 4, 0.76, 177479, 97, 102476, 0
26857, 84, 6, 7, 0, 0, 36.60%, 10, 0, 4, 0.27, 177529, 97, 102507, 0
26862, 84, 6, 7, 0, 0, 36.60%, 10, 0, 4, 9.16, 177584, 97, 102539, 0
26867, 84, 6, 7, 0, 0, 36.60%, 10, 0, 4, 10.58, 177640, 97, 102574, 0
26872, 85, 4, 7, 0, 0, 36.60%, 10, 0, 4, 10.02, 177672, 97, 102595, 0
26877, 85, 4, 7, 0, 0, 36.60%, 10, 0, 4, 1.55, 177688, 97, 102602, 0
26882, 85, 4, 7, 0, 0, 36.60%, 10, 0, 4, 11.20, 177743, 97, 102636, 0
26900, 85, 4, 7, 0, 0, 36.60%, 10, 0, 4, 0.06, 177747, 97, 102638, 0
26905, 85, 4, 7, 0, 0, 36.60%, 10, 0, 4, 11.20, 177812, 97, 102664, 0
26910, 85, 4, 7, 0, 0, 36.60%, 10, 0, 4, 11.22, 177867, 97, 102692, 0
26915, 85, 4, 7, 0, 0, 36.60%, 10, 0, 4, 1.18, 177911, 97, 102715, 0
26922, 85, 4, 7, 0, 0, 36.60%, 10, 0, 4, 0.66, 177946, 97, 102738, 0
26927, 85, 4, 7, 0, 0, 36.60%, 10, 0, 4, 10.81, 178001, 97, 102771, 0
26933, 85, 4, 7, 0, 0, 36.60%, 10, 0, 4, 0.38, 178025, 97, 102787, 0
26938, 85, 3, 7, 0, 0, 36.60%, 10, 0, 4, 11.29, 178081, 97, 102819, 0
26945, 85, 3, 7, 0, 0, 36.60%, 10, 0, 4, 0.27, 178116, 97, 102841, 0
26951, 85, 3, 7, 0, 0, 36.60%, 10, 0, 4, 0.85, 178137, 97, 102856, 0
26958, 85, 3, 7, 0, 0, 36.60%, 10, 0, 4, 0.39, 178180, 97, 102881, 0
26964, 85, 3, 7, 0, 0, 36.60%, 10, 0, 4, 9.06, 178232, 97, 102910, 0
26969, 85, 3, 7, 0, 0, 36.60%, 10, 0, 4, 8.93, 178257, 97, 102926, 0
26974, 85, 3, 7, 0, 0, 36.60%, 10, 0, 4, 1.84, 178306, 97, 102960, 0
26979, 85, 3, 7, 0, 0, 36.60%, 10, 0, 4, 0.80, 178324, 97, 102973, 0
26986, 85, 3, 7, 0, 0, 36.60%, 10, 0, 4, 0.51, 178337, 97, 102982, 0
26993, 85, 3, 7, 0, 0, 36.60%, 10, 0, 4, 0.60, 178360, 97, 102992, 0
27007, 85, 3, 7, 0, 0, 36.60%, 10, 0, 4, 0.28, 178396, 97, 103012, 0
27012, 85, 3, 7, 0, 0, 36.60%, 10, 0, 4, 10.65, 178439, 97, 103038, 0
27017, 85, 3, 7, 0, 0, 36.60%, 10, 0, 4, 10.10, 178487, 97, 103072, 0
27024, 85, 3, 7, 0, 0, 36.60%, 10, 0, 4, 0.59, 178504, 97, 103082, 0
27033, 85, 3, 7, 0, 0, 36.60%, 10, 0, 4, 0.91, 178523, 97, 103093, 0
27038, 85, 3, 7, 0, 0, 36.60%, 10, 0, 4, 9.88, 178570, 97, 103127, 0
27047, 85, 3, 7, 0, 0, 36.60%, 10, 0, 4, 0.22, 178631, 97, 103158, 0
27056, 85, 5, 7, 0, 0, 36.60%, 10, 0, 4, 0.19, 178664, 97, 103180, 0
27063, 85, 5, 7, 0, 0, 36.60%, 10, 0, 4, 0.67, 178700, 97, 103201, 0
27069, 85, 5, 7, 0, 0, 36.60%, 10, 0, 4, 0.33, 178728, 97, 103219, 0
27075, 85, 5, 7, 0, 0, 36.60%, 10, 0, 4, 0.31, 178755, 97, 103233, 0
27080, 85, 5, 7, 0, 0, 36.60%, 10, 0, 4, 12.51, 178817, 97, 103262, 0
27085, 85, 2, 7, 0, 0, 36.60%, 10, 0, 4, 13.32, 178855, 97, 103281, 0
27093, 85, 2, 7, 0, 0, 36.60%, 10, 0, 4, 0.22, 178895, 97, 103305, 0
27100, 85, 2, 7, 0, 0, 36.60%, 10, 0, 4, 1.29, 178926, 97, 103327, 0
27106, 85, 2, 7, 0, 0, 36.60%, 10, 0, 4, 0.50, 178946, 97, 103341, 0
27111, 85, 2, 7, 0, 0, 36.60%, 10, 0, 4, 4.39, 178970, 97, 103351, 0
27116, 85, 2, 7, 0, 0, 36.60%, 10, 0, 4, 9.97, 179029, 97, 103381, 0
27123, 85, 5, 7, 0, 0, 36.60%, 10, 0, 4, 0.88, 179052, 97, 103396, 0
27128, 85, 5, 7, 0, 0, 36.60%, 10, 0, 4, 13.07, 179100, 97, 103420, 0
27133, 85, 5, 7, 0, 0, 36.60%, 10, 0, 4, 11.16, 179136, 97, 103439, 0
27143, 85, 5, 7, 0, 0, 36.60%, 10, 0, 4, 0.35, 179177, 97, 103466, 0
27151, 85, 5, 7, 0, 0, 36.60%, 10, 0, 4, 0.76, 179210, 97, 103490, 0
27156, 85, 3, 7, 0, 0, 36.60%, 10, 0, 4, 10.28, 179261, 97, 103522, 0
27161, 85, 3, 7, 0, 0, 36.60%, 10, 0, 4, 0.25, 179274, 97, 103530, 0
27167, 85, 3, 7, 0, 0, 36.60%, 10, 0, 4, 9.70, 179326, 97, 103567, 0
27172, 85, 3, 7, 0, 0, 36.60%, 10, 0, 4, 11.08, 179381, 97, 103600, 0
27179, 85, 3, 7, 0, 0, 36.60%, 10, 0, 4, 1.05, 179401, 97, 103611, 0
27184, 86, 1, 7, 0, 0, 36.60%, 10, 0, 4, 10.39, 179457, 97, 103647, 0
27198, 86, 1, 7, 0, 0, 36.60%, 10, 0, 4, 0.38, 179507, 97, 103671, 0
27207, 86, 1, 7, 0, 0, 36.60%, 10, 0, 4, 0.21, 179551, 97, 103694, 0
27213, 86, 1, 7, 0, 0, 36.60%, 10, 0, 4, 0.17, 179555, 97, 103696, 0
27221, 86, 1, 7, 0, 0, 36.60%, 10, 0, 4, 0.74, 179581, 97, 103715, 0
27228, 86, 1, 7, 0, 0, 36.60%, 10, 0, 4, 0.31, 179590, 97, 103721, 0
27233, 86, 1, 7, 0, 0, 36.60%, 10, 0, 4, 11.48, 179636, 97, 103743, 0
27238, 86, 0, 7, 0, 0, 36.60%, 10, 0, 4, 11.42, 179693, 97, 103778, 0
27243, 86, 0, 7, 0, 0, 36.60%, 10, 0, 4, 10.02, 179741, 97, 103813, 0
27248, 86, 0, 7, 0, 0, 36.60%, 10, 0, 4, 10.50, 179796, 97, 103849, 0
27256, 86, 0, 7, 0, 0, 36.60%, 10, 0, 4, 0.17, 179824, 97, 103863, 0
27262, 86, 1, 7, 0, 0, 36.60%, 10, 0, 4, 0.57, 179856, 97, 103880, 0
27268, 86, 1, 7, 0, 0, 36.60%, 10, 0, 4, 9.74, 179904, 97, 103916, 0
27274, 86, 1, 7, 0, 0, 36.60%, 10, 0, 4, 0.83, 179919, 97, 103924, 0
27280, 86, 1, 7, 0, 0, 36.60%, 10, 0, 4, 1.24, 179944, 97, 103935, 0
27286, 86, 1, 7, 0, 0, 36.60%, 10, 0, 4, 1.75, 179950, 97, 103938, 0
27291, 86, 1, 7, 0, 0, 36.60%, 10, 0, 4, 9.19, 180010, 97, 103971, 0
27297, 86, 1, 7, 0, 0, 36.60%, 10, 0, 4, 1.07, 180044, 97, 103985, 0
27302, 86, 1, 7, 0, 0, 36.60%, 10, 0, 4, 0.36, 180070, 97, 104002, 0
27308, 86, 1, 7, 0, 0, 36.60%, 10, 0, 4, 0.20, 180079, 97, 104004, 0
27313, 86, 1, 7, 0, 0, 36.60%, 10, 0, 4, 0.87, 180105, 97, 104017, 0
27323, 86, 1, 7, 0, 0, 36.60%, 10, 0, 4, 0.14, 180125, 97, 104030, 0
27329, 86, 1, 7, 0, 0, 36.60%, 10, 0, 4, 0.25, 180146, 97, 104045, 0
27334, 86, 1, 7, 0, 0, 36.60%, 10, 0, 4, 2.72, 180202, 97, 104075, 0
27340, 86, 1, 7, 0, 0, 36.60%, 10, 0, 4, 0.66, 180214, 97, 104081, 0
27347, 86, 3, 7, 0, 0, 36.60%, 10, 0, 4, 0.67, 180251, 97, 104100, 0
27354, 86, 3, 7, 0, 0, 36.60%, 10, 0, 4, 0.57, 180262, 97, 104107, 0
27361, 86, 3, 7, 0, 0, 36.60%, 10, 0, 4, 0.16, 180279, 97, 104117, 0
27367, 86, 3, 7, 0, 0, 36.60%, 10, 0, 4, 12.32, 180288, 97, 104124, 0
27372, 86, 3, 7, 0, 0, 36.60%, 10, 0, 4, 12.82, 180335, 97, 104154, 0
27377, 86, 3, 7, 0, 0, 36.60%, 10, 0, 4, 10.80, 180353, 97, 104165, 0
27382, 86, 3, 7, 0, 0, 36.60%, 10, 0, 4, 8.44, 180377, 97, 104180, 0
27390, 86, 3, 7, 0, 0, 36.60%, 10, 0, 4, 1.12, 180434, 97, 104211, 0
27395, 86, 5, 7, 0, 0, 36.60%, 10, 0, 4, 11.12, 180497, 97, 104247, 0
27402, 86, 5, 7, 0, 0, 36.60%, 10, 0, 4, 0.68, 180549, 97, 104284, 0
27407, 86, 5, 7, 0, 0, 36.60%, 10, 0, 4, 0.97, 180594, 97, 104310, 0
27412, 86, 3, 7, 0, 0, 36.60%, 10, 0, 4, 11.68, 180650, 97, 104349, 0
27417, 86, 3, 7, 0, 0, 36.60%, 10, 0, 4, 11.11, 180705, 97, 104386, 0
27422, 86, 3, 7, 0, 0, 36.60%, 10, 0, 4, 10.06, 180741, 97, 104410, 0
27428, 86, 3, 7, 0, 0, 36.60%, 10, 0, 4, 0.40, 180757, 97, 104421, 0
27433, 86, 3, 7, 0, 0, 36.60%, 10, 0, 4, 12.99, 180781, 97, 104433, 0
27438, 86, 3, 7, 0, 0, 36.60%, 10, 0, 4, 4.66, 180807, 97, 104444, 0
27444, 86, 4, 7, 0, 0, 36.60%, 10, 0, 4, 9.33, 180862, 97, 104477, 0
27449, 86, 4, 7, 0, 0, 36.60%, 10, 0, 4, 12.89, 180904, 97, 104506, 0
27457, 86, 4, 7, 0, 0, 36.60%, 10, 0, 4, 0.73, 180956, 97, 104534, 0
27462, 86, 4, 7, 0, 0, 36.60%, 10, 0, 4, 11.06, 180994, 97, 104556, 0
27467, 86, 4, 7, 0, 0, 36.60%, 10, 0, 4, 14.34, 181020, 97, 104572, 0
27472, 86, 4, 7, 0, 0, 36.60%, 10, 0, 4, 0.28, 181039, 97, 104584, 0
27477, 86, 6, 7, 0, 0, 36.60%, 10, 0, 4, 12.55, 181091, 97, 104613, 0
27483, 86, 6, 7, 0, 0, 36.60%, 10, 0, 4, 12.22, 181114, 97, 104626, 0
27488, 86, 6, 7, 0, 0, 36.60%, 10, 0, 4, 12.78, 181161, 97, 104648, 0
27494, 86, 6, 7, 0, 0, 36.60%, 10, 0, 4, 1.23, 181199, 97, 104668, 0
27503, 86, 6, 7, 0, 0, 36.60%, 10, 0, 4, 0.19, 181251, 97, 104695, 0
27508, 86, 6, 7, 0, 0, 36.60%, 10, 0, 4, 9.53, 181308, 97, 104725, 0
27513, 86, 6, 7, 0, 0, 36.60%, 10, 0, 4, 11.23, 181368, 97, 104757, 0
27521, 86, 6, 7, 0, 0, 36.60%, 10, 0, 4, 0.32, 181406, 97, 104776, 0
27526, 86, 6, 7, 0, 0, 36.60%, 10, 0, 4, 0.31, 181407, 97, 104777, 0
27531, 87, 1, 7, 0, 0, 36.60%, 10, 0, 4, 11.85, 181462, 97, 104804, 0
27536, 87, 1, 7, 0, 0, 36.60%, 10, 0, 4, 11.87, 181522, 97, 104835, 0
27542, 87, 1, 7, 0, 0, 36.60%, 10, 0, 4, 0.42, 181537, 97, 104844, 0
27547, 87, 1, 7, 0, 0, 36.60%, 10, 0, 4, 9.33, 181592, 97, 104875, 0
27554, 87, 1, 7, 0, 0, 36.60%, 10, 0, 4, 1.11, 181649, 97, 104908, 0
27560, 87, 3, 7, 0, 0, 36.60%, 10, 0, 4, 0.51, 181675, 97, 104919, 0
27567, 87, 3, 7, 0, 0, 36.60%, 10, 0, 4, 0.55, 181719, 97, 104946, 0
27572, 87, 3, 7, 0, 0, 36.60%, 10, 0, 4, 16.62, 181739, 97, 104956, 0
27577, 87, 3, 7, 0, 0, 36.60%, 10, 0, 4, 11.17, 181755, 97, 104967, 0
27582, 87, 3, 7, 0, 0, 36.60%, 10, 0, 4, 13.65, 181789, 97, 104984, 0
27588, 87, 3, 7, 0, 0, 36.60%, 10, 0, 4, 0.34, 181791, 97, 104985, 0
27598, 87, 3, 7, 0, 0, 36.60%, 10, 0, 4, 0.54, 181816, 97, 105000, 0
27604, 87, 3, 7, 0, 0, 36.60%, 10, 0, 4, 0.45, 181855, 97, 105022, 0
27610, 87, 3, 7, 0, 0, 36.60%, 10, 0, 4, 0.43, 181856, 97, 105023, 0
27615, 87, 3, 7, 0, 0, 36.60%, 10, 0, 4, 11.58, 181907, 97, 105055, 0
27622, 87, 3, 7, 0, 0, 36.60%, 10, 0, 4, 0.30, 181941, 97, 105076, 0
27627, 87, 3, 7, 0, 0, 36.60%, 10, 0, 4, 12.65, 181981, 97, 105103, 0
27632, 87, 3, 7, 0, 0, 36.60%, 10, 0, 4, 6.59, 182015, 97, 105127, 0
27637, 87, 1, 7, 0, 0, 36.60%, 10, 0, 4, 10.26, 182071, 97, 105158, 0
27643, 87, 1, 7, 0, 0, 36.60%, 10, 0, 4, 0.54, 182100, 97, 105172, 0
27648, 87, 1, 7, 0, 0, 36.60%, 10, 0, 4, 10.72, 182154, 97, 105203, 0
27653, 87, 1, 7, 0, 0, 36.60%, 10, 0, 4, 11.48, 182212, 97, 105241, 0
27659, 87, 1, 7, 0, 0, 36.60%, 10, 0, 4, 6.87, 182234, 97, 105256, 0
27664, 87, 2, 7, 0, 0, 36.60%, 10, 0, 4, 13.51, 182253, 97, 105269, 0
27669, 87, 2, 7, 0, 0, 36.60%, 10, 0, 4, 13.72, 182297, 97, 105293, 0
27674, 87, 2, 7, 0, 0, 36.60%, 10, 0, 4, 11.16, 182349, 97, 105321, 0
27679, 87, 2, 7, 0, 0, 36.60%, 10, 0, 4, 11.40, 182401, 97, 105349, 0
27684, 87, 1, 7, 0, 0, 36.60%, 10, 0, 4, 12.96, 182467, 97, 105378, 0
27689, 87, 1, 7, 0, 0, 36.60%, 10, 0, 4, 12.50, 182530, 97, 105410, 0
27699, 87, 1, 7, 0, 0, 36.60%, 10, 0, 4, 0.53, 182571, 97, 105436, 0
27704, 87, 1, 7, 0, 0, 36.60%, 10, 0, 4, 9.02, 182623, 97, 105460, 0
27709, 87, 3, 7, 0, 0, 36.60%, 10, 0, 4, 10.34, 182677, 97, 105497, 0
27717, 87, 3, 7, 0, 0, 36.60%, 10, 0, 4, 0.19, 182707, 97, 105514, 0
27724, 87, 3, 7, 0, 0, 36.60%, 10, 0, 4, 0.36, 182753, 97, 105545, 0
27730, 87, 3, 7, 0, 0, 36.60%, 10, 0, 4, 0.65, 182762, 97, 105549, 0
27735, 87, 3, 7, 0, 0, 36.60%, 10, 0, 4, 8.69, 182771, 97, 105557, 0
27740, 87, 3, 7, 0, 0, 36.60%, 10, 0, 4, 0.81, 182791, 97, 105569, 0
27745, 87, 3, 7, 0, 0, 36.60%, 10, 0, 4, 10.57, 182848, 97, 105600, 0
27750, 87, 1, 7, 0, 0, 36.60%, 10, 0, 4, 11.76, 182910, 97, 105634, 0
27756, 87, 1, 7, 0, 0, 36.60%, 10, 0, 4, 12.33, 182974, 97, 105667, 0
27762, 87, 1, 7, 0, 0, 36.60%, 10, 0, 4, 0.50, 183023, 97, 105699, 0
27772, 87, 1, 7, 0, 0, 36.60%, 10, 0, 4, 0.31, 183048, 97, 105715, 0
27777, 87, 5, 7, 0, 0, 36.60%, 10, 0, 4, 8.17, 183089, 97, 105742, 0
27783, 87, 5, 7, 0, 0, 36.60%, 10, 0, 4, 1.76, 183141, 97, 105773, 0
27788, 87, 5, 7, 0, 0, 36.60%, 10, 0, 4, 12.06, 183202, 97, 105805, 0
27794, 87, 5, 7, 0, 0, 36.60%, 10, 0, 4, 0.19, 183216, 97, 105813, 0
27799, 88, 4, 7, 0, 0, 36.60%, 10, 0, 4, 8.35, 183266, 97, 105843, 0
27808, 88, 4, 7, 0, 0, 36.60%, 10, 0, 4, 0.18, 183298, 97, 105861, 0
27816, 88, 4, 7, 0, 0, 36.60%, 10, 0, 4, 0.56, 183337, 97, 105883, 0
27822, 88, 4, 7, 0, 0, 36.60%, 10, 0, 4, 9.15, 183392, 97, 105915, 0
27827, 88, 4, 7, 0, 0, 36.60%, 10, 0, 4, 11.01, 183448, 97, 105944, 0
27832, 88, 3, 7, 0, 0, 36.60%, 10, 0, 4, 11.92, 183488, 97, 105963, 0
27837, 88, 3, 7, 0, 0, 36.60%, 10, 0, 4, 11.57, 183545, 97, 106000, 0
27842, 88, 3, 7, 0, 0, 36.60%, 10, 0, 4, 10.36, 183584, 97, 106026, 0
27847, 88, 3, 7, 0, 0, 36.60%, 10, 0, 4, 10.69, 183639, 97, 106059, 0
27852, 88, 6, 7, 0, 0, 36.60%, 10, 0, 4, 11.80, 183697, 97, 106087, 0
27857, 88, 6, 7, 0, 0, 36.60%, 10, 0, 4, 12.14, 183757, 97, 106120, 0
27862, 88, 6, 7, 0, 0, 36.60%, 10, 0, 4, 11.95, 183816, 97, 106153, 0
27868, 88, 6, 7, 0, 0, 36.60%, 10, 0, 4, 10.87, 183868, 97, 106185, 0
27875, 88, 6, 7, 0, 0, 36.60%, 10, 0, 4, 0.36, 183894, 97, 106199, 0
27880, 88, 6, 7, 0, 0, 36.60%, 10, 0, 4, 10.27, 183936, 97, 106222, 0
27903, 88, 6, 7, 0, 0, 36.60%, 10, 0, 4, 0.16, 183977, 97, 106245, 0
27909, 88, 6, 7, 0, 0, 36.60%, 10, 0, 4, 0.17, 183986, 97, 106251, 0
27915, 88, 6, 7, 0, 0, 36.60%, 10, 0, 4, 0.33, 184013, 97, 106268, 0
27921, 88, 6, 7, 0, 0, 36.60%, 10, 0, 4, 0.47, 184036, 97, 106278, 0
27929, 88, 2, 7, 0, 0, 36.60%, 10, 0, 4, 0.21, 184075, 97, 106297, 0
27936, 88, 2, 7, 0, 0, 36.60%, 10, 0, 4, 0.98, 184127, 97, 106331, 0
27941, 88, 2, 7, 0, 0, 36.60%, 10, 0, 4, 11.18, 184183, 97, 106357, 0
27947, 88, 2, 7, 0, 0, 36.60%, 10, 0, 4, 0.35, 184190, 97, 106361, 0
27952, 88, 2, 7, 0, 0, 36.60%, 10, 0, 4, 13.58, 184217, 97, 106374, 0
27958, 88, 2, 7, 0, 0, 36.60%, 10, 0, 4, 0.74, 184239, 97, 106387, 0
27964, 88, 3, 7, 0, 0, 36.60%, 10, 0, 4, 0.32, 184274, 97, 106409, 0
27972, 88, 3, 7, 0, 0, 36.60%, 10, 0, 4, 0.55, 184288, 97, 106417, 0
27977, 88, 3, 7, 0, 0, 36.60%, 10, 0, 4, 10.06, 184338, 97, 106452, 0
27982, 88, 3, 7, 0, 0, 36.60%, 10, 0, 4, 11.14, 184394, 97, 106488, 0
27989, 88, 3, 7, 0, 0, 36.60%, 10, 0, 4, 0.56, 184416, 97, 106506, 0
27994, 88, 0, 7, 0, 0, 36.60%, 10, 0, 4, 11.94, 184471, 97, 106536, 0
27999, 88, 0, 7, 0, 0, 36.60%, 10, 0, 4, 1.15, 184524, 97, 106562, 0
28007, 88, 0, 7, 0, 0, 36.60%, 10, 0, 4, 1.18, 184581, 97, 106594, 0
28012, 88, 0, 7, 0, 0, 36.60%, 10, 0, 4, 4.39, 184607, 97, 106609, 0
28017, 88, 6, 7, 0, 0, 36.60%, 10, 0, 4, 9.76, 184658, 97, 106637, 0
28022, 88, 6, 7, 0, 0, 36.60%, 10, 0, 4, 11.43, 184718, 97, 106666, 0
28030, 88, 6, 7, 0, 0, 36.60%, 10, 0, 4, 0.26, 184751, 97, 106689, 0
28036, 88, 6, 7, 0, 0, 36.60%, 10, 0, 4, 0.84, 184789, 97, 106714, 0
28043, 88, 6, 7, 0, 0, 36.60%, 10, 0, 4, 0.83, 184841, 97, 106737, 0
28048, 88, 6, 7, 0, 0, 36.60%, 10, 0, 4, 7.99, 184886, 97, 106765, 0
28054, 88, 6, 7, 0, 0, 36.60%, 10, 0, 4, 0.60, 184910, 97, 106779, 0
28059, 88, 6, 7, 0, 0, 36.60%, 10, 0, 4, 4.52, 184925, 97, 106787, 0
28064, 88, 6, 7, 0, 0, 36.60%, 10, 0, 4, 9.18, 184977, 97, 106817, 0
28069, 88, 6, 7, 0, 0, 36.60%, 10, 0, 4, 0.47, 184985, 97, 106824, 0
28074, 88, 6, 7, 0, 0, 36.60%, 10, 0, 4, 11.59, 185045, 97, 106855, 0
28079, 88, 2, 7, 0, 0, 36.60%, 10, 0, 4, 12.12, 185064, 97, 106865, 0
28084, 88, 2, 7, 0, 0, 36.60%, 10, 0, 4, 10.47, 185114, 97, 106900, 0
28091, 88, 2, 7, 0, 0, 36.60%, 10, 0, 4, 0.27, 185146, 97, 106917, 0
28097, 88, 2, 7, 0, 0, 36.60%, 10, 0, 4, 11.83, 185208, 97, 106944, 0
28104, 88, 2, 7, 0, 0, 36.60%, 10, 0, 4, 0.44, 185239, 97, 106964, 0
28109, 88, 0, 7, 0, 0, 36.60%, 10, 0, 4, 7.35, 185261, 97, 106977, 0
28114, 88, 0, 7, 0, 0, 36.60%, 10, 0, 4, 10.69, 185320, 97, 107006, 0
28123, 88, 0, 7, 0, 0, 36.60%, 10, 0, 4, 0.35, 185359, 97, 107021, 0
28128, 88, 0, 7, 0, 0, 36.60%, 10, 0, 4, 11.12, 185414, 97, 107046, 0
28133, 88, 0, 7, 0, 0, 36.60%, 10, 0, 4, 8.77, 185441, 97, 107065, 0
28138, 89, 1, 7, 0, 0, 36.60%, 10, 0, 4, 10.26, 185494, 97, 107096, 0
28144, 89, 1, 7, 0, 0, 36.60%, 10, 0, 4, 0.46, 185519, 97, 107109, 0
28150, 89, 1, 7, 0, 0, 36.60%, 10, 0, 4, 1.72, 185561, 97, 107138, 0
28155, 89, 1, 7, 0, 0, 36.60%, 10, 0, 4, 6.75, 185614, 97, 107170, 0
28160, 89, 1, 7, 0, 0, 36.60%, 10, 0, 4, 0.33, 185647, 97, 107186, 0
28166, 89, 3, 7, 0, 0, 36.60%, 10, 0, 4, 9.51, 185703, 97, 107218, 0
28171, 89, 3, 7, 0, 0, 36.60%, 10, 0, 4, 0.60, 185750, 97, 107246, 0
28176, 89, 3, 7, 0, 0, 36.60%, 10, 0, 4, 11.96, 185809, 97, 107280, 0
28185, 89, 4, 7, 0, 0, 36.60%, 10, 0, 4, 0.54, 185860, 97, 107310, 0
28190, 89, 4, 7, 0, 0, 36.60%, 10, 0, 4, 11.97, 185922, 97, 107338, 0
28195, 89, 4, 7, 0, 0, 36.60%, 10, 0, 4, 12.19, 185983, 97, 107370, 0
28201, 89, 4, 7, 0, 0, 36.60%, 10, 0, 4, 1.61, 186017, 97, 107387, 0
28207, 89, 4, 7, 0, 0, 36.60%, 10, 0, 4, 0.57, 186044, 97, 107406, 0
28212, 89, 1, 7, 0, 0, 36.60%, 10, 0, 4, 0.53, 186063, 97, 107421, 0
28218, 89, 1, 7, 0, 0, 36.60%, 10, 0, 4, 0.46, 186081, 97, 107433, 0
28226, 89, 1, 7, 0, 0, 36.60%, 10, 0, 4, 0.60, 186108, 97, 107448, 0
28231, 89, 1, 7, 0, 0, 36.60%, 10, 0, 4, 10.49, 186159, 97, 107482, 0
28240, 89, 1, 7, 0, 0, 36.60%, 10, 0, 4, 0.21, 186204, 97, 107508, 0
28247, 89, 1, 7, 0, 0, 36.60%, 10, 0, 4, 0.62, 186229, 97, 107525, 0
28253, 89, 1, 7, 0, 0, 36.60%, 10, 0, 4, 0.28, 186251, 97, 107538, 0
28262, 89, 1, 7, 0, 0, 36.60%, 10, 0, 4, 0.62, 186303, 97, 107572, 0
28268, 89, 1, 7, 0, 0, 36.60%, 10, 0, 4, 0.59, 186304, 97, 107573, 0
28274, 89, 1, 7, 0, 0, 36.60%, 10, 0, 4, 0.27, 186328, 97, 107588, 0
28279, 89, 1, 7, 0, 0, 36.60%, 10, 0, 4, 8.70, 186377, 97, 107612, 0
28287, 89, 1, 7, 0, 0, 36.60%, 10, 0, 4, 0.26, 186420, 97, 107636, 0
28294, 89, 0, 7, 0, 0, 36.60%, 10, 0, 4, 0.28, 186472, 97, 107662, 0
28303, 89, 0, 7, 0, 0, 36.60%, 10, 0, 4, 0.19, 186511, 97, 107687, 0
28308, 89, 0, 7, 0, 0, 36.60%, 10, 0, 4, 11.59, 186549, 97, 107706, 0
28313, 89, 0, 7, 0, 0, 36.60%, 10, 0, 4, 10.68, 186603, 97, 107745, 0
28318, 89, 6, 7, 0, 0, 36.60%, 10, 0, 4, 11.10, 186658, 97, 107781, 0
28325, 89, 6, 7, 0, 0, 36.60%, 10, 0, 4, 0.61, 186712, 97, 107814, 0
28330, 89, 6, 7, 0, 0, 36.60%, 10, 0, 4, 12.18, 186770, 97, 107845, 0
28336, 89, 6, 7, 0, 0, 36.60%, 10, 0, 4, 0.31, 186801, 97, 107864, 0
28342, 89, 6, 7, 0, 0, 36.60%, 10, 0, 4, 1.61, 186851, 97, 107895, 0
28348, 89, 6, 7, 0, 0, 36.60%, 10, 0, 4, 0.33, 186883, 97, 107914, 0
28356, 89, 6, 7, 0, 0, 36.60%, 10, 0, 4, 0.35, 186905, 97, 107932, 0
28361, 89, 6, 7, 0, 0, 36.60%, 10, 0, 4, 10.10, 186964, 97, 107961, 0
28366, 89, 6, 7, 0, 0, 36.60%, 10, 0, 4, 10.71, 187020, 97, 107997, 0
28371, 89, 1, 7, 0, 0, 36.60%, 10, 0, 4, 11.03, 187074, 97, 108027, 0
28376, 89, 1, 7, 0, 0, 36.60%, 10, 0, 4, 12.52, 187125, 97, 108053, 0
28384, 89, 1, 7, 0, 0, 36.60%, 10, 0, 4, 0.66, 187168, 97, 108079, 0
28389, 89, 1, 7, 0, 0, 36.60%, 10, 0, 4, 0.73, 187197, 97, 108096, 0
28395, 89, 1, 7, 0, 0, 36.60%, 10, 0, 4, 0.68, 187215, 97, 108106, 0
28400, 89, 4, 7, 0, 0, 36.60%, 10, 0, 4, 9.00, 187269, 97, 108136, 0
28405, 89, 4, 7, 0, 0, 36.60%, 10, 0, 4, 9.92, 187298, 97, 108155, 0
28413, 89, 4, 7, 0, 0, 36.60%, 10, 0, 4, 0.28, 187353, 97, 108183, 0
28418, 89, 4, 7, 0, 0, 36.60%, 10, 0, 4, 9.77, 187393, 97, 108205, 0
28426, 89, 4, 7, 0, 0, 36.60%, 10, 0, 4, 0.19, 187422, 97, 108221, 0
28431, 90, 3, 7, 0, 0, 36.60%, 10, 0, 4, 9.29, 187480, 97, 108248, 0
28437, 90, 3, 7, 0, 0, 36.60%, 10, 0, 4, 1.13, 187508, 97, 108267, 0
28442, 90, 3, 7, 0, 0, 36.60%, 10, 0, 4, 3.29, 187527, 97, 108277, 0
28447, 90, 3, 7, 0, 0, 36.60%, 10, 0, 4, 8.24, 187563, 97, 108292, 0
28456, 90, 3, 7, 0, 0, 36.60%, 10, 0, 4, 0.17, 187594, 97, 108311, 0
28461, 90, 3, 7, 0, 0, 36.60%, 10, 0, 4, 10.50, 187642, 97, 108339, 0
28466, 90, 6, 7, 0, 0, 36.60%, 10, 0, 4, 10.43, 187689, 97, 108367, 0
28474, 90, 6, 7, 0, 0, 36.60%, 10, 0, 4, 0.30, 187723, 97, 108386, 0
28481, 90, 6, 7, 0, 0, 36.60%, 10, 0, 4, 0.32, 187731, 97, 108391, 0
28487, 90, 6, 7, 0, 0, 36.60%, 10, 0, 4, 0.34, 187760, 97, 108405, 0
28492, 90, 6, 7, 0, 0, 36.60%, 10, 0, 4, 12.88, 187779, 97, 108419, 0
28498, 90, 6, 7, 0, 0, 36.60%, 10, 0, 4, 0.70, 187786, 97, 108424, 0
28503, 90, 6, 7, 0, 0, 36.60%, 10, 0, 4, 5.14, 187810, 97, 108438, 0
28509, 90, 6, 7, 0, 0, 36.60%, 10, 0, 4, 10.78, 187869, 97, 108463, 0
28514, 90, 6, 7, 0, 0, 36.60%, 10, 0, 4, 10.95, 187926, 97, 108497, 0
28520, 90, 6, 7, 0, 0, 36.60%, 10, 0, 4, 0.96, 187965, 97, 108522, 0
28525, 90, 6, 7, 0, 0, 36.60%, 10, 0, 4, 12.13, 188026, 97, 108559, 0
28533, 90, 2, 7, 0, 0, 36.60%, 10, 0, 4, 0.83, 188066, 97, 108584, 0
28539, 90, 2, 7, 0, 0, 36.60%, 10, 0, 4, 13.52, 188100, 97, 108604, 0
28544, 90, 2, 7, 0, 0, 36.60%, 10, 0, 4, 0.45, 188111, 97, 108610, 0
28549, 90, 2, 7, 0, 0, 36.60%, 10, 0, 4, 11.38, 188172, 97, 108644, 0
28555, 90, 2, 7, 0, 0, 36.60%, 10, 0, 4, 1.17, 188203, 97, 108661, 0
28560, 90, 2, 7, 0, 0, 36.60%, 10, 0, 4, 11.07, 188248, 97, 108685, 0
28567, 90, 3, 7, 0, 0, 36.60%, 10, 0, 4, 0.42, 188271, 97, 108699, 0
28572, 90, 3, 7, 0, 0, 36.60%, 10, 0, 4, 9.55, 188329, 97, 108732, 0
28577, 90, 3, 7, 0, 0, 36.60%, 10, 0, 4, 10.02, 188380, 97, 108767, 0
28582, 90, 3, 7, 0, 0, 36.60%, 10, 0, 4, 11.43, 188419, 97, 108791, 0
28587, 90, 3, 7, 0, 0, 36.60%, 10, 0, 4, 9.20, 188440, 97, 108801, 0
28592, 90, 2, 7, 0, 0, 36.60%, 10, 0, 4, 9.77, 188485, 97, 108820, 0
28598, 90, 2, 7, 0, 0, 36.60%, 10, 0, 4, 1.09, 188529, 97, 108844, 0
28603, 90, 2, 7, 0, 0, 36.60%, 10, 0, 4, 0.46, 188539, 97, 108853, 0
28609, 90, 2, 7, 0, 0, 36.60%, 10, 0, 4, 0.32, 188566, 97, 108862, 0
28614, 90, 2, 7, 0, 0, 36.60%, 10, 0, 4, 10.09, 188620, 97, 108896, 0
28619, 90, 6, 7, 0, 0, 36.60%, 10, 0, 4, 13.38, 188677, 97, 108922, 0
28624, 90, 6, 7, 0, 0, 36.60%, 10, 0, 4, 11.04, 188701, 97, 108939, 0
28630, 90, 6, 7, 0, 0, 36.60%, 10, 0, 4, 11.32, 188725, 97, 108951, 0
28635, 90, 6, 7, 0, 0, 36.60%, 10, 0, 4, 15.88, 188737, 97, 108956, 0
28640, 90, 6, 7, 0, 0, 36.60%, 10, 0, 4, 13.16, 188765, 97, 108968, 0
28645, 90, 6, 7, 0, 0, 36.60%, 10, 0, 4, 12.18, 188825, 97, 109001, 0
28650, 90, 6, 7, 0, 0, 36.60%, 10, 0, 4, 11.00, 188876, 97, 109035, 0
28658, 90, 6, 7, 0, 0, 36.60%, 10, 0, 4, 0.50, 188895, 97, 109045, 0
28663, 90, 6, 7, 0, 0, 36.60%, 10, 0, 4, 9.78, 188945, 97, 109077, 0
28673, 90, 6, 7, 0, 0, 36.60%, 10, 0, 4, 0.18, 188955, 97, 109084, 0
28678, 90, 6, 7, 0, 0, 36.60%, 10, 0, 4, 8.92, 189011, 97, 109115, 0
28686, 90, 6, 7, 0, 0, 36.60%, 10, 0, 4, 0.17, 189029, 97, 109128, 0
28691, 90, 3, 7, 0, 0, 36.60%, 10, 0, 4, 12.40, 189075, 97, 109155, 0
28698, 90, 3, 7, 0, 0, 36.60%, 10, 0, 4, 0.18, 189098, 97, 109165, 0
28703, 90, 3, 7, 0, 0, 36.60%, 10, 0, 4, 9.43, 189152, 97, 109196, 0
28709, 90, 3, 7, 0, 0, 36.60%, 10, 0, 4, 9.70, 189205, 97, 109234, 0
28714, 90, 5, 7, 0, 0, 36.60%, 10, 0, 4, 10.52, 189255, 97, 109261, 0
28722, 90, 5, 7, 0, 0, 36.60%, 10, 0, 4, 0.37, 189258, 97, 109263, 0
28727, 90, 5, 7, 0, 0, 36.60%, 10, 0, 4, 8.94, 189306, 97, 109295, 0
28736, 90, 5, 7, 0, 0, 36.60%, 10, 0, 4, 0.28, 189326, 97, 109306, 0
28741, 90, 5, 7, 0, 0, 36.60%, 10, 0, 4, 9.70, 189384, 97, 109339, 0
28748, 90, 5, 7, 0, 0, 36.60%, 10, 0, 4, 0.84, 189413, 97, 109361, 0
28753, 90, 5, 7, 0, 0, 36.60%, 10, 0, 4, 10.92, 189467, 97, 109395, 0
28759, 90, 5, 7, 0, 0, 36.60%, 10, 0, 4, 0.68, 189511, 97, 109417, 0
28770, 90, 5, 7, 0, 0, 36.60%, 10, 0, 4, 0.51, 189531, 97, 109430, 0
28775, 90, 5, 7, 0, 0, 36.60%, 10, 0, 4, 11.39, 189586, 97, 109460, 0
28784, 90, 5, 7, 0, 0, 36.60%, 10, 0, 4, 0.53, 189629, 97, 109482, 0
28793, 91, 6, 7, 0, 0, 36.60%, 10, 0, 4, 0.42, 189681, 97, 109511, 0
28798, 91, 6, 7, 0, 0, 36.60%, 10, 0, 4, 10.70, 189736, 97, 109545, 0
28804, 91, 6, 7, 0, 0, 36.60%, 10, 0, 4, 11.48, 189795, 97, 109579, 0
28809, 91, 6, 7, 0, 0, 36.60%, 10, 0, 4, 11.42, 189852, 97, 109608, 0
28814, 91, 6, 7, 0, 0, 36.60%, 10, 0, 4, 13.67, 189906, 97, 109636, 0
28819, 91, 6, 7, 0, 0, 36.60%, 10, 0, 4, 11.53, 189960, 97, 109673, 0
28824, 91, 6, 7, 0, 0, 36.60%, 10, 0, 4, 1.06, 189990, 97, 109691, 0
28832, 91, 6, 7, 0, 0, 36.60%, 10, 0, 4, 0.15, 190004, 97, 109699, 0
28837, 91, 6, 7, 0, 0, 36.60%, 10, 0, 4, 9.60, 190045, 97, 109727, 0
28842, 91, 5, 7, 0, 0, 36.60%, 10, 0, 4, 10.90, 190081, 97, 109747, 0
28847, 91, 5, 7, 0, 0, 36.60%, 10, 0, 4, 10.81, 190134, 97, 109778, 0
28854, 91, 5, 7, 0, 0, 36.60%, 10, 0, 4, 0.81, 190164, 97, 109799, 0
28859, 91, 5, 7, 0, 0, 36.60%, 10, 0, 4, 9.47, 190190, 97, 109817, 0
28867, 91, 5, 7, 0, 0, 36.60%, 10, 0, 4, 0.71, 190225, 97, 109834, 0
28873, 91, 5, 7, 0, 0, 36.60%, 10, 0, 4, 0.22, 190239, 97, 109845, 0
28878, 91, 6, 7, 0, 0, 36.60%, 10, 0, 4, 9.10, 190292, 97, 109880, 0
28883, 91, 6, 7, 0, 0, 36.60%, 10, 0, 4, 10.77, 190351, 97, 109915, 0
28888, 91, 6, 7, 0, 0, 36.60%, 10, 0, 4, 11.35, 190410, 97, 109950, 0
28894, 91, 6, 7, 0, 0, 36.60%, 10, 0, 4, 1.21, 190445, 97, 109969, 0
28899, 91, 6, 7, 0, 0, 36.60%, 10, 0, 4, 12.19, 190485, 97, 109994, 0
28904, 91, 6, 7, 0, 0, 36.60%, 10, 0, 4, 10.93, 190539, 97, 110027, 0
28909, 91, 6, 7, 0, 0, 36.60%, 10, 0, 4, 11.25, 190597, 97, 110059, 0
28919, 91, 6, 7, 0, 0, 36.60%, 10, 0, 4, 0.35, 190621, 97, 110073, 0
28924, 91, 6, 7, 0, 0, 36.60%, 10, 0, 4, 13.11, 190637, 97, 110083, 0
28929, 91, 2, 7, 0, 0, 36.60%, 10, 0, 4, 0.22, 190650, 97, 110091, 0
28934, 91, 2, 7, 0, 0, 36.60%, 10, 0, 4, 9.57, 190705, 97, 110120, 0
28943, 91, 2, 7, 0, 0, 36.60%, 10, 0, 4, 0.16, 190735, 97, 110134, 0
28952, 91, 2, 7, 0, 0, 36.60%, 10, 0, 4, 0.19, 190771, 97, 110152, 0
28958, 91, 2, 7, 0, 0, 36.60%, 10, 0, 4, 0.38, 190808, 97, 110173, 0
28963, 91, 0, 7, 0, 0, 36.60%, 10, 0, 4, 12.11, 190870, 97, 110204, 0
28969, 91, 0, 7, 0, 0, 36.60%, 10, 0, 4, 11.30, 190924, 97, 110236, 0
28974, 91, 0, 7, 0, 0, 36.60%, 10, 0, 4, 12.24, 190987, 97, 110266, 0
28979, 91, 0, 7, 0, 0, 36.60%, 10, 0, 4, 11.09, 191040, 97, 110303, 0
28984, 91, 5, 7, 0, 0, 36.60%, 10, 0, 4, 12.86, 191091, 97, 110329, 0
28990, 91, 5, 7, 0, 0, 36.60%, 10, 0, 4, 0.28, 191108, 97, 110337, 0
28997, 91, 5, 7, 0, 0, 36.60%, 10, 0, 4, 0.75, 191142, 97, 110359, 0
29002, 91, 5, 7, 0, 0, 36.60%, 10, 0, 4, 13.48, 191199, 97, 110389, 0
29007, 91, 5, 7, 0, 0, 36.60%, 10, 0, 4, 11.66, 191255, 97, 110425, 0
29012, 91, 5, 7, 0, 0, 36.60%, 10, 0, 4, 10.84, 191310, 97, 110460, 0
29019, 91, 5, 7, 0, 0, 36.60%, 10, 0, 4, 0.65, 191352, 97, 110484, 0
29024, 91, 5, 7, 0, 0, 36.60%, 10, 0, 4, 12.95, 191415, 97, 110516, 0
29031, 91, 5, 7, 0, 0, 36.60%, 10, 0, 4, 0.55, 191448, 97, 110542, 0
29036, 91, 5, 7, 0, 0, 36.60%, 10, 0, 4, 11.04, 191476, 97, 110560, 0
29041, 91, 5, 7, 0, 0, 36.60%, 10, 0, 4, 10.21, 191516, 97, 110585, 0
29046, 91, 5, 7, 0, 0, 36.60%, 10, 0, 4, 11.35, 191572, 97, 110615, 0
29052, 91, 5, 7, 0, 0, 36.60%, 10, 0, 4, 4.89, 191588, 97, 110622, 0
29057, 91, 5, 7, 0, 0, 36.60%, 10, 0, 4, 8.68, 191638, 97, 110654, 0
29062, 91, 4, 7, 0, 0, 36.60%, 10, 0, 4, 0.32, 191662, 97, 110667, 0
29067, 91, 4, 7, 0, 0, 36.60%, 10, 0, 4, 12.53, 191723, 97, 110701, 0
29074, 91, 4, 7, 0, 0, 36.60%, 10, 0, 4, 0.35, 191771, 97, 110724, 0
29081, 91, 4, 7, 0, 0, 36.60%, 10, 0, 4, 0.35, 191788, 97, 110734, 0
29087, 91, 4, 7, 0, 0, 36.60%, 10, 0, 4, 0.67, 191796, 97, 110738, 0
29096, 91, 4, 7, 0, 0, 36.60%, 10, 0, 4, 0.23, 191848, 97, 110763, 0
29101, 92, 3, 7, 0, 0, 36.60%, 10, 0, 4, 1.44, 191878, 97, 110779, 0
29107, 92, 3, 7, 0, 0, 36.60%, 10, 0, 4, 0.25, 191899, 97, 110792, 0
29112, 92, 3, 7, 0, 0, 36.60%, 10, 0, 4, 11.13, 191958, 97, 110823, 0
29119, 92, 3, 7, 0, 0, 36.60%, 10, 0, 4, 0.17, 191972, 97, 110832, 0
29124, 92, 3, 7, 0, 0, 36.60%, 10, 0, 4, 1.12, 192004, 97, 110858, 0
29131, 92, 3, 7, 0, 0, 36.60%, 10, 0, 4, 0.50, 192039, 97, 110875, 0
29136, 92, 5, 7, 0, 0, 36.60%, 10, 0, 4, 10.20, 192089, 97, 110903, 0
29141, 92, 5, 7, 0, 0, 36.60%, 10, 0, 4, 11.76, 192151, 97, 110933, 0
29148, 92, 5, 7, 0, 0, 36.60%, 10, 0, 4, 0.61, 192188, 97, 110955, 0
29153, 92, 5, 7, 0, 0, 36.60%, 10, 0, 4, 7.78, 192226, 97, 110978, 0
29158, 92, 4, 7, 0, 0, 36.60%, 10, 0, 4, 10.01, 192279, 97, 111009, 0
29165, 92, 4, 7, 0, 0, 36.60%, 10, 0, 4, 0.87, 192308, 97, 111021, 0
29174, 92, 4, 7, 0, 0, 36.60%, 10, 0, 4, 0.18, 192347, 97, 111044, 0
29179, 92, 4, 7, 0, 0, 36.60%, 10, 0, 4, 8.24, 192366, 97, 111056, 0
29184, 92, 4, 7, 0, 0, 36.60%, 10, 0, 4, 10.82, 192403, 97, 111080, 0
29189, 92, 4, 7, 0, 0, 36.60%, 10, 0, 4, 8.97, 192441, 97, 111103, 0
29196, 92, 3, 7, 0, 0, 36.60%, 10, 0, 4, 0.84, 192484, 97, 111125, 0
29201, 92, 3, 7, 0, 0, 36.60%, 10, 0, 4, 13.49, 192542, 97, 111158, 0
29206, 92, 3, 7, 0, 0, 36.60%, 10, 0, 4, 11.54, 192597, 97, 111190, 0
29214, 92, 3, 7, 0, 0, 36.60%, 10, 0, 4, 0.76, 192636, 97, 111214, 0
29219, 92, 1, 7, 0, 0, 36.60%, 10, 0, 4, 10.08, 192676, 97, 111234, 0
29224, 92, 1, 7, 0, 0, 36.60%, 10, 0, 4, 18.27, 192714, 97, 111255, 0
29229, 92, 1, 7, 0, 0, 36.60%, 10, 0, 4, 13.64, 192774, 97, 111285, 0
29234, 92, 1, 7, 0, 0, 36.60%, 10, 0, 4, 11.71, 192827, 97, 111315, 0
29239, 92, 1, 7, 0, 0, 36.60%, 10, 0, 4, 4.98, 192849, 97, 111328, 0
29245, 92, 6, 7, 0, 0, 36.60%, 10, 0, 4, 8.82, 192877, 97, 111346, 0
29253, 92, 6, 7, 0, 0, 36.60%, 10, 0, 4, 0.23, 192936, 97, 111374, 0
29260, 92, 6, 7, 0, 0, 36.60%, 10, 0, 4, 0.87, 192966, 97, 111392, 0
29265, 92, 6, 7, 0, 0, 36.60%, 10, 0, 4, 4.71, 192972, 97, 111397, 0
29273, 92, 6, 7, 0, 0, 36.60%, 10, 0, 4, 1.25, 193030, 97, 111429, 0
29279, 92, 6, 7, 0, 0, 36.60%, 10, 0, 4, 0.22, 193044, 97, 111436, 0
29288, 92, 6, 7, 0, 0, 36.60%, 10, 0, 4, 0.44, 193074, 97, 111454, 0
29296, 92, 6, 7, 0, 0, 36.60%, 10, 0, 4, 0.17, 193098, 97, 111467, 0
29301, 92, 6, 7, 0, 0, 36.60%, 10, 0, 4, 11.06, 193155, 97, 111495, 0
29306, 92, 6, 7, 0, 0, 36.60%, 10, 0, 4, 10.75, 193212, 97, 111530, 0
29311, 92, 6, 7, 0, 0, 36.60%, 10, 0, 4, 11.95, 193272, 97, 111559, 0
29317, 92, 6, 7, 0, 0, 36.60%, 10, 0, 4, 0.56, 193293, 97, 111572, 0
29324, 92, 6, 7, 0, 0, 36.60%, 10, 0, 4, 1.02, 193343, 97, 111598, 0
29329, 92, 6, 7, 0, 0, 36.60%, 10, 0, 4, 0.22, 193352, 97, 111605, 0
29335, 92, 6, 7, 0, 0, 36.60%, 10, 0, 4, 0.45, 193389, 97, 111625, 0
29341, 92, 6, 7, 0, 0, 36.60%, 10, 0, 4, 1.68, 193426, 97, 111646, 0
29346, 92, 6, 7, 0, 0, 36.60%, 10, 0, 4, 4.45, 193430, 97, 111649, 0
29351, 92, 6, 7, 0, 0, 36.60%, 10, 0, 4, 0.33, 193457, 97, 111667, 0
29359, 92, 6, 7, 0, 0, 36.60%, 10, 0, 4, 0.63, 193488, 97, 111689, 0
29364, 92, 6, 7, 0, 0, 36.60%, 10, 0, 4, 7.40, 193509, 97, 111703, 0
29369, 92, 6, 7, 0, 0, 36.60%, 10, 0, 4, 10.44, 193563, 97, 111728, 0
29375, 92, 6, 7, 0, 0, 36.60%, 10, 0, 4, 11.00, 193621, 97, 111764, 0
29381, 92, 2, 7, 0, 0, 36.60%, 10, 0, 4, 0.79, 193658, 97, 111784, 0
29386, 92, 2, 7, 0, 0, 36.60%, 10, 0, 4, 1.63, 193702, 97, 111805, 0
29392, 92, 2, 7, 0, 0, 36.60%, 10, 0, 4, 15.16, 193754, 97, 111831, 0
29397, 92, 2, 7, 0, 0, 36.60%, 10, 0, 4, 12.04, 193812, 97, 111865, 0
29405, 92, 2, 7, 0, 0, 36.60%, 10, 0, 4, 0.17, 193834, 97, 111876, 0
29411, 92, 4, 7, 0, 0, 36.60%, 10, 0, 4, 0.68, 193865, 97, 111893, 0
29417, 92, 4, 7, 0, 0, 36.60%, 10, 0, 4, 7.78, 193870, 97, 111897, 0
29425, 92, 4, 7, 0, 0, 36.60%, 10, 0, 4, 0.79, 193893, 97, 111912, 0
29430, 92, 4, 7, 0, 0, 36.60%, 10, 0, 4, 9.43, 193902, 97, 111919, 0
29435, 92, 4, 7, 0, 0, 36.60%, 10, 0, 4, 10.40, 193954, 97, 111953, 0
29441, 92, 4, 7, 0, 0, 36.60%, 10, 0, 4, 1.05, 193989, 97, 111972, 0
29446, 92, 4, 7, 0, 0, 36.60%, 10, 0, 4, 13.66, 194022, 97, 111993, 0
29451, 93, 5, 7, 0, 0, 36.60%, 10, 0, 4, 12.77, 194087, 97, 112022, 0
29457, 93, 5, 7, 0, 0, 36.60%, 10, 0, 4, 0.22, 194101, 97, 112032, 0
29462, 93, 5, 7, 0, 0, 36.60%, 10, 0, 4, 2.24, 194158, 97, 112059, 0
29467, 93, 5, 7, 0, 0, 36.60%, 10, 0, 4, 11.26, 194196, 97, 112080, 0
29475, 93, 5, 7, 0, 0, 36.60%, 10, 0, 4, 0.74, 194245, 97, 112101, 0
29481, 93, 4, 7, 0, 0, 36.60%, 10, 0, 4, 0.40, 194258, 97, 112109, 0
29489, 93, 4, 7, 0, 0, 36.60%, 10, 0, 4, 0.15, 194262, 97, 112113, 0
29494, 93, 4, 7, 0, 0, 36.60%, 10, 0, 4, 11.03, 194285, 97, 112124, 0
29502, 93, 4, 7, 0, 0, 36.60%, 10, 0, 4, 0.57, 194301, 97, 112133, 0
29507, 93, 4, 7, 0, 0, 36.60%, 10, 0, 4, 5.74, 194317, 97, 112141, 0
29513, 93, 4, 7, 0, 0, 36.60%, 10, 0, 4, 0.34, 194321, 97, 112145, 0
29521, 93, 4, 7, 0, 0, 36.60%, 10, 0, 4, 0.76, 194370, 97, 112172, 0
29526, 93, 4, 7, 0, 0, 36.60%, 10, 0, 4, 13.26, 194428, 97, 112203, 0
29532, 93, 4, 7, 0, 0, 36.60%, 10, 0, 4, 0.51, 194434, 97, 112206, 0
29537, 93, 5, 7, 0, 0, 36.60%, 10, 0, 4, 9.25, 194471, 97, 112229, 0
29543, 93, 5, 7, 0, 0, 36.60%, 10, 0, 4, 13.44, 194499, 97, 112243, 0
29548, 93, 5, 7, 0, 0, 36.60%, 10, 0, 4, 0.18, 194503, 97, 112245, 0
29554, 93, 5, 7, 0, 0, 36.60%, 10, 0, 4, 0.49, 194517, 97, 112257, 0
29561, 93, 5, 7, 0, 0, 36.60%, 10, 0, 4, 1.10, 194565, 97, 112286, 0
29570, 93, 5, 7, 0, 0, 36.60%, 10, 0, 4, 0.23, 194588, 97, 112300, 0
29575, 93, 5, 7, 0, 0, 36.60%, 10, 0, 4, 9.30, 194641, 97, 112335, 0
29580, 93, 5, 7, 0, 0, 36.60%, 10, 0, 4, 9.58, 194672, 97, 112352, 0
29589, 93, 5, 7, 0, 0, 36.60%, 10, 0, 4, 0.67, 194723, 97, 112381, 0
29594, 93, 5, 7, 0, 0, 36.60%, 10, 0, 4, 9.92, 194772, 97, 112412, 0
29600, 93, 5, 7, 0, 0, 36.60%, 10, 0, 4, 0.37, 194795, 97, 112432, 0
29605, 93, 5, 7, 0, 0, 36.60%, 10, 0, 4, 8.90, 194827, 97, 112449, 0
29610, 93, 6, 7, 0, 0, 36.60%, 10, 0, 4, 5.33, 194879, 97, 112482, 0
29615, 93, 6, 7, 0, 0, 36.60%, 10, 0, 4, 8.59, 194926, 97, 112518, 0
29621, 93, 6, 7, 0, 0, 36.60%, 10, 0, 4, 0.60, 194946, 97, 112528, 0
29627, 93, 6, 7, 0, 0, 36.60%, 10, 0, 4, 7.96, 194990, 97, 112558, 0
29632, 93, 6, 7, 0, 0, 36.60%, 10, 0, 4, 11.24, 195024, 97, 112577, 0
29637, 93, 6, 7, 0, 0, 36.60%, 10, 0, 4, 0.85, 195053, 97, 112593, 0
29642, 93, 6, 7, 0, 0, 36.60%, 10, 0, 4, 11.81, 195080, 97, 112610, 0
29647, 93, 6, 7, 0, 0, 36.60%, 10, 0, 4, 11.45, 195103, 97, 112621, 0
29652, 93, 6, 7, 0, 0, 36.60%, 10, 0, 4, 11.05, 195156, 97, 112654, 0
29657, 93, 6, 7, 0, 0, 36.60%, 10, 0, 4, 11.17, 195213, 97, 112689, 0
29664, 93, 6, 7, 0, 0, 36.60%, 10, 0, 4, 0.62, 195238, 97, 112705, 0
29669, 93, 4, 7, 0, 0, 36.60%, 10, 0, 4, 11.72, 195290, 97, 112732, 0
29674, 93, 4, 7, 0, 0, 36.60%, 10, 0, 4, 11.90, 195345, 97, 112763, 0
29680, 93, 4, 7, 0, 0, 36.60%, 10, 0, 4, 10.72, 195401, 97, 112804, 0
29685, 93, 4, 7, 0, 0, 36.60%, 10, 0, 4, 10.70, 195446, 97, 112834, 0
29693, 93, 5, 7, 0, 0, 36.60%, 10, 0, 4, 0.29, 195501, 97, 112870, 0
29698, 93, 5, 7, 0, 0, 36.60%, 10, 0, 4, 14.03, 195522, 97, 112880, 0
29704, 93, 5, 7, 0, 0, 36.60%, 10, 0, 4, 10.50, 195572, 97, 112910, 0
29710, 93, 5, 7, 0, 0, 36.60%, 10, 0, 4, 0.68, 195599, 97, 112926, 0
29716, 93, 5, 7, 0, 0, 36.60%, 10, 0, 4, 0.89, 195629, 97, 112944, 0
29722, 93, 6, 7, 0, 0, 36.60%, 10, 0, 4, 0.54, 195654, 97, 112963, 0
29728, 93, 6, 7, 0, 0, 36.60%, 10, 0, 4, 13.53, 195678, 97, 112978, 0
29733, 93, 6, 7, 0, 0, 36.60%, 10, 0, 4, 4.61, 195700, 97, 112991, 0
29738, 93, 6, 7, 0, 0, 36.60%, 10, 0, 4, 7.96, 195745, 97, 113018, 0
29743, 93, 6, 7, 0, 0, 36.60%, 10, 0, 4, 10.74, 195807, 97, 113053, 0
29750, 93, 6, 7, 0, 0, 36.60%, 10, 0, 4, 0.36, 195826, 97, 113062, 0
29755, 93, 6, 7, 0, 0, 36.60%, 10, 0, 4, 0.27, 195846, 97, 113070, 0
29765, 93, 6, 7, 0, 0, 36.60%, 10, 0, 4, 0.27, 195874, 97, 113083, 0
29770, 93, 6, 7, 0, 0, 36.60%, 10, 0, 4, 9.97, 195930, 97, 113114, 0
29776, 93, 6, 7, 0, 0, 36.60%, 10, 0, 4, 16.53, 195942, 97, 113117, 0
29781, 93, 6, 7, 0, 0, 36.60%, 10, 0, 4, 0.92, 195962, 97, 113130, 0
29786, 93, 6, 7, 0, 0, 36.60%, 10, 0, 4, 0.44, 195975, 97, 113136, 0
29795, 93, 6, 7, 0, 0, 36.60%, 10, 0, 4, 0.44, 196029, 97, 113168, 0
29800, 93, 3, 7, 0, 0, 36.60%, 10, 0, 4, 0.65, 196057, 97, 113181, 0
29806, 93, 3, 7, 0, 0, 36.60%, 10, 0, 4, 13.87, 196070, 97, 113187, 0
29811, 93, 3, 7, 0, 0, 36.60%, 10, 0, 4, 9.38, 196091, 97, 113203, 0
29816, 93, 3, 7, 0, 0, 36.60%, 10, 0, 4, 0.25, 196112, 97, 113213, 0
29822, 93, 3, 7, 0, 0, 36.60%, 10, 0, 4, 0.25, 196113, 97, 113214, 0
29827, 93, 3, 7, 0, 0, 36.60%, 10, 0, 4, 8.81, 196132, 97, 113227, 0
29833, 93, 3, 7, 0, 0, 36.60%, 10, 0, 4, 0.69, 196169, 97, 113248, 0
29838, 93, 3, 7, 0, 0, 36.60%, 10, 0, 4, 10.01, 196218, 97, 113278, 0
29843, 94, 2, 7, 0, 0, 36.60%, 10, 0, 4, 9.94, 196252, 97, 113294, 0
29848, 94, 2, 7, 0, 0, 36.60%, 10, 0, 4, 7.17, 196262, 97, 113301, 0
29862, 94, 2, 7, 0, 0, 36.60%, 10, 0, 4, 0.20, 196301, 97, 113328, 0
29867, 94, 2, 7, 0, 0, 36.60%, 10, 0, 4, 9.64, 196354, 97, 113362, 0
29872, 94, 2, 7, 0, 0, 36.60%, 10, 0, 4, 9.78, 196390, 97, 113379, 0
29877, 94, 2, 7, 0, 0, 36.60%, 10, 0, 4, 14.62, 196434, 97, 113402, 0
29883, 94, 2, 7, 0, 0, 36.60%, 10, 0, 4, 0.32, 196456, 97, 113413, 0
29888, 94, 2, 7, 0, 0, 36.60%, 10, 0, 4, 12.72, 196498, 97, 113429, 0
29893, 94, 2, 7, 0, 0, 36.60%, 10, 0, 4, 9.50, 196522, 97, 113445, 0
29898, 94, 2, 7, 0, 0, 36.60%, 10, 0, 4, 10.24, 196576, 97, 113476, 0
29905, 94, 2, 7, 0, 0, 36.60%, 10, 0, 4, 0.63, 196610, 97, 113490, 0
29910, 94, 2, 7, 0, 0, 36.60%, 10, 0, 4, 11.24, 196635, 97, 113504, 0
29915, 94, 1, 7, 0, 0, 36.60%, 10, 0, 4, 8.03, 196661, 97, 113520, 0
29925, 94, 1, 7, 0, 0, 36.60%, 10, 0, 4, 0.51, 196700, 97, 113544, 0
29931, 94, 1, 7, 0, 0, 36.60%, 10, 0, 4, 0.45, 196745, 97, 113571, 0
29938, 94, 1, 7, 0, 0, 36.60%, 10, 0, 4, 0.25, 196784, 97, 113592, 0
29943, 94, 1, 7, 0, 0, 36.60%, 10, 0, 4, 10.61, 196842, 97, 113628, 0
29948, 94, 6, 7, 0, 0, 36.60%, 10, 0, 4, 10.70, 196895, 97, 113660, 0
29954, 94, 6, 7, 0, 0, 36.60%, 10, 0, 4, 4.33, 196903, 97, 113664, 0
29960, 94, 6, 7, 0, 0, 36.60%, 10, 0, 4, 0.57, 196942, 97, 113684, 0
29965, 94, 6, 7, 0, 0, 36.60%, 10, 0, 4, 0.70, 196963, 97, 113697, 0
29970, 94, 6, 7, 0, 0, 36.60%, 10, 0, 4, 10.85, 197020, 97, 113734, 0
29976, 94, 6, 7, 0, 0, 36.60%, 10, 0, 4, 1.88, 197068, 97, 113765, 0
29981, 94, 6, 7, 0, 0, 36.60%, 10, 0, 4, 10.13, 197132, 97, 113795, 0
29986, 94, 6, 7, 0, 0, 36.60%, 10, 0, 4, 11.25, 197190, 97, 113829, 0
29992, 94, 6, 7, 0, 0, 36.60%, 10, 0, 4, 18.67, 197200, 97, 113831, 0
29998, 94, 6, 7, 0, 0, 36.60%, 10, 0, 4, 1.63, 197234, 97, 113850, 0
30009, 94, 2, 7, 0, 0, 36.60%, 10, 0, 4, 0.27, 197253, 97, 113865, 0
30017, 94, 2, 7, 0, 0, 36.60%, 10, 0, 4, 0.45, 197270, 97, 113876, 0
30025, 94, 2, 7, 0, 0, 36.60%, 10, 0, 4, 0.74, 197315, 97, 113901, 0
30031, 94, 2, 7, 0, 0, 36.60%, 10, 0, 4, 0.94, 197340, 97, 113912, 0
30039, 94, 2, 7, 0, 0, 36.60%, 10, 0, 4, 0.36, 197366, 97, 113925, 0
30044, 94, 2, 7, 0, 0, 36.60%, 10, 0, 4, 8.81, 197415, 97, 113957, 0
30050, 94, 2, 7, 0, 0, 36.60%, 10, 0, 4, 0.37, 197446, 97, 113977, 0
30057, 94, 0, 7, 0, 0, 36.60%, 10, 0, 4, 0.17, 197459, 97, 113987, 0
30065, 94, 0, 7, 0, 0, 36.60%, 10, 0, 4, 0.85, 197512, 97, 114020, 0
30071, 94, 0, 7, 0, 0, 36.60%, 10, 0, 4, 10.08, 197534, 97, 114034, 0
30076, 94, 0, 7, 0, 0, 36.60%, 10, 0, 4, 15.49, 197578, 97, 114060, 0
30081, 94, 0, 7, 0, 0, 36.60%, 10, 0, 4, 11.67, 197631, 97, 114096, 0
30087, 94, 0, 7, 0, 0, 36.60%, 10, 0, 4, 0.21, 197645, 97, 114105, 0
30092, 94, 4, 7, 0, 0, 36.60%, 10, 0, 4, 8.66, 197692, 97, 114135, 0
30097, 94, 4, 7, 0, 0, 36.60%, 10, 0, 4, 0.23, 197704, 97, 114143, 0
30102, 94, 4, 7, 0, 0, 36.60%, 10, 0, 4, 5.10, 197715, 97, 114149, 0
30107, 94, 4, 7, 0, 0, 36.60%, 10, 0, 4, 9.56, 197772, 97, 114175, 0
30113, 94, 4, 7, 0, 0, 36.60%, 10, 0, 4, 11.37, 197826, 97, 114200, 0
30118, 94, 3, 7, 0, 0, 36.60%, 10, 0, 4, 10.27, 197857, 97, 114219, 0
30123, 94, 3, 7, 0, 0, 36.60%, 10, 0, 4, 11.58, 197877, 97, 114229, 0
30129, 94, 3, 7, 0, 0, 36.60%, 10, 0, 4, 0.81, 197917, 97, 114250, 0
30135, 94, 3, 7, 0, 0, 36.60%, 10, 0, 4, 0.81, 197960, 97, 114269, 0
30140, 94, 3, 7, 0, 0, 36.60%, 10, 0, 4, 9.92, 198007, 97, 114297, 0
30150, 94, 3, 7, 0, 0, 36.60%, 10, 0, 4, 0.33, 198046, 97, 114317, 0
30155, 94, 0, 7, 0, 0, 36.60%, 10, 0, 4, 10.75, 198100, 97, 114346, 0
30160, 94, 0, 7, 0, 0, 36.60%, 10, 0, 4, 14.71, 198142, 97, 114369, 0
30165, 94, 0, 7, 0, 0, 36.60%, 10, 0, 4, 12.47, 198196, 97, 114399, 0
30170, 95, 3, 7, 0, 0, 36.60%, 10, 0, 4, 11.23, 198253, 97, 114431, 0
30175, 95, 3, 7, 0, 0, 36.60%, 10, 0, 4, 0.52, 198268, 97, 114442, 0
30180, 95, 3, 7, 0, 0, 36.60%, 10, 0, 4, 9.61, 198319, 97, 114478, 0
30189, 95, 3, 7, 0, 0, 36.60%, 10, 0, 4, 0.56, 198368, 97, 114509, 0
30197, 95, 3, 7, 0, 0, 36.60%, 10, 0, 4, 0.54, 198430, 97, 114533, 0
30202, 95, 6, 7, 0, 0, 36.60%, 10, 0, 4, 12.46, 198489, 97, 114565, 0
30207, 95, 6, 7, 0, 0, 36.60%, 10, 0, 4, 12.88, 198556, 97, 114597, 0
30212, 95, 6, 7, 0, 0, 36.60%, 10, 0, 4, 12.84, 198621, 97, 114629, 0
30218, 95, 6, 7, 0, 0, 36.60%, 10, 0, 4, 11.42, 198676, 97, 114662, 0
30223, 95, 6, 7, 0, 0, 36.60%, 10, 0, 4, 11.39, 198710, 97, 114684, 0
30228, 95, 6, 7, 0, 0, 36.60%, 10, 0, 4, 11.25, 198768, 97, 114718, 0
30235, 95, 6, 7, 0, 0, 36.60%, 10, 0, 4, 0.38, 198797, 97, 114737, 0
30242, 95, 6, 7, 0, 0, 36.60%, 10, 0, 4, 0.65, 198838, 97, 114767, 0
30248, 95, 4, 7, 0, 0, 36.60%, 10, 0, 4, 12.48, 198901, 97, 114796, 0
30253, 95, 4, 7, 0, 0, 36.60%, 10, 0, 4, 12.32, 198965, 97, 114824, 0
30258, 95, 4, 7, 0, 0, 36.60%, 10, 0, 4, 11.58, 199023, 97, 114860, 0
30263, 95, 4, 7, 0, 0, 36.60%, 10, 0, 4, 11.31, 199080, 97, 114891, 0
30268, 95, 4, 7, 0, 0, 36.60%, 10, 0, 4, 10.94, 199135, 97, 114929, 0
30273, 95, 4, 7, 0, 0, 36.60%, 10, 0, 4, 11.87, 199198, 97, 114961, 0
30279, 95, 4, 7, 0, 0, 36.60%, 10, 0, 4, 0.48, 199211, 97, 114971, 0
30284, 95, 5, 7, 0, 0, 36.60%, 10, 0, 4, 10.45, 199263, 97, 115001, 0
30290, 95, 5, 7, 0, 0, 36.60%, 10, 0, 4, 13.95, 199299, 97, 115019, 0
30295, 95, 5, 7, 0, 0, 36.60%, 10, 0, 4, 10.21, 199332, 97, 115040, 0
30300, 95, 5, 7, 0, 0, 36.60%, 10, 0, 4, 18.98, 199367, 97, 115057, 0
30305, 95, 5, 7, 0, 0, 36.60%, 10, 0, 4, 8.24, 199396, 97, 115078, 0
30315, 95, 5, 7, 0, 0, 36.60%, 10, 0, 4, 0.50, 199438, 97, 115109, 0
30320, 95, 3, 7, 0, 0, 36.60%, 10, 0, 4, 10.94, 199494, 97, 115138, 0
30327, 95, 3, 7, 0, 0, 36.60%, 10, 0, 4, 0.45, 199519, 97, 115153, 0
30336, 95, 3, 7, 0, 0, 36.60%, 10, 0, 4, 0.17, 199559, 97, 115179, 0
30341, 95, 3, 7, 0, 0, 36.60%, 10, 0, 4, 10.63, 199588, 97, 115200, 0
30346, 95, 3, 7, 0, 0, 36.60%, 10, 0, 4, 7.98, 199628, 97, 115222, 0
30352, 95, 3, 7, 0, 0, 36.60%, 10, 0, 4, 0.18, 199629, 97, 115223, 0
30357, 95, 5, 7, 0, 0, 36.60%, 10, 0, 4, 13.98, 199659, 97, 115241, 0
30362, 95, 5, 7, 0, 0, 36.60%, 10, 0, 4, 11.89, 199686, 97, 115255, 0
30367, 95, 5, 7, 0, 0, 36.60%, 10, 0, 4, 11.44, 199719, 97, 115273, 0
30376, 95, 5, 7, 0, 0, 36.60%, 10, 0, 4, 0.17, 199752, 97, 115295, 0
30382, 95, 5, 7, 0, 0, 36.60%, 10, 0, 4, 0.82, 199780, 97, 115316, 0
30387, 95, 5, 7, 0, 0, 36.60%, 10, 0, 4, 3.08, 199797, 97, 115327, 0
30396, 95, 5, 7, 0, 0, 36.60%, 10, 0, 4, 0.26, 199849, 97, 115357, 0
30401, 95, 5, 7, 0, 0, 36.60%, 10, 0, 4, 8.33, 199887, 97, 115375, 0
30406, 95, 5, 7, 0, 0, 36.60%, 10, 0, 4, 11.53, 199928, 97, 115399, 0
30411, 95, 5, 7, 0, 0, 36.60%, 10, 0, 4, 12.13, 199989, 97, 115431, 0
30416, 95, 3, 7, 0, 0, 36.60%, 10, 0, 4, 11.79, 200050, 97, 115464, 0
30421, 95, 3, 7, 0, 0, 36.60%, 10, 0, 4, 12.67, 200114, 97, 115490, 0
30427, 95, 3, 7, 0, 0, 36.60%, 10, 0, 4, 11.31, 200166, 97, 115522, 0
30432, 95, 3, 7, 0, 0, 36.60%, 10, 0, 4, 16.35, 200207, 97, 115544, 0
30437, 95, 3, 7, 0, 0, 36.60%, 10, 0, 4, 0.66, 200242, 97, 115562, 0
30442, 96, 2, 7, 0, 0, 36.60%, 10, 0, 4, 10.68, 200267, 97, 115580, 0
30448, 96, 2, 7, 0, 0, 36.60%, 10, 0, 4, 11.23, 200325, 97, 115615, 0
30453, 96, 2, 7, 0, 0, 36.60%, 10, 0, 4, 6.43, 200342, 97, 115623, 0
30461, 96, 2, 7, 0, 0, 36.60%, 10, 0, 4, 0.45, 200365, 97, 115635, 0
30466, 96, 2, 7, 0, 0, 36.60%, 10, 0, 4, 8.87, 200412, 97, 115667, 0
30474, 96, 2, 7, 0, 0, 36.60%, 10, 0, 4, 0.58, 200447, 97, 115686, 0
30479, 96, 2, 7, 0, 0, 36.60%, 10, 0, 4, 9.87, 200506, 97, 115715, 0
30486, 96, 2, 7, 0, 0, 36.60%, 10, 0, 4, 0.45, 200532, 97, 115729, 0
30491, 96, 2, 7, 0, 0, 36.60%, 10, 0, 4, 10.64, 200552, 97, 115740, 0
30496, 96, 2, 7, 0, 0, 36.60%, 10, 0, 4, 0.32, 200563, 97, 115749, 0
30501, 96, 2, 7, 0, 0, 36.60%, 10, 0, 4, 8.42, 200600, 97, 115772, 0
30506, 96, 2, 7, 0, 0, 36.60%, 10, 0, 4, 9.08, 200609, 97, 115779, 0
30520, 96, 2, 7, 0, 0, 36.60%, 10, 0, 4, 0.18, 200646, 97, 115799, 0
30531, 96, 4, 7, 0, 0, 36.60%, 10, 0, 4, 0.14, 200672, 97, 115817, 0
30536, 96, 4, 7, 0, 0, 36.60%, 10, 0, 4, 9.60, 200688, 97, 115826, 0
30541, 96, 4, 7, 0, 0, 36.60%, 10, 0, 4, 10.73, 200743, 97, 115857, 0
30546, 96, 4, 7, 0, 0, 36.60%, 10, 0, 4, 0.96, 200765, 97, 115872, 0
30551, 96, 4, 7, 0, 0, 36.60%, 10, 0, 4, 11.03, 200822, 97, 115904, 0
30559, 96, 0, 7, 0, 0, 36.60%, 10, 0, 4, 0.71, 200862, 97, 115929, 0
30565, 96, 0, 7, 0, 0, 36.60%, 10, 0, 4, 0.57, 200886, 97, 115942, 0
30570, 96, 0, 7, 0, 0, 36.60%, 10, 0, 4, 16.30, 200930, 97, 115963, 0
30575, 96, 0, 7, 0, 0, 36.60%, 10, 0, 4, 5.17, 200944, 97, 115973, 0
30580, 96, 0, 7, 0, 0, 36.60%, 10, 0, 4, 9.55, 200976, 97, 115992, 0
30587, 96, 0, 7, 0, 0, 36.60%, 10, 0, 4, 0.51, 200991, 97, 116004, 0
30592, 96, 0, 7, 0, 0, 36.60%, 10, 0, 4, 9.28, 201048, 97, 116030, 0
30598, 96, 6, 7, 0, 0, 36.60%, 10, 0, 4, 13.66, 201083, 97, 116047, 0
30605, 96, 6, 7, 0, 0, 36.60%, 10, 0, 4, 0.35, 201114, 97, 116067, 0
30610, 96, 6, 7, 0, 0, 36.60%, 10, 0, 4, 11.80, 201171, 97, 116094, 0
30615, 96, 6, 7, 0, 0, 36.60%, 10, 0, 4, 13.13, 201210, 97, 116111, 0
30620, 96, 6, 7, 0, 0, 36.60%, 10, 0, 4, 13.33, 201243, 97, 116130, 0
30625, 96, 6, 7, 0, 0, 36.60%, 10, 0, 4, 11.16, 201297, 97, 116161, 0
30632, 96, 6, 7, 0, 0, 36.60%, 10, 0, 4, 0.61, 201349, 97, 116187, 0
30639, 96, 6, 7, 0, 0, 36.60%, 10, 0, 4, 0.54, 201400, 97, 116211, 0
30646, 96, 6, 7, 0, 0, 36.60%, 10, 0, 4, 0.26, 201426, 97, 116230, 0
30651, 96, 6, 7, 0, 0, 36.60%, 10, 0, 4, 0.48, 201443, 97, 116239, 0
30656, 96, 3, 7, 0, 0, 36.60%, 10, 0, 4, 1.37, 201455, 97, 116245, 0
30661, 96, 3, 7, 0, 0, 36.60%, 10, 0, 4, 9.66, 201505, 97, 116277, 0
30667, 96, 3, 7, 0, 0, 36.60%, 10, 0, 4, 10.11, 201543, 97, 116300, 0
30673, 96, 3, 7, 0, 0, 36.60%, 10, 0, 4, 0.75, 201576, 97, 116318, 0
30679, 96, 3, 7, 0, 0, 36.60%, 10, 0, 4, 8.82, 201627, 97, 116349, 0
30685, 96, 4, 7, 0, 0, 36.60%, 10, 0, 4, 0.46, 201653, 97, 116359, 0
30696, 96, 4, 7, 0, 0, 36.60%, 10, 0, 4, 0.50, 201687, 97, 116376, 0
30701, 96, 4, 7, 0, 0, 36.60%, 10, 0, 4, 4.91, 201702, 97, 116384, 0
30706, 96, 4, 7, 0, 0, 36.60%, 10, 0, 4, 9.27, 201758, 97, 116419, 0
30712, 96, 4, 7, 0, 0, 36.60%, 10, 0, 4, 0.86, 201802, 97, 116441, 0
30717, 96, 1, 7, 0, 0, 36.60%, 10, 0, 4, 10.87, 201862, 97, 116470, 0
30722, 96, 1, 7, 0, 0, 36.60%, 10, 0, 4, 11.32, 201918, 97, 116502, 0
30727, 96, 1, 7, 0, 0, 36.60%, 10, 0, 4, 12.44, 201952, 97, 116522, 0
30732, 96, 1, 7, 0, 0, 36.60%, 10, 0, 4, 11.07, 201990, 97, 116545, 0
30737, 96, 1, 7, 0, 0, 36.60%, 10, 0, 4, 11.51, 202045, 97, 116571, 0
30743, 96, 4, 7, 0, 0, 36.60%, 10, 0, 4, 5.18, 202090, 97, 116599, 0
30748, 96, 4, 7, 0, 0, 36.60%, 10, 0, 4, 7.79, 202115, 97, 116619, 0
30753, 96, 4, 7, 0, 0, 36.60%, 10, 0, 4, 4.39, 202130, 97, 116627, 0
30758, 96, 4, 7, 0, 0, 36.60%, 10, 0, 4, 9.73, 202188, 97, 116655, 0
30773, 96, 4, 7, 0, 0, 36.60%, 10, 0, 4, 0.15, 202213, 97, 116668, 0
30778, 96, 4, 7, 0, 0, 36.60%, 10, 0, 4, 9.92, 202230, 97, 116679, 0
30788, 97, 3, 7, 0, 0, 36.60%, 10, 0, 4, 0.31, 202268, 97, 116702, 0
30794, 97, 3, 7, 0, 0, 36.60%, 10, 0, 4, 0.68, 202282, 97, 116708, 0
30799, 97, 3, 7, 0, 0, 36.60%, 10, 0, 4, 9.04, 202336, 97, 116739, 0
30804, 97, 3, 7, 0, 0, 36.60%, 10, 0, 4, 11.06, 202397, 97, 116771, 0
30809, 97, 3, 7, 0, 0, 36.60%, 10, 0, 4, 0.71, 202429, 97, 116790, 0
30815, 97, 3, 7, 0, 0, 36.60%, 10, 0, 4, 1.25, 202467, 97, 116811, 0
30820, 97, 3, 7, 0, 0, 36.60%, 10, 0, 4, 7.70, 202475, 97, 116816, 0
30826, 97, 3, 7, 0, 0, 36.60%, 10, 0, 4, 6.31, 202502, 97, 116835, 0
30831, 97, 3, 7, 0, 0, 36.60%, 10, 0, 4, 0.61, 202547, 97, 116860, 0
30836, 97, 3, 7, 0, 0, 36.60%, 10, 0, 4, 11.99, 202608, 97, 116890, 0
30841, 97, 3, 7, 0, 0, 36.60%, 10, 0, 4, 4.55, 202632, 97, 116903, 0
30846, 97, 2, 7, 0, 0, 36.60%, 10, 0, 4, 16.46, 202652, 97, 116914, 0
30851, 97, 2, 7, 0, 0, 36.60%, 10, 0, 4, 13.36, 202714, 97, 116941, 0
30860, 97, 2, 7, 0, 0, 36.60%, 10, 0, 4, 0.36, 202759, 97, 116965, 0
30866, 97, 2, 7, 0, 0, 36.60%, 10, 0, 4, 10.15, 202783, 97, 116979, 0
30871, 97, 2, 7, 0, 0, 36.60%, 10, 0, 4, 11.31, 202844, 97, 117014, 0
30876, 97, 2, 7, 0, 0, 36.60%, 10, 0, 4, 6.36, 202866, 97, 117029, 0
30881, 97, 2, 7, 0, 0, 36.60%, 10, 0, 4, 6.68, 202899, 97, 117051, 0
30889, 97, 2, 7, 0, 0, 36.60%, 10, 0, 4, 0.52, 202927, 97, 117067, 0
30894, 97, 2, 7, 0, 0, 36.60%, 10, 0, 4, 13.02, 202945, 97, 117074, 0
30899, 97, 2, 7, 0, 0, 36.60%, 10, 0, 4, 12.59, 203009, 97, 117106, 0
30906, 97, 1, 7, 0, 0, 36.60%, 10, 0, 4, 0.29, 203053, 97, 117131, 0
30912, 97, 1, 7, 0, 0, 36.60%, 10, 0, 4, 9.86, 203102, 97, 117157, 0
30917, 97, 1, 7, 0, 0, 36.60%, 10, 0, 4, 0.22, 203116, 97, 117163, 0
30922, 97, 1, 7, 0, 0, 36.60%, 10, 0, 4, 10.02, 203143, 97, 117179, 0
30927, 97, 1, 7, 0, 0, 36.60%, 10, 0, 4, 10.78, 203197, 97, 117213, 0
30935, 97, 1, 7, 0, 0, 36.60%, 10, 0, 4, 0.19, 203231, 97, 117230, 0
30940, 97, 6, 7, 0, 0, 36.60%, 10, 0, 4, 10.14, 203268, 97, 117252, 0
30946, 97, 6, 7, 0, 0, 36.60%, 10, 0, 4, 7.08, 203318, 97, 117279, 0
30951, 97, 6, 7, 0, 0, 36.60%, 10, 0, 4, 9.81, 203369, 97, 117309, 0
30956, 97, 6, 7, 0, 0, 36.60%, 10, 0, 4, 14.06, 203419, 97, 117344, 0
30961, 97, 6, 7, 0, 0, 36.60%, 10, 0, 4, 12.46, 203477, 97, 117377, 0
30966, 97, 6, 7, 0, 0, 36.60%, 10, 0, 4, 0.58, 203515, 97, 117398, 0
30971, 97, 6, 7, 0, 0, 36.60%, 10, 0, 4, 0.56, 203534, 97, 117410, 0
30976, 97, 6, 7, 0, 0, 36.60%, 10, 0, 4, 12.63, 203596, 97, 117442, 0
30982, 97, 1, 7, 0, 0, 36.60%, 10, 0, 4, 11.57, 203655, 97, 117479, 0
30988, 97, 1, 7, 0, 0, 36.60%, 10, 0, 4, 0.71, 203681, 97, 117494, 0
30993, 97, 1, 7, 0, 0, 36.60%, 10, 0, 4, 10.42, 203733, 97, 117526, 0
30998, 97, 1, 7, 0, 0, 36.60%, 10, 0, 4, 10.92, 203790, 97, 117561, 0
31005, 97, 1, 7, 0, 0, 36.60%, 10, 0, 4, 0.33, 203799, 97, 117568, 0
31010, 97, 1, 7, 0, 0, 36.60%, 10, 0, 4, 12.00, 203836, 97, 117589, 0
31015, 97, 4, 7, 0, 0, 36.60%, 10, 0, 4, 11.36, 203886, 97, 117619, 0
31020, 97, 4, 7, 0, 0, 36.60%, 10, 0, 4, 13.20, 203912, 97, 117639, 0
31025, 97, 4, 7, 0, 0, 36.60%, 10, 0, 4, 0.25, 203929, 97, 117649, 0
31031, 97, 4, 7, 0, 0, 36.60%, 10, 0, 4, 2.64, 203940, 97, 117656, 0
31039, 97, 4, 7, 0, 0, 36.60%, 10, 0, 4, 0.61, 203990, 97, 117687, 0
31049, 97, 4, 7, 0, 0, 36.60%, 10, 0, 4, 0.15, 204019, 97, 117704, 0
31055, 97, 4, 7, 0, 0, 36.60%, 10, 0, 4, 0.18, 204024, 97, 117706, 0
31060, 97, 0, 7, 0, 0, 36.60%, 10, 0, 4, 10.49, 204078, 97, 117742, 0
31068, 97, 0, 7, 0, 0, 36.60%, 10, 0, 4, 0.70, 204092, 97, 117752, 0
31073, 97, 0, 7, 0, 0, 36.60%, 10, 0, 4, 2.02, 204149, 97, 117786, 0
31085, 97, 0, 7, 0, 0, 36.60%, 10, 0, 4, 0.20, 204183, 97, 117801, 0
31092, 97, 0, 7, 0, 0, 36.60%, 10, 0, 4, 0.66, 204223, 97, 117827, 0
31100, 98, 1, 7, 0, 0, 36.60%, 10, 0, 4, 0.91, 204260, 97, 117857, 0
31106, 98, 1, 7, 0, 0, 36.60%, 10, 0, 4, 0.72, 204299, 97, 117876, 0
31111, 98, 1, 7, 0, 0, 36.60%, 10, 0, 4, 13.72, 204322, 97, 117885, 0
31116, 98, 1, 7, 0, 0, 36.60%, 10, 0, 4, 12.36, 204384, 97, 117916, 0
31121, 98, 1, 7, 0, 0, 36.60%, 10, 0, 4, 12.87, 204408, 97, 117933, 0
31126, 98, 6, 7, 0, 0, 36.60%, 10, 0, 4, 11.42, 204462, 97, 117960, 0
31132, 98, 6, 7, 0, 0, 36.60%, 10, 0, 4, 14.78, 204510, 97, 117986, 0
31137, 98, 6, 7, 0, 0, 36.60%, 10, 0, 4, 13.52, 204540, 97, 118008, 0
31142, 98, 6, 7, 0, 0, 36.60%, 10, 0, 4, 11.50, 204591, 97, 118040, 0
31149, 98, 6, 7, 0, 0, 36.60%, 10, 0, 4, 0.19, 204616, 97, 118050, 0
31154, 98, 6, 7, 0, 0, 36.60%, 10, 0, 4, 0.44, 204625, 97, 118059, 0
31163, 98, 6, 7, 0, 0, 36.60%, 10, 0, 4, 0.27, 204676, 97, 118086, 0
31168, 98, 6, 7, 0, 0, 36.60%, 10, 0, 4, 3.69, 204703, 97, 118100, 0
31175, 98, 6, 7, 0, 0, 36.60%, 10, 0, 4, 1.00, 204749, 97, 118129, 0
31185, 98, 6, 7, 0, 0, 36.60%, 10, 0, 4, 0.51, 204759, 97, 118135, 0
31190, 98, 6, 7, 0, 0, 36.60%, 10, 0, 4, 19.90, 204784, 97, 118150, 0
31196, 98, 6, 7, 0, 0, 36.60%, 10, 0, 4, 1.22, 204818, 97, 118171, 0
31204, 98, 6, 7, 0, 0, 36.60%, 10, 0, 4, 0.23, 204864, 97, 118203, 0
31210, 98, 6, 7, 0, 0, 36.60%, 10, 0, 4, 9.08, 204881, 97, 118213, 0
31215, 98, 6, 7, 0, 0, 36.60%, 10, 0, 4, 0.28, 204905, 97, 118231, 0
31221, 98, 6, 7, 0, 0, 36.60%, 10, 0, 4, 0.58, 204915, 97, 118239, 0
31226, 98, 6, 7, 0, 0, 36.60%, 10, 0, 4, 8.77, 204952, 97, 118262, 0
31233, 98, 6, 7, 0, 0, 36.60%, 10, 0, 4, 0.51, 204985, 97, 118279, 0
31238, 98, 6, 7, 0, 0, 36.60%, 10, 0, 4, 16.89, 204996, 97, 118286, 0
31243, 98, 6, 7, 0, 0, 36.60%, 10, 0, 4, 13.04, 205055, 97, 118317, 0
31249, 98, 6, 7, 0, 0, 36.60%, 10, 0, 4, 0.79, 205078, 97, 118332, 0
31254, 98, 6, 7, 0, 0, 36.60%, 10, 0, 4, 5.90, 205092, 97, 118339, 0
31259, 98, 6, 7, 0, 0, 36.60%, 10, 0, 4, 9.60, 205147, 97, 118368, 0
31266, 98, 6, 7, 0, 0, 36.60%, 10, 0, 4, 0.25, 205157, 97, 118375, 0
31277, 98, 6, 7, 0, 0, 36.60%, 10, 0, 4, 0.67, 205178, 97, 118387, 0
31282, 98, 6, 7, 0, 0, 36.60%, 10, 0, 4, 13.21, 205218, 97, 118411, 0
31287, 98, 2, 7, 0, 0, 36.60%, 10, 0, 4, 11.20, 205271, 97, 118448, 0
31294, 98, 2, 7, 0, 0, 36.60%, 10, 0, 4, 1.31, 205322, 97, 118476, 0
31299, 98, 2, 7, 0, 0, 36.60%, 10, 0, 4, 7.54, 205379, 97, 118507, 0
31304, 98, 2, 7, 0, 0, 36.60%, 10, 0, 4, 14.71, 205412, 97, 118528, 0
31309, 98, 4, 7, 0, 0, 36.60%, 10, 0, 4, 12.68, 205474, 97, 118562, 0
31314, 98, 4, 7, 0, 0, 36.60%, 10, 0, 4, 9.47, 205506, 97, 118575, 0
31319, 98, 4, 7, 0, 0, 36.60%, 10, 0, 4, 10.82, 205543, 97, 118600, 0
31324, 98, 4, 7, 0, 0, 36.60%, 10, 0, 4, 11.19, 205594, 97, 118628, 0
31330, 98, 4, 7, 0, 0, 36.60%, 10, 0, 4, 10.99, 205649, 97, 118664, 0
31335, 98, 3, 7, 0, 0, 36.60%, 10, 0, 4, 12.58, 205698, 97, 118692, 0
31340, 98, 3, 7, 0, 0, 36.60%, 10, 0, 4, 4.55, 205707, 97, 118700, 0
31345, 98, 3, 7, 0, 0, 36.60%, 10, 0, 4, 0.35, 205735, 97, 118716, 0
31351, 98, 3, 7, 0, 0, 36.60%, 10, 0, 4, 0.68, 205759, 97, 118732, 0
31360, 98, 3, 7, 0, 0, 36.60%, 10, 0, 4, 0.29, 205780, 97, 118747, 0
31365, 98, 3, 7, 0, 0, 36.60%, 10, 0, 4, 10.37, 205819, 97, 118770, 0
31371, 98, 6, 7, 0, 0, 36.60%, 10, 0, 4, 1.93, 205874, 97, 118804, 0
31378, 98, 6, 7, 0, 0, 36.60%, 10, 0, 4, 0.65, 205906, 97, 118823, 0
31383, 98, 6, 7, 0, 0, 36.60%, 10, 0, 4, 8.99, 205959, 97, 118857, 0
31391, 98, 6, 7, 0, 0, 36.60%, 10, 0, 4, 0.34, 205983, 97, 118870, 0
31396, 98, 6, 7, 0, 0, 36.60%, 10, 0, 4, 11.30, 206040, 97, 118906, 0
31401, 98, 6, 7, 0, 0, 36.60%, 10, 0, 4, 0.42, 206045, 97, 118909, 0
31406, 98, 6, 7, 0, 0, 36.60%, 10, 0, 4, 9.79, 206102, 97, 118940, 0
31417, 98, 6, 7, 0, 0, 36.60%, 10, 0, 4, 0.15, 206153, 97, 118969, 0
31422, 98, 6, 7, 0, 0, 36.60%, 10, 0, 4, 10.71, 206210, 97, 118999, 0
31427, 98, 6, 7, 0, 0, 36.60%, 10, 0, 4, 0.24, 206227, 97, 119013, 0
31433, 98, 4, 7, 0, 0, 36.60%, 10, 0, 4, 9.64, 206283, 97, 119040, 0
31438, 98, 4, 7, 0, 0, 36.60%, 10, 0, 4, 10.58, 206333, 97, 119070, 0
31443, 98, 4, 7, 0, 0, 36.60%, 10, 0, 4, 11.46, 206393, 97, 119105, 0
31448, 98, 1, 7, 0, 0, 36.60%, 10, 0, 4, 11.60, 206452, 97, 119138, 0
31453, 98, 1, 7, 0, 0, 36.60%, 10, 0, 4, 10.90, 206510, 97, 119171, 0
31458, 98, 1, 7, 0, 0, 36.60%, 10, 0, 4, 10.86, 206565, 97, 119207, 0
31463, 98, 1, 7, 0, 0, 36.60%, 10, 0, 4, 0.82, 206585, 97, 119219, 0
31473, 98, 1, 7, 0, 0, 36.60%, 10, 0, 4, 0.51, 206636, 97, 119245, 0
31479, 99, 1, 7, 0, 0, 36.60%, 10, 0, 4, 0.37, 206659, 97, 119258, 0
31484, 99, 1, 7, 0, 0, 36.60%, 10, 0, 4, 7.94, 206679, 97, 119271, 0
31489, 99, 1, 7, 0, 0, 36.60%, 10, 0, 4, 10.36, 206736, 97, 119306, 0
31498, 99, 1, 7, 0, 0, 36.60%, 10, 0, 4, 0.17, 206770, 97, 119321, 0
31507, 99, 1, 7, 0, 0, 36.60%, 10, 0, 4, 0.67, 206806, 97, 119340, 0
31512, 99, 0, 7, 0, 0, 36.60%, 10, 0, 4, 10.83, 206862, 97, 119371, 0
31517, 99, 0, 7, 0, 0, 36.60%, 10, 0, 4, 11.23, 206919, 97, 119410, 0
31523, 99, 0, 7, 0, 0, 36.60%, 10, 0, 4, 0.87, 206937, 97, 119417, 0
31528, 99, 0, 7, 0, 0, 36.60%, 10, 0, 4, 7.66, 206988, 97, 119447, 0
31533, 99, 0, 7, 0, 0, 36.60%, 10, 0, 4, 11.34, 207042, 97, 119475, 0
31539, 99, 0, 7, 0, 0, 36.60%, 10, 0, 4, 0.18, 207046, 97, 119478, 0
31545, 99, 5, 7, 0, 0, 36.60%, 10, 0, 4, 10.61, 207068, 97, 119495, 0
31550, 99, 5, 7, 0, 0, 36.60%, 10, 0, 4, 0.58, 207095, 97, 119514, 0
31555, 99, 5, 7, 0, 0, 36.60%, 10, 0, 4, 11.67, 207150, 97, 119552, 0
31561, 99, 5, 7, 0, 0, 36.60%, 10, 0, 4, 4.80, 207155, 97, 119555, 0
31566, 99, 5, 7, 0, 0, 36.60%, 10, 0, 4, 9.50, 207212, 97, 119589, 0
31571, 99, 3, 7, 0, 0, 36.60%, 10, 0, 4, 11.63, 207276, 97, 119615, 0
31576, 99, 3, 7, 0, 0, 36.60%, 10, 0, 4, 10.99, 207329, 97, 119652, 0
31581, 99, 3, 7, 0, 0, 36.60%, 10, 0, 4, 9.67, 207355, 97, 119669, 0
31589, 99, 3, 7, 0, 0, 36.60%, 10, 0, 4, 0.29, 207405, 97, 119697, 0
31595, 99, 1, 7, 0, 0, 36.60%, 10, 0, 4, 2.42, 207467, 97, 119728, 0
31601, 99, 1, 7, 0, 0, 36.60%, 10, 0, 4, 1.53, 207524, 97, 119759, 0
31606, 99, 1, 7, 0, 0, 36.60%, 10, 0, 4, 1.16, 207548, 97, 119770, 0
31614, 99, 1, 7, 0, 0, 36.60%, 10, 0, 4, 0.16, 207562, 97, 119779, 0
31619, 99, 1, 7, 0, 0, 36.60%, 10, 0, 4, 9.82, 207609, 97, 119810, 0
31624, 99, 3, 7, 0, 0, 36.60%, 10, 0, 4, 10.74, 207665, 97, 119846, 0
31629, 99, 3, 7, 0, 0, 36.60%, 10, 0, 4, 10.90, 207677, 97, 119853, 0
31636, 99, 3, 7, 0, 0, 36.60%, 10, 0, 4, 0.29, 207709, 97, 119876, 0
31641, 99, 3, 7, 0, 0, 36.60%, 10, 0, 4, 8.64, 207724, 97, 119885, 0
31647, 99, 3, 7, 0, 0, 36.60%, 10, 0, 4, 0.22, 207738, 97, 119893, 0
31657, 99, 3, 7, 0, 0, 36.60%, 10, 0, 4, 0.40, 207770, 97, 119917, 0
31662, 99, 3, 7, 0, 0, 36.60%, 10, 0, 4, 0.70, 207805, 97, 119938, 0
31672, 99, 3, 7, 0, 0, 36.60%, 10, 0, 4, 0.12, 207823, 97, 119951, 0
31680, 99, 2, 7, 0, 0, 36.60%, 10, 0, 4, 0.23, 207865, 97, 119974, 0
31685, 99, 2, 7, 0, 0, 36.60%, 10, 0, 4, 12.03, 207923, 97, 120007, 0
31690, 99, 2, 7, 0, 0, 36.60%, 10, 0, 4, 11.99, 207982, 97, 120041, 0
31698, 99, 2, 7, 0, 0, 36.60%, 10, 0, 4, 0.20, 208001, 97, 120055, 0
31706, 99, 2, 7, 0, 0, 36.60%, 10, 0, 4, 0.18, 208013, 97, 120063, 0
31711, 99, 2, 7, 0, 0, 36.60%, 10, 0, 4, 4.86, 208019, 97, 120068, 0
31717, 99, 2, 7, 0, 0, 36.60%, 10, 0, 4, 7.18, 208045, 97, 120078, 0
31722, 99, 5, 7, 0, 0, 36.60%, 10, 0, 4, 0.61, 208091, 97, 120102, 0
31727, 99, 5, 7, 0, 0, 36.60%, 10, 0, 4, 9.99, 208116, 97, 120119, 0
31733, 99, 5, 7, 0, 0, 36.60%, 10, 0, 4, 8.98, 208141, 97, 120135, 0
31740, 99, 5, 7, 0, 0, 36.60%, 10, 0, 4, 0.52, 208160, 97, 120147, 0
31745, 99, 5, 7, 0, 0, 36.60%, 10, 0, 4, 10.69, 208219, 97, 120177, 0
31750, 99, 4, 7, 0, 0, 36.60%, 10, 0, 4, 10.83, 208272, 97, 120204, 0
31757, 99, 4, 7, 0, 0, 36.60%, 10, 0, 4, 0.38, 208310, 97, 120228, 0
31762, 99, 4, 7, 0, 0, 36.60%, 10, 0, 4, 11.72, 208373, 97, 120260, 0
31767, 99, 4, 7, 0, 0, 36.60%, 10, 0, 4, 0.22, 208383, 97, 120265, 0
31772, 99, 4, 7, 0, 0, 36.60%, 10, 0, 4, 9.68, 208440, 97, 120298, 0
31779, 100, 6, 7, 0, 0, 36.60%, 10, 0, 4, 0.28, 208478, 97, 120317, 0
31784, 100, 6, 7, 0, 0, 36.60%, 10, 0, 4, 10.69, 208534, 97, 120355, 0
31791, 100, 6, 7, 0, 0, 36.60%, 10, 0, 4, 1.00, 208584, 97, 120381, 0
31796, 100, 6, 7, 0, 0, 36.60%, 10, 0, 4, 10.17, 208639, 97, 120409, 0
31802, 100, 6, 7, 0, 0, 36.60%, 10, 0, 4, 0.73, 208678, 97, 120435, 0
31809, 100, 6, 7, 0, 0, 36.60%, 10, 0, 4, 0.96, 208696, 97, 120447, 0
31816, 100, 6, 7, 0, 0, 36.60%, 10, 0, 4, 1.73, 208741, 97, 120472, 0
31821, 100, 6, 7, 0, 0, 36.60%, 10, 0, 4, 10.83, 208797, 97, 120510, 0
31826, 100, 6, 7, 0, 0, 36.60%, 10, 0, 4, 4.83, 208811, 97, 120518, 0
31832, 100, 0, 7, 0, 0, 36.60%, 10, 0, 4, 0.74, 208860, 97, 120542, 0
31837, 100, 0, 7, 0, 0, 36.60%, 10, 0, 4, 11.43, 208921, 97, 120575, 0
31842, 100, 0, 7, 0, 0, 36.60%, 10, 0, 4, 9.35, 208963, 97, 120599, 0
31848, 100, 0, 7, 0, 0, 36.60%, 10, 0, 4, 9.68, 209003, 97, 120626, 0
31853, 100, 0, 7, 0, 0, 36.60%, 10, 0, 4, 0.19, 209007, 97, 120629, 0
31858, 100, 0, 7, 0, 0, 36.60%, 10, 0, 4, 8.81, 209045, 97, 120654, 0
31863, 100, 5, 7, 0, 0, 36.60%, 10, 0, 4, 10.07, 209086, 97, 120680, 0
31871, 100, 5, 7, 0, 0, 36.60%, 10, 0, 4, 0.21, 209127, 97, 120705, 0
31877, 100, 5, 7, 0, 0, 36.60%, 10, 0, 4, 1.16, 209170, 97, 120734, 0
31883, 100, 5, 7, 0, 0, 36.60%, 10, 0, 4, 13.78, 209208, 97, 120756, 0
31894, 100, 5, 7, 0, 0, 36.60%, 10, 0, 4, 0.14, 209248, 97, 120777, 0
31899, 100, 0, 7, 0, 0, 36.60%, 10, 0, 4, 10.37, 209308, 97, 120806, 0
31906, 100, 0, 7, 0, 0, 36.60%, 10, 0, 4, 1.05, 209364, 97, 120838, 0
31911, 100, 0, 7, 0, 0, 36.60%, 10, 0, 4, 0.62, 209402, 97, 120859, 0
31917, 100, 0, 7, 0, 0, 36.60%, 10, 0, 4, 0.96, 209432, 97, 120876, 0
31922, 100, 2, 7, 0, 0, 36.60%, 10, 0, 4, 11.17, 209490, 97, 120906, 0
31935, 100, 2, 7, 0, 0, 36.60%, 10, 0, 4, 0.23, 209532, 97, 120934, 0
31942, 100, 2, 7, 0, 0, 36.60%, 10, 0, 4, 0.18, 209552, 97, 120943, 0
31948, 100, 2, 7, 0, 0, 36.60%, 10, 0, 4, 8.82, 209607, 97, 120974, 0
31953, 100, 3, 7, 0, 0, 36.60%, 10, 0, 4, 10.53, 209655, 97, 121002, 0
31958, 100, 3, 7, 0, 0, 36.60%, 10, 0, 4, 0.95, 209704, 97, 121030, 0
31963, 100, 3, 7, 0, 0, 36.60%, 10, 0, 4, 15.15, 209729, 97, 121045, 0
31968, 100, 3, 7, 0, 0, 36.60%, 10, 0, 4, 15.38, 209761, 97, 121061, 0
31973, 100, 3, 7, 0, 0, 36.60%, 10, 0, 4, 12.71, 209813, 97, 121091, 0
31980, 100, 4, 7, 0, 0, 36.60%, 10, 0, 4, 0.75, 209858, 97, 121119, 0
31987, 100, 4, 7, 0, 0, 36.60%, 10, 0, 4, 0.43, 209909, 97, 121149, 0
31995, 100, 4, 7, 0, 0, 36.60%, 10, 0, 4, 0.48, 209941, 97, 121169, 0
32000, 100, 4, 7, 0, 0, 36.60%, 10, 0, 4, 12.89, 209995, 97, 121202, 0
32005, 100, 5, 7, 0, 0, 36.60%, 10, 0, 4, 11.92, 210053, 97, 121236, 0
32010, 100, 5, 7, 0, 0, 36.60%, 10, 0, 4, 9.65, 210094, 97, 121261, 0
32016, 100, 5, 7, 0, 0, 36.60%, 10, 0, 4, 12.28, 210136, 97, 121281, 0
32021, 100, 5, 7, 0, 0, 36.60%, 10, 0, 4, 11.35, 210191, 97, 121315, 0
32026, 100, 5, 7, 0, 0, 36.60%, 10, 0, 4, 11.09, 210248, 97, 121350, 0
32034, 100, 5, 7, 0, 0, 36.60%, 10, 0, 4, 0.66, 210298, 97, 121374, 0
32040, 100, 5, 7, 0, 0, 36.60%, 10, 0, 4, 8.03, 210320, 97, 121391, 0
32045, 100, 5, 7, 0, 0, 36.60%, 10, 0, 4, 11.81, 210371, 97, 121418, 0
32050, 100, 5, 7, 0, 0, 36.60%, 10, 0, 4, 10.90, 210418, 97, 121444, 0
32056, 101, 6, 7, 0, 0, 36.60%, 10, 0, 4, 0.54, 210454, 97, 121461, 0
32062, 101, 6, 7, 0, 0, 36.60%, 10, 0, 4, 11.12, 210510, 97, 121493, 0
32067, 101, 6, 7, 0, 0, 36.60%, 10, 0, 4, 0.45, 210520, 97, 121500, 0
32072, 101, 6, 7, 0, 0, 36.60%, 10, 0, 4, 4.90, 210522, 97, 121501, 0
32081, 101, 6, 7, 0, 0, 36.60%, 10, 0, 4, 0.53, 210563, 97, 121526, 0
32086, 101, 6, 7, 0, 0, 36.60%, 10, 0, 4, 8.62, 210611, 97, 121559, 0
32091, 101, 6, 7, 0, 0, 36.60%, 10, 0, 4, 10.70, 210668, 97, 121593, 0
32099, 101, 6, 7, 0, 0, 36.60%, 10, 0, 4, 0.51, 210691, 97, 121605, 0
32105, 101, 6, 7, 0, 0, 36.60%, 10, 0, 4, 0.44, 210714, 97, 121618, 0
32110, 101, 6, 7, 0, 0, 36.60%, 10, 0, 4, 11.36, 210772, 97, 121651, 0
32119, 101, 6, 7, 0, 0, 36.60%, 10, 0, 4, 0.60, 210815, 97, 121676, 0
32124, 101, 5, 7, 0, 0, 36.60%, 10, 0, 4, 12.50, 210876, 97, 121709, 0
32129, 101, 5, 7, 0, 0, 36.60%, 10, 0, 4, 12.66, 210944, 97, 121742, 0
32134, 101, 5, 7, 0, 0, 36.60%, 10, 0, 4, 11.89, 211003, 97, 121775, 0
32142, 101, 5, 7, 0, 0, 36.60%, 10, 0, 4, 0.38, 211031, 97, 121793, 0
32149, 101, 3, 7, 0, 0, 36.60%, 10, 0, 4, 0.82, 211077, 97, 121821, 0
32154, 101, 3, 7, 0, 0, 36.60%, 10, 0, 4, 10.57, 211133, 97, 121858, 0
32162, 101, 3, 7, 0, 0, 36.60%, 10, 0, 4, 0.63, 211185, 97, 121889, 0
32169, 101, 3, 7, 0, 0, 36.60%, 10, 0, 4, 0.45, 211206, 97, 121905, 0
32174, 101, 4, 7, 0, 0, 36.60%, 10, 0, 4, 12.21, 211265, 97, 121937, 0
32180, 101, 4, 7, 0, 0, 36.60%, 10, 0, 4, 11.43, 211321, 97, 121971, 0
32189, 101, 4, 7, 0, 0, 36.60%, 10, 0, 4, 0.51, 211339, 97, 121981, 0
32194, 101, 4, 7, 0, 0, 36.60%, 10, 0, 4, 10.00, 211389, 97, 122011, 0
32199, 101, 4, 7, 0, 0, 36.60%, 10, 0, 4, 0.74, 211424, 97, 122031, 0
32205, 101, 2, 7, 0, 0, 36.60%, 10, 0, 4, 11.04, 211483, 97, 122065, 0
32211, 101, 2, 7, 0, 0, 36.60%, 10, 0, 4, 0.25, 211515, 97, 122083, 0
32216, 101, 2, 7, 0, 0, 36.60%, 10, 0, 4, 9.57, 211539, 97, 122098, 0
32221, 101, 2, 7, 0, 0, 36.60%, 10, 0, 4, 13.47, 211584, 97, 122131, 0
32227, 101, 2, 7, 0, 0, 36.60%, 10, 0, 4, 1.44, 211633, 97, 122159, 0
32236, 101, 4, 7, 0, 0, 36.60%, 10, 0, 4, 0.59, 211673, 97, 122181, 0
32241, 101, 4, 7, 0, 0, 36.60%, 10, 0, 4, 9.73, 211730, 97, 122210, 0
32247, 101, 4, 7, 0, 0, 36.60%, 10, 0, 4, 0.42, 211736, 97, 122215, 0
32252, 101, 4, 7, 0, 0, 36.60%, 10, 0, 4, 11.21, 211797, 97, 122252, 0
32257, 101, 4, 7, 0, 0, 36.60%, 10, 0, 4, 5.94, 211812, 97, 122262, 0
32262, 101, 3, 7, 0, 0, 36.60%, 10, 0, 4, 20.00, 211857, 97, 122281, 0
32272, 101, 3, 7, 0, 0, 36.60%, 10, 0, 4, 0.63, 211923, 97, 122312, 0
32277, 101, 3, 7, 0, 0, 36.60%, 10, 0, 4, 11.98, 211949, 97, 122327, 0
32282, 101, 3, 7, 0, 0, 36.60%, 10, 0, 4, 0.22, 211962, 97, 122335, 0
32287, 101, 3, 7, 0, 0, 36.60%, 10, 0, 4, 12.68, 212021, 97, 122369, 0
32293, 101, 4, 7, 0, 0, 36.60%, 10, 0, 4, 0.69, 212050, 97, 122388, 0
32298, 101, 4, 7, 0, 0, 36.60%, 10, 0, 4, 10.60, 212106, 97, 122425, 0
32303, 101, 4, 7, 0, 0, 36.60%, 10, 0, 4, 12.49, 212171, 97, 122456, 0
32308, 101, 4, 7, 0, 0, 36.60%, 10, 0, 4, 11.81, 212229, 97, 122493, 0
32313, 101, 3, 7, 0, 0, 36.60%, 10, 0, 4, 11.41, 212287, 97, 122527, 0
32318, 101, 3, 7, 0, 0, 36.60%, 10, 0, 4, 11.69, 212348, 97, 122556, 0
32325, 101, 3, 7, 0, 0, 36.60%, 10, 0, 4, 1.07, 212391, 97, 122580, 0
32331, 101, 3, 7, 0, 0, 36.60%, 10, 0, 4, 10.00, 212447, 97, 122618, 0
32336, 102, 4, 7, 0, 0, 36.60%, 10, 0, 4, 10.83, 212466, 97, 122632, 0
32342, 102, 4, 7, 0, 0, 36.60%, 10, 0, 4, 0.18, 212471, 97, 122637, 0
32347, 102, 4, 7, 0, 0, 36.60%, 10, 0, 4, 11.64, 212527, 97, 122664, 0
32352, 102, 4, 7, 0, 0, 36.60%, 10, 0, 4, 11.36, 212587, 97, 122696, 0
32357, 102, 4, 7, 0, 0, 36.60%, 10, 0, 4, 10.28, 212635, 97, 122730, 0
32367, 102, 3, 7, 0, 0, 36.60%, 10, 0, 4, 0.52, 212678, 97, 122754, 0
32372, 102, 3, 7, 0, 0, 36.60%, 10, 0, 4, 18.69, 212718, 97, 122771, 0
32377, 102, 3, 7, 0, 0, 36.60%, 10, 0, 4, 0.36, 212750, 97, 122788, 0
32382, 102, 3, 7, 0, 0, 36.60%, 10, 0, 4, 11.09, 212787, 97, 122808, 0
32387, 102, 3, 7, 0, 0, 36.60%, 10, 0, 4, 11.15, 212843, 97, 122841, 0
32392, 102, 3, 7, 0, 0, 36.60%, 10, 0, 4, 11.90, 212896, 97, 122868, 0
32398, 102, 3, 7, 0, 0, 36.60%, 10, 0, 4, 12.54, 212963, 97, 122897, 0
32403, 102, 3, 7, 0, 0, 36.60%, 10, 0, 4, 12.28, 213024, 97, 122928, 0
32408, 102, 4, 7, 0, 0, 36.60%, 10, 0, 4, 10.68, 213073, 97, 122959, 0
32413, 102, 4, 7, 0, 0, 36.60%, 10, 0, 4, 10.73, 213127, 97, 122993, 0
32419, 102, 4, 7, 0, 0, 36.60%, 10, 0, 4, 0.44, 213142, 97, 123004, 0
32425, 102, 4, 7, 0, 0, 36.60%, 10, 0, 4, 0.43, 213190, 97, 123028, 0
32430, 102, 4, 7, 0, 0, 36.60%, 10, 0, 4, 8.82, 213230, 97, 123054, 0
32435, 102, 0, 7, 0, 0, 36.60%, 10, 0, 4, 10.67, 213286, 97, 123087, 0
32440, 102, 0, 7, 0, 0, 36.60%, 10, 0, 4, 10.97, 213343, 97, 123118, 0
32446, 102, 0, 7, 0, 0, 36.60%, 10, 0, 4, 11.29, 213365, 97, 123132, 0
32451, 102, 0, 7, 0, 0, 36.60%, 10, 0, 4, 0.53, 213376, 97, 123137, 0
32456, 102, 0, 7, 0, 0, 36.60%, 10, 0, 4, 9.86, 213422, 97, 123164, 0
32464, 102, 5, 7, 0, 0, 36.60%, 10, 0, 4, 0.67, 213467, 97, 123184, 0
32470, 102, 5, 7, 0, 0, 36.60%, 10, 0, 4, 1.87, 213502, 97, 123203, 0
32475, 102, 5, 7, 0, 0, 36.60%, 10, 0, 4, 13.98, 213544, 97, 123223, 0
32485, 102, 5, 7, 0, 0, 36.60%, 10, 0, 4, 0.42, 213581, 97, 123245, 0
32490, 102, 5, 7, 0, 0, 36.60%, 10, 0, 4, 11.64, 213611, 97, 123258, 0
32496, 102, 5, 7, 0, 0, 36.60%, 10, 0, 4, 0.17, 213613, 97, 123260, 0
32504, 102, 2, 7, 0, 0, 36.60%, 10, 0, 4, 0.56, 213660, 97, 123290, 0
32509, 102, 2, 7, 0, 0, 36.60%, 10, 0, 4, 9.67, 213673, 97, 123297, 0
32515, 102, 2, 7, 0, 0, 36.60%, 10, 0, 4, 1.33, 213689, 97, 123310, 0
32520, 102, 2, 7, 0, 0, 36.60%, 10, 0, 4, 10.86, 213749, 97, 123345, 0
32529, 102, 2, 7, 0, 0, 36.60%, 10, 0, 4, 0.67, 213782, 97, 123366, 0
32534, 102, 2, 7, 0, 0, 36.60%, 10, 0, 4, 9.82, 213835, 97, 123397, 0
32539, 102, 5, 7, 0, 0, 36.60%, 10, 0, 4, 10.46, 213891, 97, 123433, 0
32544, 102, 5, 7, 0, 0, 36.60%, 10, 0, 4, 10.70, 213917, 97, 123449, 0
32550, 102, 5, 7, 0, 0, 36.60%, 10, 0, 4, 0.63, 213973, 97, 123477, 0
32558, 102, 5, 7, 0, 0, 36.60%, 10, 0, 4, 0.68, 214006, 97, 123495, 0
32565, 102, 5, 7, 0, 0, 36.60%, 10, 0, 4, 0.23, 214043, 97, 123513, 0
32573, 102, 6, 7, 0, 0, 36.60%, 10, 0, 4, 0.29, 214081, 97, 123539, 0
32578, 102, 6, 7, 0, 0, 36.60%, 10, 0, 4, 9.71, 214131, 97, 123571, 0
32591, 102, 6, 7, 0, 0, 36.60%, 10, 0, 4, 0.13, 214162, 97, 123594, 0
32597, 102, 6, 7, 0, 0, 36.60%, 10, 0, 4, 3.72, 214199, 97, 123617, 0
32605, 102, 6, 7, 0, 0, 36.60%, 10, 0, 4, 0.23, 214238, 97, 123645, 0
32611, 102, 6, 7, 0, 0, 36.60%, 10, 0, 4, 5.68, 214274, 97, 123669, 0
32616, 102, 6, 7, 0, 0, 36.60%, 10, 0, 4, 9.88, 214313, 97, 123693, 0
32621, 102, 6, 7, 0, 0, 36.60%, 10, 0, 4, 11.23, 214373, 97, 123722, 0
32626, 102, 6, 7, 0, 0, 36.60%, 10, 0, 4, 10.91, 214416, 97, 123744, 0
32633, 102, 6, 7, 0, 0, 36.60%, 10, 0, 4, 0.67, 214443, 97, 123759, 0
32640, 103, 1, 7, 0, 0, 36.60%, 10, 0, 4, 0.22, 214481, 97, 123781, 0
32647, 103, 1, 7, 0, 0, 36.60%, 10, 0, 4, 0.72, 214528, 97, 123810, 0
32652, 103, 1, 7, 0, 0, 36.60%, 10, 0, 4, 11.70, 214582, 97, 123842, 0
32658, 103, 1, 7, 0, 0, 36.60%, 10, 0, 4, 11.04, 214636, 97, 123873, 0
32664, 103, 2, 7, 0, 0, 36.60%, 10, 0, 4, 0.36, 214684, 97, 123898, 0
32669, 103, 2, 7, 0, 0, 36.60%, 10, 0, 4, 11.87, 214744, 97, 123932, 0
32677, 103, 2, 7, 0, 0, 36.60%, 10, 0, 4, 1.28, 214782, 97, 123950, 0
32682, 103, 2, 7, 0, 0, 36.60%, 10, 0, 4, 12.91, 214841, 97, 123982, 0
32687, 103, 3, 7, 0, 0, 36.60%, 10, 0, 4, 12.67, 214906, 97, 124014, 0
32692, 103, 3, 7, 0, 0, 36.60%, 10, 0, 4, 11.70, 214959, 97, 124043, 0
32698, 103, 3, 7, 0, 0, 36.60%, 10, 0, 4, 0.44, 214972, 97, 124051, 0
32708, 103, 3, 7, 0, 0, 36.60%, 10, 0, 4, 0.18, 215030, 97, 124084, 0
32713, 103, 6, 7, 0, 0, 36.60%, 10, 0, 4, 11.70, 215069, 97, 124104, 0
32721, 103, 6, 7, 0, 0, 36.60%, 10, 0, 4, 0.68, 215087, 97, 124114, 0
32726, 103, 6, 7, 0, 0, 36.60%, 10, 0, 4, 9.99, 215126, 97, 124138, 0
32731, 103, 6, 7, 0, 0, 36.60%, 10, 0, 4, 9.40, 215167, 97, 124161, 0
32736, 103, 6, 7, 0, 0, 36.60%, 10, 0, 4, 11.21, 215226, 97, 124190, 0
32742, 103, 6, 7, 0, 0, 36.60%, 10, 0, 4, 1.70, 215277, 97, 124215, 0
32747, 103, 6, 7, 0, 0, 36.60%, 10, 0, 4, 12.56, 215328, 97, 124240, 0
32752, 103, 6, 7, 0, 0, 36.60%, 10, 0, 4, 14.03, 215363, 97, 124257, 0
32757, 103, 6, 7, 0, 0, 36.60%, 10, 0, 4, 9.62, 215390, 97, 124271, 0
32762, 103, 5, 7, 0, 0, 36.60%, 10, 0, 4, 11.70, 215451, 97, 124305, 0
32772, 103, 5, 7, 0, 0, 36.60%, 10, 0, 4, 0.51, 215496, 97, 124333, 0
32777, 103, 5, 7, 0, 0, 36.60%, 10, 0, 4, 0.72, 215521, 97, 124345, 0
32783, 103, 5, 7, 0, 0, 36.60%, 10, 0, 4, 0.19, 215527, 97, 124350, 0
32791, 103, 5, 7, 0, 0, 36.60%, 10, 0, 4, 0.30, 215538, 97, 124357, 0
32796, 103, 5, 7, 0, 0, 36.60%, 10, 0, 4, 10.01, 215584, 97, 124385, 0
32801, 103, 5, 7, 0, 0, 36.60%, 10, 0, 4, 10.66, 215639, 97, 124419, 0
32806, 103, 3, 7, 0, 0, 36.60%, 10, 0, 4, 13.49, 215662, 97, 124432, 0
32812, 103, 3, 7, 0, 0, 36.60%, 10, 0, 4, 12.15, 215726, 97, 124463, 0
32817, 103, 3, 7, 0, 0, 36.60%, 10, 0, 4, 10.31, 215776, 97, 124495, 0
32823, 103, 3, 7, 0, 0, 36.60%, 10, 0, 4, 0.59, 215784, 97, 124499, 0
32835, 103, 3, 7, 0, 0, 36.60%, 10, 0, 4, 0.35, 215831, 97, 124530, 0
32842, 103, 3, 7, 0, 0, 36.60%, 10, 0, 4, 0.58, 215865, 97, 124547, 0
32847, 103, 3, 7, 0, 0, 36.60%, 10, 0, 4, 10.67, 215924, 97, 124582, 0
32852, 103, 3, 7, 0, 0, 36.60%, 10, 0, 4, 13.70, 215945, 97, 124591, 0
32857, 103, 3, 7, 0, 0, 36.60%, 10, 0, 4, 11.01, 215996, 97, 124628, 0
32864, 103, 3, 7, 0, 0, 36.60%, 10, 0, 4, 0.64, 216037, 97, 124649, 0
32869, 103, 0, 7, 0, 0, 36.60%, 10, 0, 4, 10.49, 216093, 97, 124682, 0
32875, 103, 0, 7, 0, 0, 36.60%, 10, 0, 4, 0.25, 216109, 97, 124692, 0
32880, 103, 0, 7, 0, 0, 36.60%, 10, 0, 4, 2.02, 216166, 97, 124724, 0
32886, 103, 0, 7, 0, 0, 36.60%, 10, 0, 4, 0.41, 216173, 97, 124729, 0
32896, 103, 0, 7, 0, 0, 36.60%, 10, 0, 4, 0.19, 216223, 97, 124761, 0
32901, 103, 0, 7, 0, 0, 36.60%, 10, 0, 4, 0.19, 216224, 97, 124762, 0
32907, 103, 4, 7, 0, 0, 36.60%, 10, 0, 4, 0.59, 216253, 97, 124778, 0
32912, 103, 4, 7, 0, 0, 36.60%, 10, 0, 4, 11.26, 216308, 97, 124808, 0
32917, 103, 4, 7, 0, 0, 36.60%, 10, 0, 4, 12.05, 216369, 97, 124838, 0
32922, 103, 4, 7, 0, 0, 36.60%, 10, 0, 4, 10.16, 216415, 97, 124874, 0
32928, 104, 2, 7, 0, 0, 36.60%, 10, 0, 4, 1.10, 216453, 97, 124898, 0
32935, 104, 2, 7, 0, 0, 36.60%, 10, 0, 4, 0.23, 216485, 97, 124917, 0
32942, 104, 2, 7, 0, 0, 36.60%, 10, 0, 4, 0.18, 216506, 97, 124930, 0
32948, 104, 2, 7, 0, 0, 36.60%, 10, 0, 4, 0.23, 216518, 97, 124938, 0
32954, 104, 2, 7, 0, 0, 36.60%, 10, 0, 4, 0.34, 216525, 97, 124943, 0
32962, 104, 2, 7, 0, 0, 36.60%, 10, 0, 4, 1.41, 216537, 97, 124947, 0
32967, 104, 2, 7, 0, 0, 36.60%, 10, 0, 4, 10.93, 216594, 97, 124980, 0
32974, 104, 2, 7, 0, 0, 36.60%, 10, 0, 4, 0.49, 216648, 97, 125015, 0
32981, 104, 0, 7, 0, 0, 36.60%, 10, 0, 4, 1.06, 216702, 97, 125045, 0
32986, 104, 0, 7, 0, 0, 36.60%, 10, 0, 4, 10.91, 216757, 97, 125080, 0
32991, 104, 0, 7, 0, 0, 36.60%, 10, 0, 4, 10.72, 216812, 97, 125114, 0
32996, 104, 4, 7, 0, 0, 36.60%, 10, 0, 4, 11.49, 216869, 97, 125144, 0
33001, 104, 4, 7, 0, 0, 36.60%, 10, 0, 4, 10.89, 216924, 97, 125181, 0
33006, 104, 4, 7, 0, 0, 36.60%, 10, 0, 4, 11.51, 216975, 97, 125205, 0
33014, 104, 4, 7, 0, 0, 36.60%, 10, 0, 4, 0.94, 217026, 97, 125234, 0
33019, 104, 6, 7, 0, 0, 36.60%, 10, 0, 4, 1.17, 217072, 97, 125263, 0
33024, 104, 6, 7, 0, 0, 36.60%, 10, 0, 4, 11.24, 217108, 97, 125282, 0
33029, 104, 6, 7, 0, 0, 36.60%, 10, 0, 4, 12.80, 217130, 97, 125294, 0
33035, 104, 6, 7, 0, 0, 36.60%, 10, 0, 4, 12.22, 217191, 97, 125332, 0
33043, 104, 6, 7, 0, 0, 36.60%, 10, 0, 4, 0.13, 217199, 97, 125336, 0
33053, 104, 6, 7, 0, 0, 36.60%, 10, 0, 4, 0.59, 217226, 97, 125355, 0
33060, 104, 6, 7, 0, 0, 36.60%, 10, 0, 4, 0.23, 217245, 97, 125369, 0
33068, 104, 6, 7, 0, 0, 36.60%, 10, 0, 4, 0.26, 217294, 97, 125397, 0
33075, 104, 6, 7, 0, 0, 36.60%, 10, 0, 4, 0.23, 217323, 97, 125417, 0
33082, 104, 6, 7, 0, 0, 36.60%, 10, 0, 4, 0.92, 217349, 97, 125433, 0
33089, 104, 6, 7, 0, 0, 36.60%, 10, 0, 4, 0.25, 217388, 97, 125460, 0
33094, 104, 6, 7, 0, 0, 36.60%, 10, 0, 4, 10.25, 217409, 97, 125475, 0
33101, 104, 0, 7, 0, 0, 36.60%, 10, 0, 4, 0.91, 217468, 97, 125508, 0
33106, 104, 0, 7, 0, 0, 36.60%, 10, 0, 4, 11.41, 217479, 97, 125516, 0
33116, 104, 0, 7, 0, 0, 36.60%, 10, 0, 4, 0.20, 217500, 97, 125527, 0
33121, 104, 0, 7, 0, 0, 36.60%, 10, 0, 4, 5.00, 217508, 97, 125532, 0
33129, 104, 0, 7, 0, 0, 36.60%, 10, 0, 4, 0.26, 217541, 97, 125551, 0
33136, 104, 0, 7, 0, 0, 36.60%, 10, 0, 4, 0.36, 217589, 97, 125579, 0
33143, 104, 0, 7, 0, 0, 36.60%, 10, 0, 4, 0.36, 217641, 97, 125603, 0
33149, 104, 6, 7, 0, 0, 36.60%, 10, 0, 4, 8.88, 217693, 97, 125627, 0
33158, 104, 6, 7, 0, 0, 36.60%, 10, 0, 4, 0.11, 217696, 97, 125630, 0
33163, 104, 6, 7, 0, 0, 36.60%, 10, 0, 4, 8.88, 217748, 97, 125663, 0
33169, 104, 6, 7, 0, 0, 36.60%, 10, 0, 4, 0.99, 217803, 97, 125697, 0
33177, 104, 6, 7, 0, 0, 36.60%, 10, 0, 4, 0.36, 217836, 97, 125717, 0
33182, 104, 6, 7, 0, 0, 36.60%, 10, 0, 4, 10.31, 217897, 97, 125750, 0
33188, 104, 6, 7, 0, 0, 36.60%, 10, 0, 4, 11.37, 217959, 97, 125784, 0
33193, 104, 6, 7, 0, 0, 36.60%, 10, 0, 4, 11.47, 218014, 97, 125815, 0
33199, 104, 6, 7, 0, 0, 36.60%, 10, 0, 4, 0.67, 218022, 97, 125819, 0
33206, 104, 6, 7, 0, 0, 36.60%, 10, 0, 4, 0.17, 218033, 97, 125827, 0
33214, 104, 2, 7, 0, 0, 36.60%, 10, 0, 4, 0.32, 218089, 97, 125855, 0
33219, 104, 2, 7, 0, 0, 36.60%, 10, 0, 4, 11.13, 218144, 97, 125888, 0
33225, 104, 2, 7, 0, 0, 36.60%, 10, 0, 4, 12.20, 218195, 97, 125920, 0
33230, 104, 6, 7, 0, 0, 36.60%, 10, 0, 4, 11.86, 218253, 97, 125951, 0
33235, 104, 6, 7, 0, 0, 36.60%, 10, 0, 4, 11.21, 218310, 97, 125984, 0
33242, 104, 6, 7, 0, 0, 36.60%, 10, 0, 4, 0.87, 218342, 97, 126005, 0
33248, 104, 6, 7, 0, 0, 36.60%, 10, 0, 4, 0.80, 218373, 97, 126026, 0
33253, 104, 6, 7, 0, 0, 36.60%, 10, 0, 4, 0.20, 218384, 97, 126033, 0
33260, 104, 6, 7, 0, 0, 36.60%, 10, 0, 4, 0.18, 218401, 97, 126041, 0
33269, 104, 6, 7, 0, 0, 36.60%, 10, 0, 4, 0.19, 218446, 97, 126066, 0
33276, 104, 6, 7, 0, 0, 36.60%, 10, 0, 4, 0.26, 218470, 97, 126081, 0
33282, 104, 6, 7, 0, 0, 36.60%, 10, 0, 4, 7.56, 218514, 97, 126106, 0
33287, 104, 6, 7, 0, 0, 36.60%, 10, 0, 4, 10.99, 218570, 97, 126134, 0
33294, 104, 6, 7, 0, 0, 36.60%, 10, 0, 4, 0.90, 218609, 97, 126157, 0
33300, 104, 0, 7, 0, 0, 36.60%, 10, 0, 4, 11.66, 218665, 97, 126191, 0
33305, 104, 0, 7, 0, 0, 36.60%, 10, 0, 4, 13.92, 218701, 97, 126209, 0
33310, 104, 0, 7, 0, 0, 36.60%, 10, 0, 4, 12.46, 218760, 97, 126241, 0
33315, 104, 0, 7, 0, 0, 36.60%, 10, 0, 4, 12.89, 218825, 97, 126269, 0
33320, 105, 4, 7, 0, 0, 36.60%, 10, 0, 4, 11.90, 218884, 97, 126299, 0
33326, 105, 4, 7, 0, 0, 36.60%, 10, 0, 4, 0.24, 218901, 97, 126308, 0
33331, 105, 4, 7, 0, 0, 36.60%, 10, 0, 4, 9.94, 218959, 97, 126342, 0
33339, 105, 4, 7, 0, 0, 36.60%, 10, 0, 4, 0.82, 219003, 97, 126368, 0
33348, 105, 4, 7, 0, 0, 36.60%, 10, 0, 4, 0.35, 219039, 97, 126384, 0
33358, 105, 3, 7, 0, 0, 36.60%, 10, 0, 4, 0.17, 219092, 97, 126416, 0
33363, 105, 3, 7, 0, 0, 36.60%, 10, 0, 4, 11.02, 219148, 97, 126452, 0
33369, 105, 3, 7, 0, 0, 36.60%, 10, 0, 4, 1.30, 219173, 97, 126466, 0
33377, 105, 3, 7, 0, 0, 36.60%, 10, 0, 4, 0.45, 219205, 97, 126486, 0
33387, 105, 6, 7, 0, 0, 36.60%, 10, 0, 4, 0.17, 219257, 97, 126516, 0
33392, 105, 6, 7, 0, 0, 36.60%, 10, 0, 4, 10.36, 219317, 97, 126547, 0
33397, 105, 6, 7, 0, 0, 36.60%, 10, 0, 4, 13.80, 219362, 97, 126570, 0
33403, 105, 6, 7, 0, 0, 36.60%, 10, 0, 4, 12.01, 219418, 97, 126603, 0
33410, 105, 6, 7, 0, 0, 36.60%, 10, 0, 4, 0.23, 219449, 97, 126622, 0
33416, 105, 6, 7, 0, 0, 36.60%, 10, 0, 4, 0.70, 219470, 97, 126635, 0
33421, 105, 6, 7, 0, 0, 36.60%, 10, 0, 4, 2.20, 219496, 97, 126648, 0
33427, 105, 6, 7, 0, 0, 36.60%, 10, 0, 4, 15.62, 219539, 97, 126670, 0
33432, 105, 6, 7, 0, 0, 36.60%, 10, 0, 4, 2.71, 219585, 97, 126696, 0
33437, 105, 6, 7, 0, 0, 36.60%, 10, 0, 4, 9.16, 219642, 97, 126731, 0
33447, 105, 3, 7, 0, 0, 36.60%, 10, 0, 4, 0.41, 219650, 97, 126733, 0
33455, 105, 3, 7, 0, 0, 36.60%, 10, 0, 4, 0.80, 219705, 97, 126762, 0
33460, 105, 3, 7, 0, 0, 36.60%, 10, 0, 4, 0.67, 219713, 97, 126769, 0
33465, 105, 3, 7, 0, 0, 36.60%, 10, 0, 4, 9.40, 219736, 97, 126786, 0
33470, 105, 3, 7, 0, 0, 36.60%, 10, 0, 4, 12.82, 219780, 97, 126809, 0
33475, 105, 3, 7, 0, 0, 36.60%, 10, 0, 4, 0.42, 219820, 97, 126826, 0
33482, 105, 3, 7, 0, 0, 36.60%, 10, 0, 4, 0.18, 219838, 97, 126836, 0
33488, 105, 3, 7, 0, 0, 36.60%, 10, 0, 4, 11.82, 219893, 97, 126866, 0
33493, 105, 3, 7, 0, 0, 36.60%, 10, 0, 4, 8.35, 219931, 97, 126892, 0
33498, 105, 3, 7, 0, 0, 36.60%, 10, 0, 4, 10.71, 219981, 97, 126919, 0
33507, 105, 3, 7, 0, 0, 36.60%, 10, 0, 4, 0.26, 219997, 97, 126929, 0
33512, 105, 4, 7, 0, 0, 36.60%, 10, 0, 4, 8.85, 220052, 97, 126963, 0
33517, 105, 4, 7, 0, 0, 36.60%, 10, 0, 4, 10.17, 220091, 97, 126987, 0
33522, 105, 4, 7, 0, 0, 36.60%, 10, 0, 4, 7.55, 220136, 97, 127013, 0
33528, 105, 4, 7, 0, 0, 36.60%, 10, 0, 4, 0.67, 220156, 97, 127027, 0
33534, 105, 4, 7, 0, 0, 36.60%, 10, 0, 4, 12.22, 220217, 97, 127059, 0
33540, 105, 4, 7, 0, 0, 36.60%, 10, 0, 4, 0.51, 220232, 97, 127064, 0
33545, 105, 1, 7, 0, 0, 36.60%, 10, 0, 4, 10.52, 220276, 97, 127092, 0
33552, 105, 1, 7, 0, 0, 36.60%, 10, 0, 4, 0.48, 220335, 97, 127121, 0
33560, 105, 1, 7, 0, 0, 36.60%, 10, 0, 4, 0.77, 220374, 97, 127148, 0
33566, 105, 1, 7, 0, 0, 36.60%, 10, 0, 4, 11.20, 220436, 97, 127185, 0
33571, 105, 6, 7, 0, 0, 36.60%, 10, 0, 4, 11.44, 220494, 97, 127221, 0
33576, 105, 6, 7, 0, 0, 36.60%, 10, 0, 4, 0.43, 220509, 97, 127232, 0
33584, 105, 6, 7, 0, 0, 36.60%, 10, 0, 4, 0.32, 220554, 97, 127256, 0
33590, 105, 6, 7, 0, 0, 36.60%, 10, 0, 4, 0.66, 220595, 97, 127271, 0
33595, 105, 6, 7, 0, 0, 36.60%, 10, 0, 4, 12.39, 220625, 97, 127296, 0
33601, 105, 6, 7, 0, 0, 36.60%, 10, 0, 4, 0.64, 220663, 97, 127316, 0
33606, 105, 6, 7, 0, 0, 36.60%, 10, 0, 4, 12.20, 220717, 97, 127340, 0
33611, 105, 6, 7, 0, 0, 36.60%, 10, 0, 4, 11.25, 220771, 97, 127373, 0
33617, 105, 6, 7, 0, 0, 36.60%, 10, 0, 4, 0.96, 220798, 97, 127393, 0
33623, 105, 6, 7, 0, 0, 36.60%, 10, 0, 4, 0.76, 220829, 97, 127415, 0
33628, 105, 4, 7, 0, 0, 36.60%, 10, 0, 4, 11.33, 220857, 97, 127435, 0
33633, 105, 4, 7, 0, 0, 36.60%, 10, 0, 4, 13.57, 220896, 97, 127454, 0
33638, 105, 4, 7, 0, 0, 36.60%, 10, 0, 4, 12.12, 220955, 97, 127487, 0
33643, 105, 4, 7, 0, 0, 36.60%, 10, 0, 4, 12.00, 221015, 97, 127521, 0
33648, 106, 5, 7, 0, 0, 36.60%, 10, 0, 4, 10.76, 221068, 97, 127554, 0
33654, 106, 5, 7, 0, 0, 36.60%, 10, 0, 4, 11.94, 221128, 97, 127583, 0
33659, 106, 5, 7, 0, 0, 36.60%, 10, 0, 4, 11.72, 221188, 97, 127617, 0
33664, 106, 5, 7, 0, 0, 36.60%, 10, 0, 4, 10.95, 221239, 97, 127639, 0
33669, 106, 6, 7, 0, 0, 36.60%, 10, 0, 4, 12.03, 221298, 97, 127665, 0
33677, 106, 6, 7, 0, 0, 36.60%, 10, 0, 4, 0.36, 221325, 97, 127683, 0
33682, 106, 6, 7, 0, 0, 36.60%, 10, 0, 4, 8.93, 221375, 97, 127714, 0
33689, 106, 6, 7, 0, 0, 36.60%, 10, 0, 4, 0.17, 221390, 97, 127723, 0
33694, 106, 6, 7, 0, 0, 36.60%, 10, 0, 4, 11.38, 221446, 97, 127757, 0
33699, 106, 6, 7, 0, 0, 36.60%, 10, 0, 4, 0.97, 221471, 97, 127772, 0
33705, 106, 6, 7, 0, 0, 36.60%, 10, 0, 4, 0.76, 221502, 97, 127791, 0
33711, 106, 6, 7, 0, 0, 36.60%, 10, 0, 4, 0.69, 221537, 97, 127817, 0
33716, 106, 6, 7, 0, 0, 36.60%, 10, 0, 4, 1.07, 221558, 97, 127830, 0
33722, 106, 6, 7, 0, 0, 36.60%, 10, 0, 4, 0.22, 221571, 97, 127836, 0
33728, 106, 6, 7, 0, 0, 36.60%, 10, 0, 4, 0.43, 221606, 97, 127863, 0
33733, 106, 6, 7, 0, 0, 36.60%, 10, 0, 4, 11.85, 221648, 97, 127888, 0
33738, 106, 5, 7, 0, 0, 36.60%, 10, 0, 4, 0.89, 221686, 97, 127908, 0
33743, 106, 5, 7, 0, 0, 36.60%, 10, 0, 4, 14.25, 221715, 97, 127920, 0
33748, 106, 5, 7, 0, 0, 36.60%, 10, 0, 4, 12.32, 221773, 97, 127952, 0
33756, 106, 5, 7, 0, 0, 36.60%, 10, 0, 4, 0.58, 221824, 97, 127980, 0
33761, 106, 5, 7, 0, 0, 36.60%, 10, 0, 4, 11.24, 221882, 97, 128016, 0
33766, 106, 5, 7, 0, 0, 36.60%, 10, 0, 4, 11.58, 221943, 97, 128051, 0
33771, 106, 5, 7, 0, 0, 36.60%, 10, 0, 4, 13.70, 221973, 97, 128066, 0
33778, 106, 5, 7, 0, 0, 36.60%, 10, 0, 4, 0.71, 221993, 97, 128074, 0
33783, 106, 5, 7, 0, 0, 36.60%, 10, 0, 4, 9.43, 222048, 97, 128105, 0
33789, 106, 4, 7, 0, 0, 36.60%, 10, 0, 4, 1.44, 222089, 97, 128127, 0
33794, 106, 4, 7, 0, 0, 36.60%, 10, 0, 4, 9.78, 222143, 97, 128166, 0
33799, 106, 4, 7, 0, 0, 36.60%, 10, 0, 4, 13.82, 222198, 97, 128197, 0
33804, 106, 1, 7, 0, 0, 36.60%, 10, 0, 4, 12.01, 222259, 97, 128233, 0
33809, 106, 1, 7, 0, 0, 36.60%, 10, 0, 4, 5.74, 222271, 97, 128244, 0
33814, 106, 1, 7, 0, 0, 36.60%, 10, 0, 4, 4.37, 222276, 97, 128248, 0
33820, 106, 1, 7, 0, 0, 36.60%, 10, 0, 4, 10.89, 222338, 97, 128276, 0
33826, 106, 1, 7, 0, 0, 36.60%, 10, 0, 4, 0.51, 222372, 97, 128292, 0
33832, 106, 1, 7, 0, 0, 36.60%, 10, 0, 4, 0.60, 222416, 97, 128320, 0
33838, 106, 5, 7, 0, 0, 36.60%, 10, 0, 4, 0.32, 222450, 97, 128339, 0
33843, 106, 5, 7, 0, 0, 36.60%, 10, 0, 4, 11.32, 222507, 97, 128367, 0
33848, 106, 5, 7, 0, 0, 36.60%, 10, 0, 4, 11.08, 222563, 97, 128402, 0
33856, 106, 5, 7, 0, 0, 36.60%, 10, 0, 4, 0.52, 222588, 97, 128413, 0
33861, 106, 5, 7, 0, 0, 36.60%, 10, 0, 4, 10.37, 222636, 97, 128440, 0
33869, 106, 2, 7, 0, 0, 36.60%, 10, 0, 4, 0.23, 222676, 97, 128460, 0
33875, 106, 2, 7, 0, 0, 36.60%, 10, 0, 4, 1.12, 222731, 97, 128490, 0
33885, 106, 2, 7, 0, 0, 36.60%, 10, 0, 4, 0.36, 222778, 97, 128522, 0
33890, 106, 2, 7, 0, 0, 36.60%, 10, 0, 4, 9.29, 222801, 97, 128535, 0
33895, 106, 2, 7, 0, 0, 36.60%, 10, 0, 4, 11.38, 222827, 97, 128549, 0
33900, 106, 5, 7, 0, 0, 36.60%, 10, 0, 4, 11.25, 222868, 97, 128576, 0
33905, 106, 5, 7, 0, 0, 36.60%, 10, 0, 4, 10.22, 222919, 97, 128610, 0
33912, 106, 5, 7, 0, 0, 36.60%, 10, 0, 4, 0.37, 222959, 97, 128636, 0
33917, 106, 5, 7, 0, 0, 36.60%, 10, 0, 4, 0.38, 222962, 97, 128638, 0
33923, 106, 5, 7, 0, 0, 36.60%, 10, 0, 4, 0.42, 222973, 97, 128644, 0
33928, 106, 5, 7, 0, 0, 36.60%, 10, 0, 4, 0.58, 222976, 97, 128646, 0
33933, 106, 5, 7, 0, 0, 36.60%, 10, 0, 4, 11.18, 223013, 97, 128665, 0
33938, 107, 3, 7, 0, 0, 36.60%, 10, 0, 4, 1.86, 223058, 97, 128692, 0
33944, 107, 3, 7, 0, 0, 36.60%, 10, 0, 4, 9.11, 223089, 97, 128713, 0
33954, 107, 3, 7, 0, 0, 36.60%, 10, 0, 4, 0.18, 223145, 97, 128746, 0
33960, 107, 3, 7, 0, 0, 36.60%, 10, 0, 4, 0.77, 223189, 97, 128767, 0
33965, 107, 3, 7, 0, 0, 36.60%, 10, 0, 4, 8.61, 223242, 97, 128792, 0
33972, 107, 2, 7, 0, 0, 36.60%, 10, 0, 4, 0.60, 223281, 97, 128814, 0
33980, 107, 2, 7, 0, 0, 36.60%, 10, 0, 4, 0.23, 223294, 97, 128820, 0
33986, 107, 2, 7, 0, 0, 36.60%, 10, 0, 4, 11.46, 223348, 97, 128845, 0
33991, 107, 2, 7, 0, 0, 36.60%, 10, 0, 4, 0.63, 223365, 97, 128854, 0
33997, 107, 2, 7, 0, 0, 36.60%, 10, 0, 4, 0.31, 223388, 97, 128869, 0
34004, 107, 2, 7, 0, 0, 36.60%, 10, 0, 4, 1.40, 223426, 97, 128892, 0
34009, 107, 4, 7, 0, 0, 36.60%, 10, 0, 4, 14.26, 223461, 97, 128911, 0
34014, 107, 4, 7, 0, 0, 36.60%, 10, 0, 4, 14.07, 223527, 97, 128939, 0
34019, 107, 4, 7, 0, 0, 36.60%, 10, 0, 4, 12.83, 223548, 97, 128948, 0
34024, 107, 4, 7, 0, 0, 36.60%, 10, 0, 4, 9.59, 223586, 97, 128972, 0
34029, 107, 4, 7, 0, 0, 36.60%, 10, 0, 4, 13.04, 223620, 97, 128995, 0
34035, 107, 3, 7, 0, 0, 36.60%, 10, 0, 4, 11.42, 223669, 97, 129022, 0
34040, 107, 3, 7, 0, 0, 36.60%, 10, 0, 4, 12.48, 223733, 97, 129052, 0
34045, 107, 3, 7, 0, 0, 36.60%, 10, 0, 4, 13.93, 223758, 97, 129067, 0
34054, 107, 3, 7, 0, 0, 36.60%, 10, 0, 4, 0.57, 223806, 97, 129095, 0
34060, 107, 3, 7, 0, 0, 36.60%, 10, 0, 4, 0.87, 223845, 97, 129121, 0
34065, 107, 6, 7, 0, 0, 36.60%, 10, 0, 4, 10.75, 223895, 97, 129149, 0
34071, 107, 6, 7, 0, 0, 36.60%, 10, 0, 4, 6.62, 223936, 97, 129174, 0
34076, 107, 6, 7, 0, 0, 36.60%, 10, 0, 4, 5.81, 223963, 97, 129187, 0
34081, 107, 6, 7, 0, 0, 36.60%, 10, 0, 4, 9.66, 224018, 97, 129213, 0
34086, 107, 6, 7, 0, 0, 36.60%, 10, 0, 4, 10.44, 224073, 97, 129248, 0
34092, 107, 6, 7, 0, 0, 36.60%, 10, 0, 4, 0.23, 224092, 97, 129258, 0
34098, 107, 6, 7, 0, 0, 36.60%, 10, 0, 4, 1.07, 224140, 97, 129288, 0
34103, 107, 6, 7, 0, 0, 36.60%, 10, 0, 4, 14.13, 224164, 97, 129301, 0
34112, 107, 6, 7, 0, 0, 36.60%, 10, 0, 4, 0.23, 224215, 97, 129331, 0
34117, 107, 4, 7, 0, 0, 36.60%, 10, 0, 4, 11.56, 224265, 97, 129361, 0
34123, 107, 4, 7, 0, 0, 36.60%, 10, 0, 4, 0.23, 224287, 97, 129372, 0
34132, 107, 4, 7, 0, 0, 36.60%, 10, 0, 4, 0.43, 224330, 97, 129396, 0
34137, 107, 4, 7, 0, 0, 36.60%, 10, 0, 4, 0.49, 224367, 97, 129419, 0
34142, 107, 4, 7, 0, 0, 36.60%, 10, 0, 4, 5.93, 224390, 97, 129436, 0
34148, 107, 4, 7, 0, 0, 36.60%, 10, 0, 4, 8.57, 224435, 97, 129459, 0
34157, 107, 6, 7, 0, 0, 36.60%, 10, 0, 4, 0.58, 224494, 97, 129488, 0
34163, 107, 6, 7, 0, 0, 36.60%, 10, 0, 4, 0.25, 224510, 97, 129500, 0
34168, 107, 6, 7, 0, 0, 36.60%, 10, 0, 4, 10.35, 224568, 97, 129532, 0
34174, 107, 6, 7, 0, 0, 36.60%, 10, 0, 4, 0.84, 224605, 97, 129550, 0
34182, 107, 6, 7, 0, 0, 36.60%, 10, 0, 4, 0.90, 224660, 97, 129581, 0
34187, 107, 6, 7, 0, 0, 36.60%, 10, 0, 4, 10.78, 224715, 97, 129616, 0
34198, 107, 6, 7, 0, 0, 36.60%, 10, 0, 4, 0.22, 224720, 97, 129619, 0
34204, 107, 6, 7, 0, 0, 36.60%, 10, 0, 4, 0.83, 224749, 97, 129638, 0
34209, 107, 6, 7, 0, 0, 36.60%, 10, 0, 4, 13.71, 224777, 97, 129655, 0
34215, 107, 6, 7, 0, 0, 36.60%, 10, 0, 4, 11.34, 224830, 97, 129689, 0
34220, 107, 6, 7, 0, 0, 36.60%, 10, 0, 4, 9.27, 224856, 97, 129706, 0
34225, 107, 6, 7, 0, 0, 36.60%, 10, 0, 4, 10.69, 224913, 97, 129742, 0
34230, 107, 6, 7, 0, 0, 36.60%, 10, 0, 4, 14.56, 224958, 97, 129765, 0
34235, 107, 6, 7, 0, 0, 36.60%, 10, 0, 4, 10.91, 224999, 97, 129787, 0
34243, 107, 6, 7, 0, 0, 36.60%, 10, 0, 4, 0.51, 225021, 97, 129800, 0
34248, 107, 6, 7, 0, 0, 36.60%, 10, 0, 4, 10.58, 225031, 97, 129809, 0
34253, 107, 6, 7, 0, 0, 36.60%, 10, 0, 4, 11.30, 225088, 97, 129843, 0
34258, 107, 6, 7, 0, 0, 36.60%, 10, 0, 4, 9.55, 225108, 97, 129857, 0
34265, 107, 6, 7, 0, 0, 36.60%, 10, 0, 4, 0.22, 225141, 97, 129881, 0
34271, 107, 6, 7, 0, 0, 36.60%, 10, 0, 4, 11.08, 225165, 97, 129897, 0
34276, 107, 6, 7, 0, 0, 36.60%, 10, 0, 4, 11.98, 225226, 97, 129930, 0
34281, 107, 3, 7, 0, 0, 36.60%, 10, 0, 4, 11.99, 225288, 97, 129965, 0
34287, 107, 3, 7, 0, 0, 36.60%, 10, 0, 4, 0.35, 225290, 97, 129966, 0
34292, 107, 3, 7, 0, 0, 36.60%, 10, 0, 4, 10.24, 225346, 97, 129999, 0
34299, 107, 3, 7, 0, 0, 36.60%, 10, 0, 4, 0.50, 225364, 97, 130011, 0
34307, 107, 3, 7, 0, 0, 36.60%, 10, 0, 4, 0.52, 225408, 97, 130032, 0
34314, 107, 3, 7, 0, 0, 36.60%, 10, 0, 4, 0.35, 225425, 97, 130044, 0
34319, 108, 6, 7, 0, 0, 36.60%, 10, 0, 4, 14.25, 225470, 97, 130068, 0
34324, 108, 6, 7, 0, 0, 36.60%, 10, 0, 4, 10.61, 225522, 97, 130097, 0
34331, 108, 6, 7, 0, 0, 36.60%, 10, 0, 4, 0.24, 225549, 97, 130111, 0
34336, 108, 6, 7, 0, 0, 36.60%, 10, 0, 4, 12.26, 225607, 97, 130138, 0
34344, 108, 6, 7, 0, 0, 36.60%, 10, 0, 4, 0.25, 225660, 97, 130168, 0
34352, 108, 6, 7, 0, 0, 36.60%, 10, 0, 4, 0.42, 225709, 97, 130195, 0
34358, 108, 6, 7, 0, 0, 36.60%, 10, 0, 4, 1.10, 225737, 97, 130211, 0
34367, 108, 6, 7, 0, 0, 36.60%, 10, 0, 4, 0.19, 225793, 97, 130235, 0
34372, 108, 3, 7, 0, 0, 36.60%, 10, 0, 4, 10.62, 225857, 97, 130264, 0
34377, 108, 3, 7, 0, 0, 36.60%, 10, 0, 4, 11.60, 225901, 97, 130288, 0
34384, 108, 3, 7, 0, 0, 36.60%, 10, 0, 4, 0.38, 225920, 97, 130298, 0
34389, 108, 3, 7, 0, 0, 36.60%, 10, 0, 4, 11.83, 225976, 97, 130332, 0
34394, 108, 3, 7, 0, 0, 36.60%, 10, 0, 4, 9.67, 226015, 97, 130355, 0
34407, 108, 6, 7, 0, 0, 36.60%, 10, 0, 4, 0.34, 226054, 97, 130381, 0
34412, 108, 6, 7, 0, 0, 36.60%, 10, 0, 4, 8.23, 226081, 97, 130395, 0
34418, 108, 6, 7, 0, 0, 36.60%, 10, 0, 4, 0.71, 226099, 97, 130403, 0
34424, 108, 6, 7, 0, 0, 36.60%, 10, 0, 4, 0.52, 226106, 97, 130408, 0
34430, 108, 6, 7, 0, 0, 36.60%, 10, 0, 4, 9.33, 226165, 97, 130439, 0
34435, 108, 6, 7, 0, 0, 36.60%, 10, 0, 4, 0.74, 226193, 97, 130456, 0
34443, 108, 6, 7, 0, 0, 36.60%, 10, 0, 4, 0.94, 226236, 97, 130481, 0
34448, 108, 6, 7, 0, 0, 36.60%, 10, 0, 4, 11.13, 226275, 97, 130504, 0
34455, 108, 6, 7, 0, 0, 36.60%, 10, 0, 4, 0.21, 226305, 97, 130526, 0
34461, 108, 6, 7, 0, 0, 36.60%, 10, 0, 4, 10.79, 226329, 97, 130538, 0
34466, 108, 6, 7, 0, 0, 36.60%, 10, 0, 4, 11.86, 226388, 97, 130570, 0
34472, 108, 6, 7, 0, 0, 36.60%, 10, 0, 4, 0.32, 226390, 97, 130572, 0
34477, 108, 6, 7, 0, 0, 36.60%, 10, 0, 4, 10.77, 226446, 97, 130603, 0
34482, 108, 5, 7, 0, 0, 36.60%, 10, 0, 4, 11.50, 226507, 97, 130635, 0
34488, 108, 5, 7, 0, 0, 36.60%, 10, 0, 4, 11.59, 226566, 97, 130668, 0
34495, 108, 5, 7, 0, 0, 36.60%, 10, 0, 4, 0.60, 226608, 97, 130693, 0
34500, 108, 4, 7, 0, 0, 36.60%, 10, 0, 4, 0.80, 226652, 97, 130719, 0
34505, 108, 4, 7, 0, 0, 36.60%, 10, 0, 4, 14.06, 226668, 97, 130728, 0
34510, 108, 4, 7, 0, 0, 36.60%, 10, 0, 4, 12.82, 226731, 97, 130757, 0
34516, 108, 4, 7, 0, 0, 36.60%, 10, 0, 4, 9.07, 226753, 97, 130773, 0
34521, 108, 4, 7, 0, 0, 36.60%, 10, 0, 4, 11.53, 226816, 97, 130807, 0
34526, 108, 5, 7, 0, 0, 36.60%, 10, 0, 4, 10.46, 226853, 97, 130830, 0
34531, 108, 5, 7, 0, 0, 36.60%, 10, 0, 4, 18.07, 226865, 97, 130837, 0
34537, 108, 5, 7, 0, 0, 36.60%, 10, 0, 4, 8.98, 226899, 97, 130856, 0
34542, 108, 5, 7, 0, 0, 36.60%, 10, 0, 4, 11.17, 226938, 97, 130880, 0
34547, 108, 5, 7, 0, 0, 36.60%, 10, 0, 4, 11.08, 226995, 97, 130915, 0
34552, 108, 5, 7, 0, 0, 36.60%, 10, 0, 4, 9.26, 227013, 97, 130927, 0
34557, 108, 2, 7, 0, 0, 36.60%, 10, 0, 4, 11.03, 227070, 97, 130963, 0
34562, 108, 2, 7, 0, 0, 36.60%, 10, 0, 4, 11.63, 227132, 97, 130997, 0
34567, 108, 2, 7, 0, 0, 36.60%, 10, 0, 4, 11.60, 227194, 97, 131033, 0
34573, 108, 3, 7, 0, 0, 36.60%, 10, 0, 4, 11.57, 227253, 97, 131068, 0
34578, 108, 3, 7, 0, 0, 36.60%, 10, 0, 4, 0.30, 227255, 97, 131070, 0
34583, 108, 3, 7, 0, 0, 36.60%, 10, 0, 4, 11.17, 227310, 97, 131107, 0
34590, 108, 3, 7, 0, 0, 36.60%, 10, 0, 4, 1.01, 227360, 97, 131133, 0
34599, 108, 3, 7, 0, 0, 36.60%, 10, 0, 4, 0.11, 227363, 97, 131136, 0
34606, 108, 3, 7, 0, 0, 36.60%, 10, 0, 4, 0.17, 227370, 97, 131141, 0
34611, 108, 3, 7, 0, 0, 36.60%, 10, 0, 4, 10.18, 227413, 97, 131159, 0
34617, 108, 0, 7, 0, 0, 36.60%, 10, 0, 4, 0.96, 227450, 97, 131176, 0
34623, 108, 0, 7, 0, 0, 36.60%, 10, 0, 4, 0.49, 227470, 97, 131189, 0
34629, 108, 0, 7, 0, 0, 36.60%, 10, 0, 4, 1.11, 227505, 97, 131212, 0
34635, 108, 0, 7, 0, 0, 36.60%, 10, 0, 4, 1.34, 227522, 97, 131226, 0
34640, 108, 0, 7, 0, 0, 36.60%, 10, 0, 4, 12.91, 227552, 97, 131243, 0
34645, 108, 0, 7, 0, 0, 36.60%, 10, 0, 4, 7.14, 227574, 97, 131257, 0
34652, 108, 0, 7, 0, 0, 36.60%, 10, 0, 4, 0.20, 227600, 97, 131271, 0
34658, 109, 5, 7, 0, 0, 36.60%, 10, 0, 4, 8.56, 227651, 97, 131302, 0
34666, 109, 5, 7, 0, 0, 36.60%, 10, 0, 4, 0.23, 227672, 97, 131318, 0
34675, 109, 5, 7, 0, 0, 36.60%, 10, 0, 4, 0.57, 227714, 97, 131343, 0
34681, 109, 5, 7, 0, 0, 36.60%, 10, 0, 4, 0.45, 227762, 97, 131370, 0
34686, 109, 5, 7, 0, 0, 36.60%, 10, 0, 4, 13.16, 227811, 97, 131402, 0
34692, 109, 5, 7, 0, 0, 36.60%, 10, 0, 4, 10.18, 227831, 97, 131416, 0
34701, 109, 2, 7, 0, 0, 36.60%, 10, 0, 4, 0.13, 227854, 97, 131429, 0
34709, 109, 2, 7, 0, 0, 36.60%, 10, 0, 4, 0.81, 227904, 97, 131460, 0
34716, 109, 2, 7, 0, 0, 36.60%, 10, 0, 4, 0.70, 227938, 97, 131483, 0
34721, 109, 2, 7, 0, 0, 36.60%, 10, 0, 4, 9.55, 227977, 97, 131506, 0
34726, 109, 2, 7, 0, 0, 36.60%, 10, 0, 4, 10.40, 228030, 97, 131544, 0
34731, 109, 4, 7, 0, 0, 36.60%, 10, 0, 4, 11.62, 228091, 97, 131578, 0
34736, 109, 4, 7, 0, 0, 36.60%, 10, 0, 4, 9.55, 228112, 97, 131591, 0
34743, 109, 4, 7, 0, 0, 36.60%, 10, 0, 4, 0.27, 228142, 97, 131612, 0
34748, 109, 4, 7, 0, 0, 36.60%, 10, 0, 4, 0.94, 228165, 97, 131627, 0
34753, 109, 4, 7, 0, 0, 36.60%, 10, 0, 4, 9.85, 228210, 97, 131659, 0
34758, 109, 4, 7, 0, 0, 36.60%, 10, 0, 4, 11.06, 228268, 97, 131692, 0
34763, 109, 4, 7, 0, 0, 36.60%, 10, 0, 4, 0.99, 228286, 97, 131704, 0
34768, 109, 4, 7, 0, 0, 36.60%, 10, 0, 4, 12.08, 228345, 97, 131736, 0
34774, 109, 4, 7, 0, 0, 36.60%, 10, 0, 4, 0.47, 228396, 97, 131760, 0
34780, 109, 6, 7, 0, 0, 36.60%, 10, 0, 4, 1.74, 228452, 97, 131789, 0
34785, 109, 6, 7, 0, 0, 36.60%, 10, 0, 4, 11.19, 228473, 97, 131799, 0
34790, 109, 6, 7, 0, 0, 36.60%, 10, 0, 4, 11.31, 228524, 97, 131827, 0
34795, 109, 6, 7, 0, 0, 36.60%, 10, 0, 4, 11.67, 228579, 97, 131855, 0
34800, 109, 6, 7, 0, 0, 36.60%, 10, 0, 4, 11.43, 228635, 97, 131890, 0
34805, 109, 6, 7, 0, 0, 36.60%, 10, 0, 4, 11.44, 228692, 97, 131927, 0
34810, 109, 6, 7, 0, 0, 36.60%, 10, 0, 4, 12.75, 228733, 97, 131946, 0
34815, 109, 6, 7, 0, 0, 36.60%, 10, 0, 4, 11.71, 228788, 97, 131976, 0
34821, 109, 6, 7, 0, 0, 36.60%, 10, 0, 4, 11.97, 228849, 97, 132009, 0
34826, 109, 1, 7, 0, 0, 36.60%, 10, 0, 4, 11.48, 228908, 97, 132043, 0
34831, 109, 1, 7, 0, 0, 36.60%, 10, 0, 4, 11.14, 228951, 97, 132066, 0
34837, 109, 1, 7, 0, 0, 36.60%, 10, 0, 4, 0.69, 228956, 97, 132070, 0
34842, 109, 1, 7, 0, 0, 36.60%, 10, 0, 4, 13.81, 228994, 97, 132085, 0
34847, 109, 1, 7, 0, 0, 36.60%, 10, 0, 4, 0.26, 229009, 97, 132094, 0
34854, 109, 1, 7, 0, 0, 36.60%, 10, 0, 4, 0.27, 229044, 97, 132111, 0
34859, 109, 0, 7, 0, 0, 36.60%, 10, 0, 4, 10.52, 229107, 97, 132138, 0
34866, 109, 0, 7, 0, 0, 36.60%, 10, 0, 4, 0.38, 229140, 97, 132159, 0
34875, 109, 0, 7, 0, 0, 36.60%, 10, 0, 4, 0.19, 229177, 97, 132178, 0
34882, 109, 0, 7, 0, 0, 36.60%, 10, 0, 4, 0.75, 229195, 97, 132187, 0
34887, 109, 0, 7, 0, 0, 36.60%, 10, 0, 4, 0.66, 229216, 97, 132200, 0
34896, 109, 6, 7, 0, 0, 36.60%, 10, 0, 4, 0.53, 229255, 97, 132224, 0
34901, 109, 6, 7, 0, 0, 36.60%, 10, 0, 4, 9.93, 229309, 97, 132255, 0
34906, 109, 6, 7, 0, 0, 36.60%, 10, 0, 4, 0.35, 229332, 97, 132271, 0
34911, 109, 6, 7, 0, 0, 36.60%, 10, 0, 4, 11.06, 229357, 97, 132284, 0
34917, 109, 6, 7, 0, 0, 36.60%, 10, 0, 4, 13.17, 229401, 97, 132306, 0
34922, 109, 6, 7, 0, 0, 36.60%, 10, 0, 4, 13.33, 229441, 97, 132333, 0
34927, 109, 6, 7, 0, 0, 36.60%, 10, 0, 4, 12.10, 229501, 97, 132368, 0
34937, 109, 6, 7, 0, 0, 36.60%, 10, 0, 4, 0.19, 229558, 97, 132406, 0
34942, 109, 6, 7, 0, 0, 36.60%, 10, 0, 4, 0.65, 229567, 97, 132409, 0
34947, 109, 6, 7, 0, 0, 36.60%, 10, 0, 4, 9.85, 229611, 97, 132439, 0
34955, 109, 6, 7, 0, 0, 36.60%, 10, 0, 4, 1.65, 229649, 97, 132463, 0
34960, 109, 1, 7, 0, 0, 36.60%, 10, 0, 4, 4.47, 229695, 97, 132492, 0
34965, 109, 1, 7, 0, 0, 36.60%, 10, 0, 4, 10.15, 229756, 97, 132519, 0
34970, 109, 1, 7, 0, 0, 36.60%, 10, 0, 4, 10.93, 229813, 97, 132550, 0
34975, 110, 4, 7, 0, 0, 36.60%, 10, 0, 4, 9.79, 229855, 97, 132581, 0
34980, 110, 4, 7, 0, 0, 36.60%, 10, 0, 4, 9.78, 229903, 97, 132613, 0
34985, 110, 4, 7, 0, 0, 36.60%, 10, 0, 4, 0.71, 229934, 97, 132627, 0
34991, 110, 4, 7, 0, 0, 36.60%, 10, 0, 4, 13.13, 229983, 97, 132653, 0
34997, 110, 4, 7, 0, 0, 36.60%, 10, 0, 4, 0.26, 230008, 97, 132674, 0
35006, 110, 4, 7, 0, 0, 36.60%, 10, 0, 4, 0.26, 230045, 97, 132698, 0
35014, 110, 3, 7, 0, 0, 36.60%, 10, 0, 4, 0.58, 230078, 97, 132717, 0
35019, 110, 3, 7, 0, 0, 36.60%, 10, 0, 4, 13.66, 230103, 97, 132733, 0
35028, 110, 3, 7, 0, 0, 36.60%, 10, 0, 4, 0.53, 230142, 97, 132755, 0
35033, 110, 3, 7, 0, 0, 36.60%, 10, 0, 4, 8.81, 230191, 97, 132786, 0
35038, 110, 3, 7, 0, 0, 36.60%, 10, 0, 4, 10.33, 230247, 97, 132822, 0
35043, 110, 3, 7, 0, 0, 36.60%, 10, 0, 4, 11.64, 230307, 97, 132856, 0
35055, 110, 3, 7, 0, 0, 36.60%, 10, 0, 4, 0.58, 230369, 97, 132889, 0
35070, 110, 3, 7, 0, 0, 36.60%, 10, 0, 4, 0.29, 230415, 97, 132917, 0
35075, 110, 4, 7, 0, 0, 36.60%, 10, 0, 4, 9.22, 230465, 97, 132942, 0
35080, 110, 4, 7, 0, 0, 36.60%, 10, 0, 4, 13.71, 230490, 97, 132959, 0
35085, 110, 4, 7, 0, 0, 36.60%, 10, 0, 4, 11.79, 230544, 97, 132992, 0
35090, 110, 4, 7, 0, 0, 36.60%, 10, 0, 4, 10.21, 230586, 97, 133021, 0
35097, 110, 4, 7, 0, 0, 36.60%, 10, 0, 4, 0.70, 230611, 97, 133038, 0
35103, 110, 5, 7, 0, 0, 36.60%, 10, 0, 4, 1.68, 230663, 97, 133072, 0
35108, 110, 5, 7, 0, 0, 36.60%, 10, 0, 4, 12.37, 230697, 97, 133093, 0
35113, 110, 5, 7, 0, 0, 36.60%, 10, 0, 4, 11.34, 230750, 97, 133123, 0
35119, 110, 5, 7, 0, 0, 36.60%, 10, 0, 4, 11.50, 230808, 97, 133156, 0
35124, 110, 5, 7, 0, 0, 36.60%, 10, 0, 4, 0.20, 230818, 97, 133162, 0
35130, 110, 5, 7, 0, 0, 36.60%, 10, 0, 4, 0.28, 230843, 97, 133178, 0
35136, 110, 6, 7, 0, 0, 36.60%, 10, 0, 4, 9.19, 230868, 97, 133194, 0
35141, 110, 6, 7, 0, 0, 36.60%, 10, 0, 4, 9.67, 230917, 97, 133231, 0
35146, 110, 6, 7, 0, 0, 36.60%, 10, 0, 4, 8.90, 230947, 97, 133249, 0
35152, 110, 6, 7, 0, 0, 36.60%, 10, 0, 4, 0.61, 230967, 97, 133262, 0
35160, 110, 6, 7, 0, 0, 36.60%, 10, 0, 4, 0.17, 230986, 97, 133276, 0
35168, 110, 6, 7, 0, 0, 36.60%, 10, 0, 4, 0.52, 231034, 97, 133304, 0
35173, 110, 6, 7, 0, 0, 36.60%, 10, 0, 4, 9.45, 231071, 97, 133328, 0
35180, 110, 6, 7, 0, 0, 36.60%, 10, 0, 4, 0.68, 231098, 97, 133341, 0
35185, 110, 6, 7, 0, 0, 36.60%, 10, 0, 4, 10.09, 231129, 97, 133358, 0
35190, 110, 6, 7, 0, 0, 36.60%, 10, 0, 4, 11.24, 231187, 97, 133392, 0
35195, 110, 6, 7, 0, 0, 36.60%, 10, 0, 4, 15.58, 231225, 97, 133416, 0
35200, 110, 0, 7, 0, 0, 36.60%, 10, 0, 4, 13.12, 231288, 97, 133451, 0
35205, 110, 0, 7, 0, 0, 36.60%, 10, 0, 4, 9.84, 231311, 97, 133465, 0
35213, 110, 0, 7, 0, 0, 36.60%, 10, 0, 4, 0.39, 231343, 97, 133483, 0
35220, 110, 0, 7, 0, 0, 36.60%, 10, 0, 4, 0.39, 231367, 97, 133494, 0
35225, 110, 0, 7, 0, 0, 36.60%, 10, 0, 4, 13.76, 231385, 97, 133502, 0
35234, 110, 0, 7, 0, 0, 36.60%, 10, 0, 4, 0.83, 231442, 97, 133533, 0
35239, 110, 2, 7, 0, 0, 36.60%, 10, 0, 4, 11.85, 231479, 97, 133559, 0
35244, 110, 2, 7, 0, 0, 36.60%, 10, 0, 4, 8.93, 231486, 97, 133564, 0
35249, 110, 2, 7, 0, 0, 36.60%, 10, 0, 4, 11.81, 231523, 97, 133581, 0
35255, 110, 2, 7, 0, 0, 36.60%, 10, 0, 4, 0.67, 231544, 97, 133595, 0
35261, 110, 2, 7, 0, 0, 36.60%, 10, 0, 4, 0.28, 231579, 97, 133617, 0
35266, 110, 2, 7, 0, 0, 36.60%, 10, 0, 4, 10.44, 231635, 97, 133649, 0
35276, 110, 3, 7, 0, 0, 36.60%, 10, 0, 4, 0.21, 231676, 97, 133674, 0
35281, 110, 3, 7, 0, 0, 36.60%, 10, 0, 4, 10.19, 231707, 97, 133690, 0
35286, 110, 3, 7, 0, 0, 36.60%, 10, 0, 4, 9.51, 231748, 97, 133712, 0
35291, 110, 3, 7, 0, 0, 36.60%, 10, 0, 4, 10.78, 231804, 97, 133743, 0
35297, 111, 3, 7, 0, 0, 36.60%, 10, 0, 4, 10.36, 231850, 97, 133769, 0
35302, 111, 3, 7, 0, 0, 36.60%, 10, 0, 4, 0.29, 231873, 97, 133780, 0
35307, 111, 3, 7, 0, 0, 36.60%, 10, 0, 4, 11.30, 231913, 97, 133799, 0
35312, 111, 3, 7, 0, 0, 36.60%, 10, 0, 4, 11.61, 231956, 97, 133822, 0
35317, 111, 3, 7, 0, 0, 36.60%, 10, 0, 4, 10.85, 232002, 97, 133852, 0
35322, 111, 3, 7, 0, 0, 36.60%, 10, 0, 4, 9.27, 232019, 97, 133867, 0
35328, 111, 3, 7, 0, 0, 36.60%, 10, 0, 4, 10.71, 232077, 97, 133904, 0
35334, 111, 3, 7, 0, 0, 36.60%, 10, 0, 4, 0.51, 232084, 97, 133906, 0
35339, 111, 3, 7, 0, 0, 36.60%, 10, 0, 4, 9.81, 232141, 97, 133939, 0
35344, 111, 3, 7, 0, 0, 36.60%, 10, 0, 4, 1.06, 232174, 97, 133958, 0
35350, 111, 3, 7, 0, 0, 36.60%, 10, 0, 4, 12.46, 232216, 97, 133981, 0
35355, 111, 4, 7, 0, 0, 36.60%, 10, 0, 4, 11.74, 232275, 97, 134016, 0
35360, 111, 4, 7, 0, 0, 36.60%, 10, 0, 4, 0.34, 232302, 97, 134027, 0
35365, 111, 4, 7, 0, 0, 36.60%, 10, 0, 4, 11.53, 232363, 97, 134057, 0
35371, 111, 4, 7, 0, 0, 36.60%, 10, 0, 4, 0.50, 232388, 97, 134071, 0
35376, 111, 4, 7, 0, 0, 36.60%, 10, 0, 4, 9.60, 232443, 97, 134107, 0
35381, 111, 4, 7, 0, 0, 36.60%, 10, 0, 4, 0.41, 232448, 97, 134111, 0
35386, 111, 3, 7, 0, 0, 36.60%, 10, 0, 4, 9.42, 232503, 97, 134144, 0
35394, 111, 3, 7, 0, 0, 36.60%, 10, 0, 4, 0.67, 232523, 97, 134157, 0
35399, 111, 3, 7, 0, 0, 36.60%, 10, 0, 4, 10.17, 232578, 97, 134190, 0
35404, 111, 3, 7, 0, 0, 36.60%, 10, 0, 4, 11.18, 232617, 97, 134214, 0
35412, 111, 2, 7, 0, 0, 36.60%, 10, 0, 4, 0.40, 232656, 97, 134238, 0
35417, 111, 2, 7, 0, 0, 36.60%, 10, 0, 4, 9.23, 232691, 97, 134252, 0
35425, 111, 2, 7, 0, 0, 36.60%, 10, 0, 4, 0.53, 232715, 97, 134266, 0
35430, 111, 2, 7, 0, 0, 36.60%, 10, 0, 4, 0.72, 232732, 97, 134277, 0
35437, 111, 2, 7, 0, 0, 36.60%, 10, 0, 4, 0.44, 232775, 97, 134309, 0
35442, 111, 2, 7, 0, 0, 36.60%, 10, 0, 4, 10.92, 232832, 97, 134339, 0
35448, 111, 3, 7, 0, 0, 36.60%, 10, 0, 4, 0.68, 232869, 97, 134361, 0
35458, 111, 3, 7, 0, 0, 36.60%, 10, 0, 4, 0.14, 232899, 97, 134379, 0
35470, 111, 3, 7, 0, 0, 36.60%, 10, 0, 4, 0.24, 232935, 97, 134399, 0
35475, 111, 3, 7, 0, 0, 36.60%, 10, 0, 4, 9.01, 232952, 97, 134411, 0
35483, 111, 3, 7, 0, 0, 36.60%, 10, 0, 4, 0.40, 232988, 97, 134435, 0
35488, 111, 3, 7, 0, 0, 36.60%, 10, 0, 4, 11.21, 233013, 97, 134449, 0
35493, 111, 2, 7, 0, 0, 36.60%, 10, 0, 4, 9.89, 233051, 97, 134473, 0
35498, 111, 2, 7, 0, 0, 36.60%, 10, 0, 4, 10.63, 233108, 97, 134505, 0
35506, 111, 2, 7, 0, 0, 36.60%, 10, 0, 4, 1.29, 233135, 97, 134521, 0
35511, 111, 2, 7, 0, 0, 36.60%, 10, 0, 4, 0.37, 233168, 97, 134542, 0
35516, 111, 2, 7, 0, 0, 36.60%, 10, 0, 4, 4.97, 233189, 97, 134554, 0
35521, 111, 2, 7, 0, 0, 36.60%, 10, 0, 4, 10.41, 233247, 97, 134584, 0
35526, 111, 6, 7, 0, 0, 36.60%, 10, 0, 4, 16.26, 233289, 97, 134606, 0
35531, 111, 6, 7, 0, 0, 36.60%, 10, 0, 4, 2.99, 233335, 97, 134640, 0
35537, 111, 6, 7, 0, 0, 36.60%, 10, 0, 4, 0.48, 233345, 97, 134647, 0
35542, 111, 6, 7, 0, 0, 36.60%, 10, 0, 4, 9.01, 233361, 97, 134659, 0
35550, 111, 6, 7, 0, 0, 36.60%, 10, 0, 4, 0.67, 233385, 97, 134669, 0
35557, 111, 6, 7, 0, 0, 36.60%, 10, 0, 4, 0.20, 233403, 97, 134682, 0
35564, 111, 6, 7, 0, 0, 36.60%, 10, 0, 4, 0.22, 233428, 97, 134697, 0
35569, 111, 6, 7, 0, 0, 36.60%, 10, 0, 4, 9.25, 233483, 97, 134730, 0
35574, 111, 6, 7, 0, 0, 36.60%, 10, 0, 4, 10.44, 233541, 97, 134763, 0
35579, 111, 6, 7, 0, 0, 36.60%, 10, 0, 4, 0.26, 233557, 97, 134774, 0
35585, 111, 6, 7, 0, 0, 36.60%, 10, 0, 4, 11.30, 233615, 97, 134812, 0
35591, 111, 3, 7, 0, 0, 36.60%, 10, 0, 4, 0.33, 233651, 97, 134838, 0
35596, 111, 3, 7, 0, 0, 36.60%, 10, 0, 4, 10.97, 233708, 97, 134866, 0
35601, 111, 3, 7, 0, 0, 36.60%, 10, 0, 4, 11.17, 233761, 97, 134893, 0
35606, 111, 3, 7, 0, 0, 36.60%, 10, 0, 4, 11.12, 233805, 97, 134920, 0
35612, 111, 3, 7, 0, 0, 36.60%, 10, 0, 4, 0.28, 233827, 97, 134936, 0
35617, 112, 6, 7, 0, 0, 36.60%, 10, 0, 4, 11.95, 233862, 97, 134957, 0
35624, 112, 6, 7, 0, 0, 36.60%, 10, 0, 4, 0.54, 233893, 97, 134975, 0
35629, 112, 6, 7, 0, 0, 36.60%, 10, 0, 4, 9.56, 233914, 97, 134988, 0
35635, 112, 6, 7, 0, 0, 36.60%, 10, 0, 4, 10.54, 233973, 97, 135026, 0
35643, 112, 6, 7, 0, 0, 36.60%, 10, 0, 4, 0.57, 234017, 97, 135049, 0
35648, 112, 6, 7, 0, 0, 36.60%, 10, 0, 4, 11.73, 234072, 97, 135081, 0
35654, 112, 6, 7, 0, 0, 36.60%, 10, 0, 4, 0.69, 234094, 97, 135095, 0
35659, 112, 6, 7, 0, 0, 36.60%, 10, 0, 4, 9.04, 234144, 97, 135113, 0
35664, 112, 6, 7, 0, 0, 36.60%, 10, 0, 4, 13.71, 234172, 97, 135130, 0
35674, 112, 6, 7, 0, 0, 36.60%, 10, 0, 4, 0.16, 234211, 97, 135148, 0
35682, 112, 5, 7, 0, 0, 36.60%, 10, 0, 4, 0.22, 234251, 97, 135169, 0
35687, 112, 5, 7, 0, 0, 36.60%, 10, 0, 4, 9.38, 234304, 97, 135197, 0
35695, 112, 5, 7, 0, 0, 36.60%, 10, 0, 4, 0.45, 234351, 97, 135223, 0
35700, 112, 5, 7, 0, 0, 36.60%, 10, 0, 4, 11.19, 234380, 97, 135240, 0
35708, 112, 5, 7, 0, 0, 36.60%, 10, 0, 4, 0.62, 234414, 97, 135262, 0
35713, 112, 2, 7, 0, 0, 36.60%, 10, 0, 4, 9.65, 234468, 97, 135288, 0
35720, 112, 2, 7, 0, 0, 36.60%, 10, 0, 4, 0.53, 234498, 97, 135306, 0
35726, 112, 2, 7, 0, 0, 36.60%, 10, 0, 4, 1.09, 234512, 97, 135312, 0
35731, 112, 2, 7, 0, 0, 36.60%, 10, 0, 4, 10.54, 234568, 97, 135351, 0
35736, 112, 2, 7, 0, 0, 36.60%, 10, 0, 4, 11.73, 234628, 97, 135383, 0
35741, 112, 2, 7, 0, 0, 36.60%, 10, 0, 4, 0.50, 234642, 97, 135393, 0
35746, 112, 1, 7, 0, 0, 36.60%, 10, 0, 4, 9.95, 234700, 97, 135420, 0
35751, 112, 1, 7, 0, 0, 36.60%, 10, 0, 4, 11.04, 234756, 97, 135455, 0
35756, 112, 1, 7, 0, 0, 36.60%, 10, 0, 4, 11.82, 234817, 97, 135490, 0
35765, 112, 1, 7, 0, 0, 36.60%, 10, 0, 4, 0.28, 234832, 97, 135499, 0
35770, 112, 3, 7, 0, 0, 36.60%, 10, 0, 4, 9.44, 234878, 97, 135531, 0
35775, 112, 3, 7, 0, 0, 36.60%, 10, 0, 4, 14.12, 234887, 97, 135534, 0
35780, 112, 3, 7, 0, 0, 36.60%, 10, 0, 4, 19.80, 234944, 97, 135566, 0
35785, 112, 3, 7, 0, 0, 36.60%, 10, 0, 4, 9.66, 235000, 97, 135602, 0
35790, 112, 5, 7, 0, 0, 36.60%, 10, 0, 4, 11.53, 235061, 97, 135638, 0
35795, 112, 5, 7, 0, 0, 36.60%, 10, 0, 4, 11.81, 235123, 97, 135671, 0
35801, 112, 5, 7, 0, 0, 36.60%, 10, 0, 4, 12.67, 235189, 97, 135701, 0
35806, 112, 5, 7, 0, 0, 36.60%, 10, 0, 4, 0.28, 235212, 97, 135716, 0
35811, 112, 0, 7, 0, 0, 36.60%, 10, 0, 4, 12.75, 235274, 97, 135748, 0
35818, 112, 0, 7, 0, 0, 36.60%, 10, 0, 4, 0.81, 235301, 97, 135764, 0
35823, 112, 0, 7, 0, 0, 36.60%, 10, 0, 4, 10.59, 235352, 97, 135798, 0
35828, 112, 0, 7, 0, 0, 36.60%, 10, 0, 4, 13.63, 235385, 97, 135817, 0
35833, 112, 0, 7, 0, 0, 36.60%, 10, 0, 4, 12.14, 235425, 97, 135838, 0
35842, 112, 0, 7, 0, 0, 36.60%, 10, 0, 4, 0.23, 235445, 97, 135850, 0
35850, 112, 0, 7, 0, 0, 36.60%, 10, 0, 4, 0.18, 235475, 97, 135866, 0
35856, 112, 0, 7, 0, 0, 36.60%, 10, 0, 4, 0.26, 235500, 97, 135879, 0
35863, 112, 0, 7, 0, 0, 36.60%, 10, 0, 4, 0.34, 235514, 97, 135886, 0
35869, 112, 0, 7, 0, 0, 36.60%, 10, 0, 4, 1.79, 235563, 97, 135911, 0
35874, 112, 0, 7, 0, 0, 36.60%, 10, 0, 4, 10.64, 235608, 97, 135936, 0
35879, 112, 3, 7, 0, 0, 36.60%, 10, 0, 4, 10.59, 235663, 97, 135967, 0
35884, 112, 3, 7, 0, 0, 36.60%, 10, 0, 4, 12.23, 235727, 97, 135995, 0
35889, 112, 3, 7, 0, 0, 36.60%, 10, 0, 4, 12.29, 235789, 97, 136028, 0
35894, 112, 3, 7, 0, 0, 36.60%, 10, 0, 4, 11.21, 235843, 97, 136056, 0
35899, 113, 4, 7, 0, 0, 36.60%, 10, 0, 4, 12.22, 235890, 97, 136080, 0
35905, 113, 4, 7, 0, 0, 36.60%, 10, 0, 4, 0.36, 235926, 97, 136099, 0
35911, 113, 4, 7, 0, 0, 36.60%, 10, 0, 4, 0.52, 235958, 97, 136118, 0
35917, 113, 4, 7, 0, 0, 36.60%, 10, 0, 4, 5.59, 235988, 97, 136140, 0
35922, 113, 4, 7, 0, 0, 36.60%, 10, 0, 4, 8.60, 236036, 97, 136170, 0
35930, 113, 2, 7, 0, 0, 36.60%, 10, 0, 4, 0.26, 236082, 97, 136195, 0
35935, 113, 2, 7, 0, 0, 36.60%, 10, 0, 4, 1.13, 236124, 97, 136217, 0
35942, 113, 2, 7, 0, 0, 36.60%, 10, 0, 4, 0.42, 236133, 97, 136223, 0
35948, 113, 2, 7, 0, 0, 36.60%, 10, 0, 4, 1.57, 236154, 97, 136234, 0
35956, 113, 2, 7, 0, 0, 36.60%, 10, 0, 4, 0.77, 236183, 97, 136250, 0
35962, 113, 2, 7, 0, 0, 36.60%, 10, 0, 4, 1.84, 236216, 97, 136273, 0
35967, 113, 2, 7, 0, 0, 36.60%, 10, 0, 4, 18.88, 236266, 97, 136295, 0
35972, 113, 2, 7, 0, 0, 36.60%, 10, 0, 4, 17.59, 236307, 97, 136316, 0
35977, 113, 2, 7, 0, 0, 36.60%, 10, 0, 4, 7.38, 236340, 97, 136336, 0
35987, 113, 2, 7, 0, 0, 36.60%, 10, 0, 4, 0.31, 236379, 97, 136359, 0
35992, 113, 2, 7, 0, 0, 36.60%, 10, 0, 4, 8.96, 236399, 97, 136373, 0
36001, 113, 2, 7, 0, 0, 36.60%, 10, 0, 4, 0.16, 236427, 97, 136389, 0
36008, 113, 2, 7, 0, 0, 36.60%, 10, 0, 4, 0.23, 236459, 97, 136406, 0
36013, 113, 2, 7, 0, 0, 36.60%, 10, 0, 4, 10.15, 236514, 97, 136443, 0
36018, 113, 2, 7, 0, 0, 36.60%, 10, 0, 4, 9.92, 236561, 97, 136468, 0
36023, 113, 2, 7, 0, 0, 36.60%, 10, 0, 4, 11.47, 236624, 97, 136500, 0
36028, 113, 6, 7, 0, 0, 36.60%, 10, 0, 4, 15.50, 236678, 97, 136525, 0
36034, 113, 6, 7, 0, 0, 36.60%, 10, 0, 4, 13.24, 236731, 97, 136555, 0
36039, 113, 6, 7, 0, 0, 36.60%, 10, 0, 4, 11.46, 236783, 97, 136586, 0
36044, 113, 6, 7, 0, 0, 36.60%, 10, 0, 4, 11.35, 236842, 97, 136619, 0
36049, 113, 6, 7, 0, 0, 36.60%, 10, 0, 4, 12.73, 236883, 97, 136643, 0
36055, 113, 6, 7, 0, 0, 36.60%, 10, 0, 4, 0.34, 236887, 97, 136646, 0
36062, 113, 6, 7, 0, 0, 36.60%, 10, 0, 4, 0.56, 236929, 97, 136669, 0
36068, 113, 6, 7, 0, 0, 36.60%, 10, 0, 4, 0.55, 236951, 97, 136683, 0
36075, 113, 6, 7, 0, 0, 36.60%, 10, 0, 4, 0.19, 236972, 97, 136693, 0
36080, 113, 6, 7, 0, 0, 36.60%, 10, 0, 4, 11.75, 237030, 97, 136730, 0
36085, 113, 6, 7, 0, 0, 36.60%, 10, 0, 4, 9.16, 237049, 97, 136748, 0
36090, 113, 0, 7, 0, 0, 36.60%, 10, 0, 4, 11.43, 237110, 97, 136781, 0
36097, 113, 0, 7, 0, 0, 36.60%, 10, 0, 4, 0.63, 237150, 97, 136803, 0
36104, 113, 0, 7, 0, 0, 36.60%, 10, 0, 4, 0.33, 237173, 97, 136818, 0
36110, 113, 0, 7, 0, 0, 36.60%, 10, 0, 4, 9.78, 237227, 97, 136849, 0
36115, 113, 0, 7, 0, 0, 36.60%, 10, 0, 4, 10.45, 237269, 97, 136872, 0
36120, 113, 0, 7, 0, 0, 36.60%, 10, 0, 4, 5.48, 237279, 97, 136881, 0
36125, 113, 0, 7, 0, 0, 36.60%, 10, 0, 4, 9.69, 237334, 97, 136911, 0
36132, 113, 0, 7, 0, 0, 36.60%, 10, 0, 4, 1.54, 237395, 97, 136944, 0
36138, 113, 6, 7, 0, 0, 36.60%, 10, 0, 4, 2.31, 237456, 97, 136975, 0
36143, 113, 6, 7, 0, 0, 36.60%, 10, 0, 4, 12.37, 237519, 97, 137006, 0
36149, 113, 6, 7, 0, 0, 36.60%, 10, 0, 4, 0.44, 237554, 97, 137025, 0
36154, 113, 6, 7, 0, 0, 36.60%, 10, 0, 4, 11.22, 237606, 97, 137058, 0
36159, 113, 6, 7, 0, 0, 36.60%, 10, 0, 4, 0.84, 237625, 97, 137071, 0
36166, 113, 6, 7, 0, 0, 36.60%, 10, 0, 4, 0.32, 237638, 97, 137079, 0
36171, 113, 6, 7, 0, 0, 36.60%, 10, 0, 4, 10.49, 237673, 97, 137097, 0
36176, 113, 6, 7, 0, 0, 36.60%, 10, 0, 4, 8.10, 237693, 97, 137113, 0
36182, 113, 6, 7, 0, 0, 36.60%, 10, 0, 4, 10.95, 237749, 97, 137143, 0
36189, 113, 6, 7, 0, 0, 36.60%, 10, 0, 4, 0.48, 237800, 97, 137179, 0
36194, 113, 6, 7, 0, 0, 36.60%, 10, 0, 4, 9.18, 237839, 97, 137202, 0
36203, 113, 4, 7, 0, 0, 36.60%, 10, 0, 4, 0.44, 237889, 97, 137233, 0
36208, 113, 4, 7, 0, 0, 36.60%, 10, 0, 4, 13.83, 237931, 97, 137254, 0
36214, 113, 4, 7, 0, 0, 36.60%, 10, 0, 4, 0.20, 237941, 97, 137259, 0
36219, 113, 4, 7, 0, 0, 36.60%, 10, 0, 4, 10.53, 237998, 97, 137289, 0
36224, 114, 5, 7, 0, 0, 36.60%, 10, 0, 4, 11.44, 238058, 97, 137325, 0
36229, 114, 5, 7, 0, 0, 36.60%, 10, 0, 4, 11.27, 238117, 97, 137360, 0
36234, 114, 5, 7, 0, 0, 36.60%, 10, 0, 4, 11.33, 238173, 97, 137391, 0
36239, 114, 5, 7, 0, 0, 36.60%, 10, 0, 4, 0.29, 238193, 97, 137405, 0
36245, 114, 5, 7, 0, 0, 36.60%, 10, 0, 4, 0.75, 238210, 97, 137415, 0
36250, 114, 5, 7, 0, 0, 36.60%, 10, 0, 4, 7.70, 238235, 97, 137432, 0
36255, 114, 2, 7, 0, 0, 36.60%, 10, 0, 4, 10.38, 238295, 97, 137469, 0
36260, 114, 2, 7, 0, 0, 36.60%, 10, 0, 4, 11.49, 238357, 97, 137504, 0
36265, 114, 2, 7, 0, 0, 36.60%, 10, 0, 4, 11.09, 238414, 97, 137540, 0
36270, 114, 3, 7, 0, 0, 36.60%, 10, 0, 4, 11.93, 238477, 97, 137571, 0
36278, 114, 3, 7, 0, 0, 36.60%, 10, 0, 4, 0.30, 238485, 97, 137574, 0
36283, 114, 3, 7, 0, 0, 36.60%, 10, 0, 4, 9.95, 238538, 97, 137603, 0
36288, 114, 3, 7, 0, 0, 36.60%, 10, 0, 4, 12.72, 238560, 97, 137618, 0
36293, 114, 3, 7, 0, 0, 36.60%, 10, 0, 4, 11.94, 238619, 97, 137649, 0
36303, 114, 3, 7, 0, 0, 36.60%, 10, 0, 4, 0.22, 238630, 97, 137654, 0
36308, 114, 5, 7, 0, 0, 36.60%, 10, 0, 4, 10.16, 238666, 97, 137674, 0
36313, 114, 5, 7, 0, 0, 36.60%, 10, 0, 4, 4.41, 238706, 97, 137698, 0
36318, 114, 5, 7, 0, 0, 36.60%, 10, 0, 4, 12.35, 238753, 97, 137727, 0
36324, 114, 5, 7, 0, 0, 36.60%, 10, 0, 4, 0.71, 238773, 97, 137737, 0
36329, 114, 5, 7, 0, 0, 36.60%, 10, 0, 4, 10.85, 238811, 97, 137761, 0
36337, 114, 6, 7, 0, 0, 36.60%, 10, 0, 4, 0.67, 238862, 97, 137793, 0
36343, 114, 6, 7, 0, 0, 36.60%, 10, 0, 4, 0.37, 238903, 97, 137818, 0
36353, 114, 6, 7, 0, 0, 36.60%, 10, 0, 4, 0.17, 238927, 97, 137834, 0
36361, 114, 6, 7, 0, 0, 36.60%, 10, 0, 4, 1.02, 238946, 97, 137845, 0
36367, 114, 6, 7, 0, 0, 36.60%, 10, 0, 4, 0.59, 238970, 97, 137858, 0
36372, 114, 6, 7, 0, 0, 36.60%, 10, 0, 4, 10.74, 239030, 97, 137893, 0
36379, 114, 6, 7, 0, 0, 36.60%, 10, 0, 4, 0.73, 239042, 97, 137899, 0
36385, 114, 6, 7, 0, 0, 36.60%, 10, 0, 4, 11.76, 239097, 97, 137930, 0
36390, 114, 6, 7, 0, 0, 36.60%, 10, 0, 4, 11.67, 239156, 97, 137964, 0
36395, 114, 6, 7, 0, 0, 36.60%, 10, 0, 4, 12.63, 239221, 97, 137997, 0
36400, 114, 0, 7, 0, 0, 36.60%, 10, 0, 4, 10.91, 239261, 97, 138024, 0
36405, 114, 0, 7, 0, 0, 36.60%, 10, 0, 4, 10.61, 239314, 97, 138054, 0
36410, 114, 0, 7, 0, 0, 36.60%, 10, 0, 4, 12.98, 239328, 97, 138061, 0
36416, 114, 0, 7, 0, 0, 36.60%, 10, 0, 4, 5.05, 239377, 97, 138091, 0
36423, 114, 0, 7, 0, 0, 36.60%, 10, 0, 4, 0.50, 239391, 97, 138101, 0
36428, 114, 0, 7, 0, 0, 36.60%, 10, 0, 4, 9.79, 239444, 97, 138137, 0
36433, 114, 6, 7, 0, 0, 36.60%, 10, 0, 4, 2.57, 239459, 97, 138147, 0
36438, 114, 6, 7, 0, 0, 36.60%, 10, 0, 4, 8.55, 239514, 97, 138185, 0
36443, 114, 6, 7, 0, 0, 36.60%, 10, 0, 4, 14.15, 239552, 97, 138207, 0
36448, 114, 6, 7, 0, 0, 36.60%, 10, 0, 4, 12.16, 239610, 97, 138241, 0
36453, 114, 6, 7, 0, 0, 36.60%, 10, 0, 4, 10.15, 239644, 97, 138261, 0
36458, 114, 6, 7, 0, 0, 36.60%, 10, 0, 4, 10.05, 239674, 97, 138282, 0
36465, 114, 6, 7, 0, 0, 36.60%, 10, 0, 4, 0.39, 239696, 97, 138298, 0
36471, 114, 6, 7, 0, 0, 36.60%, 10, 0, 4, 1.14, 239744, 97, 138326, 0
36476, 114, 6, 7, 0, 0, 36.60%, 10, 0, 4, 10.77, 239798, 97, 138357, 0
36485, 114, 6, 7, 0, 0, 36.60%, 10, 0, 4, 0.17, 239840, 97, 138382, 0
36490, 114, 2, 7, 0, 0, 36.60%, 10, 0, 4, 10.07, 239892, 97, 138411, 0
36495, 114, 2, 7, 0, 0, 36.60%, 10, 0, 4, 0.54, 239910, 97, 138421, 0
36503, 114, 2, 7, 0, 0, 36.60%, 10, 0, 4, 0.28, 239950, 97, 138450, 0
36510, 114, 2, 7, 0, 0, 36.60%, 10, 0, 4, 0.39, 239971, 97, 138460, 0
36515, 114, 2, 7, 0, 0, 36.60%, 10, 0, 4, 9.76, 240028, 97, 138488, 0
36520, 114, 4, 7, 0, 0, 36.60%, 10, 0, 4, 10.54, 240081, 97, 138520, 0
36525, 114, 4, 7, 0, 0, 36.60%, 10, 0, 4, 10.93, 240134, 97, 138553, 0
36531, 114, 4, 7, 0, 0, 36.60%, 10, 0, 4, 1.09, 240142, 97, 138560, 0
36539, 114, 4, 7, 0, 0, 36.60%, 10, 0, 4, 0.24, 240185, 97, 138587, 0
36544, 114, 4, 7, 0, 0, 36.60%, 10, 0, 4, 10.01, 240224, 97, 138609, 0
36550, 115, 0, 7, 0, 0, 36.60%, 10, 0, 4, 12.80, 240260, 97, 138632, 0
36558, 115, 0, 7, 0, 0, 36.60%, 10, 0, 4, 0.53, 240314, 97, 138662, 0
36563, 115, 0, 7, 0, 0, 36.60%, 10, 0, 4, 0.51, 240328, 97, 138672, 0
36571, 115, 0, 7, 0, 0, 36.60%, 10, 0, 4, 0.24, 240383, 97, 138699, 0
36576, 115, 0, 7, 0, 0, 36.60%, 10, 0, 4, 8.99, 240436, 97, 138730, 0
36581, 115, 2, 7, 0, 0, 36.60%, 10, 0, 4, 6.86, 240480, 97, 138752, 0
36587, 115, 2, 7, 0, 0, 36.60%, 10, 0, 4, 0.48, 240497, 97, 138760, 0
36592, 115, 2, 7, 0, 0, 36.60%, 10, 0, 4, 12.68, 240561, 97, 138789, 0
36597, 115, 2, 7, 0, 0, 36.60%, 10, 0, 4, 1.40, 240596, 97, 138813, 0
36606, 115, 2, 7, 0, 0, 36.60%, 10, 0, 4, 0.56, 240643, 97, 138840, 0
36611, 115, 4, 7, 0, 0, 36.60%, 10, 0, 4, 11.05, 240698, 97, 138868, 0
36616, 115, 4, 7, 0, 0, 36.60%, 10, 0, 4, 11.53, 240756, 97, 138901, 0
36622, 115, 4, 7, 0, 0, 36.60%, 10, 0, 4, 0.31, 240794, 97, 138922, 0
36627, 115, 4, 7, 0, 0, 36.60%, 10, 0, 4, 8.74, 240843, 97, 138951, 0
36637, 115, 3, 7, 0, 0, 36.60%, 10, 0, 4, 0.17, 240869, 97, 138967, 0
36642, 115, 3, 7, 0, 0, 36.60%, 10, 0, 4, 8.98, 240910, 97, 138990, 0
36647, 115, 3, 7, 0, 0, 36.60%, 10, 0, 4, 10.15, 240963, 97, 139023, 0
36652, 115, 3, 7, 0, 0, 36.60%, 10, 0, 4, 10.65, 241020, 97, 139056, 0
36658, 115, 2, 7, 0, 0, 36.60%, 10, 0, 4, 11.82, 241079, 97, 139088, 0
36663, 115, 2, 7, 0, 0, 36.60%, 10, 0, 4, 14.07, 241123, 97, 139115, 0
36668, 115, 2, 7, 0, 0, 36.60%, 10, 0, 4, 12.11, 241181, 97, 139147, 0
36673, 115, 2, 7, 0, 0, 36.60%, 10, 0, 4, 17.67, 241218, 97, 139165, 0
36680, 115, 2, 7, 0, 0, 36.60%, 10, 0, 4, 0.19, 241240, 97, 139179, 0
36685, 115, 4, 7, 0, 0, 36.60%, 10, 0, 4, 12.11, 241281, 97, 139196, 0
36691, 115, 4, 7, 0, 0, 36.60%, 10, 0, 4, 8.69, 241317, 97, 139216, 0
36696, 115, 4, 7, 0, 0, 36.60%, 10, 0, 4, 6.30, 241339, 97, 139231, 0
36701, 115, 4, 7, 0, 0, 36.60%, 10, 0, 4, 4.48, 241343, 97, 139234, 0
36710, 115, 4, 7, 0, 0, 36.60%, 10, 0, 4, 0.88, 241396, 97, 139261, 0
36716, 115, 4, 7, 0, 0, 36.60%, 10, 0, 4, 0.58, 241427, 97, 139281, 0
36721, 115, 5, 7, 0, 0, 36.60%, 10, 0, 4, 11.73, 241476, 97, 139309, 0
36728, 115, 5, 7, 0, 0, 36.60%, 10, 0, 4, 0.21, 241507, 97, 139324, 0
36733, 115, 5, 7, 0, 0, 36.60%, 10, 0, 4, 8.88, 241559, 97, 139356, 0
36739, 115, 5, 7, 0, 0, 36.60%, 10, 0, 4, 0.86, 241570, 97, 139362, 0
36747, 115, 5, 7, 0, 0, 36.60%, 10, 0, 4, 0.20, 241613, 97, 139386, 0
36753, 115, 2, 7, 0, 0, 36.60%, 10, 0, 4, 9.42, 241671, 97, 139418, 0
36758, 115, 2, 7, 0, 0, 36.60%, 10, 0, 4, 11.00, 241730, 97, 139452, 0
36763, 115, 2, 7, 0, 0, 36.60%, 10, 0, 4, 11.02, 241783, 97, 139482, 0
36768, 115, 2, 7, 0, 0, 36.60%, 10, 0, 4, 11.07, 241834, 97, 139512, 0
36776, 115, 0, 7, 0, 0, 36.60%, 10, 0, 4, 0.40, 241878, 97, 139533, 0
36781, 115, 0, 7, 0, 0, 36.60%, 10, 0, 4, 12.08, 241906, 97, 139551, 0
36791, 115, 0, 7, 0, 0, 36.60%, 10, 0, 4, 0.35, 241952, 97, 139571, 0
36797, 115, 0, 7, 0, 0, 36.60%, 10, 0, 4, 1.07, 241993, 97, 139593, 0
36802, 115, 0, 7, 0, 0, 36.60%, 10, 0, 4, 9.35, 242043, 97, 139626, 0
36807, 116, 4, 7, 0, 0, 36.60%, 10, 0, 4, 10.77, 242102, 97, 139660, 0
36812, 116, 4, 7, 0, 0, 36.60%, 10, 0, 4, 11.58, 242164, 97, 139692, 0
36817, 116, 4, 7, 0, 0, 36.60%, 10, 0, 4, 11.34, 242223, 97, 139726, 0
36823, 116, 2, 7, 0, 0, 36.60%, 10, 0, 4, 11.51, 242279, 97, 139757, 0
36828, 116, 2, 7, 0, 0, 36.60%, 10, 0, 4, 4.85, 242313, 97, 139776, 0
36833, 116, 2, 7, 0, 0, 36.60%, 10, 0, 4, 9.60, 242344, 97, 139795, 0
36838, 116, 2, 7, 0, 0, 36.60%, 10, 0, 4, 11.74, 242406, 97, 139829, 0
36843, 116, 2, 7, 0, 0, 36.60%, 10, 0, 4, 1.66, 242440, 97, 139849, 0
36848, 116, 2, 7, 0, 0, 36.60%, 10, 0, 4, 13.87, 242470, 97, 139864, 0
36854, 116, 2, 7, 0, 0, 36.60%, 10, 0, 4, 0.17, 242474, 97, 139866, 0
36859, 116, 2, 7, 0, 0, 36.60%, 10, 0, 4, 6.75, 242499, 97, 139880, 0
36865, 116, 2, 7, 0, 0, 36.60%, 10, 0, 4, 9.76, 242556, 97, 139913, 0
36875, 116, 2, 7, 0, 0, 36.60%, 10, 0, 4, 0.29, 242592, 97, 139935, 0
36883, 116, 2, 7, 0, 0, 36.60%, 10, 0, 4, 0.43, 242621, 97, 139957, 0
36889, 116, 3, 7, 0, 0, 36.60%, 10, 0, 4, 0.58, 242673, 97, 139990, 0
36894, 116, 3, 7, 0, 0, 36.60%, 10, 0, 4, 11.08, 242731, 97, 140024, 0
36902, 116, 3, 7, 0, 0, 36.60%, 10, 0, 4, 0.87, 242743, 97, 140030, 0
36908, 116, 3, 7, 0, 0, 36.60%, 10, 0, 4, 0.67, 242768, 97, 140046, 0
36916, 116, 3, 7, 0, 0, 36.60%, 10, 0, 4, 0.56, 242816, 97, 140077, 0
36922, 116, 6, 7, 0, 0, 36.60%, 10, 0, 4, 10.58, 242870, 97, 140111, 0
36927, 116, 6, 7, 0, 0, 36.60%, 10, 0, 4, 10.82, 242924, 97, 140143, 0
36932, 116, 6, 7, 0, 0, 36.60%, 10, 0, 4, 7.67, 242961, 97, 140169, 0
36937, 116, 6, 7, 0, 0, 36.60%, 10, 0, 4, 9.20, 243013, 97, 140207, 0
36943, 116, 6, 7, 0, 0, 36.60%, 10, 0, 4, 0.55, 243032, 97, 140217, 0
36948, 116, 6, 7, 0, 0, 36.60%, 10, 0, 4, 6.82, 243083, 97, 140253, 0
36953, 116, 6, 7, 0, 0, 36.60%, 10, 0, 4, 10.25, 243139, 97, 140288, 0
36958, 116, 6, 7, 0, 0, 36.60%, 10, 0, 4, 10.43, 243193, 97, 140326, 0
36964, 116, 6, 7, 0, 0, 36.60%, 10, 0, 4, 0.25, 243213, 97, 140338, 0
36970, 116, 6, 7, 0, 0, 36.60%, 10, 0, 4, 13.37, 243241, 97, 140352, 0
36975, 116, 6, 7, 0, 0, 36.60%, 10, 0, 4, 15.37, 243286, 97, 140379, 0
36984, 116, 6, 7, 0, 0, 36.60%, 10, 0, 4, 0.67, 243308, 97, 140392, 0
36989, 116, 6, 7, 0, 0, 36.60%, 10, 0, 4, 9.82, 243323, 97, 140404, 0
36999, 116, 6, 7, 0, 0, 36.60%, 10, 0, 4, 0.74, 243381, 97, 140437, 0
37004, 116, 6, 7, 0, 0, 36.60%, 10, 0, 4, 10.00, 243439, 97, 140467, 0
37011, 116, 6, 7, 0, 0, 36.60%, 10, 0, 4, 0.62, 243478, 97, 140484, 0
37019, 116, 6, 7, 0, 0, 36.60%, 10, 0, 4, 0.50, 243509, 97, 140505, 0
37025, 116, 6, 7, 0, 0, 36.60%, 10, 0, 4, 0.27, 243534, 97, 140518, 0
37030, 116, 6, 7, 0, 0, 36.60%, 10, 0, 4, 9.97, 243590, 97, 140549, 0
37037, 116, 6, 7, 0, 0, 36.60%, 10, 0, 4, 0.44, 243622, 97, 140573, 0
37043, 116, 6, 7, 0, 0, 36.60%, 10, 0, 4, 0.39, 243633, 97, 140580, 0
37048, 116, 6, 7, 0, 0, 36.60%, 10, 0, 4, 0.21, 243638, 97, 140585, 0
37053, 116, 6, 7, 0, 0, 36.60%, 10, 0, 4, 9.50, 243691, 97, 140614, 0
37059, 116, 6, 7, 0, 0, 36.60%, 10, 0, 4, 0.23, 243704, 97, 140625, 0
37064, 116, 6, 7, 0, 0, 36.60%, 10, 0, 4, 9.86, 243747, 97, 140652, 0
37074, 116, 6, 7, 0, 0, 36.60%, 10, 0, 4, 0.18, 243772, 97, 140667, 0
37081, 116, 6, 7, 0, 0, 36.60%, 10, 0, 4, 0.69, 243823, 97, 140701, 0
37086, 116, 6, 7, 0, 0, 36.60%, 10, 0, 4, 13.94, 243890, 97, 140730, 0
37091, 116, 6, 7, 0, 0, 36.60%, 10, 0, 4, 12.91, 243954, 97, 140763, 0
37097, 116, 6, 7, 0, 0, 36.60%, 10, 0, 4, 9.26, 244004, 97, 140792, 0
37102, 116, 6, 7, 0, 0, 36.60%, 10, 0, 4, 9.33, 244029, 97, 140810, 0
37107, 116, 6, 7, 0, 0, 36.60%, 10, 0, 4, 11.19, 244075, 97, 140838, 0
37114, 116, 6, 7, 0, 0, 36.60%, 10, 0, 4, 0.18, 244095, 97, 140852, 0
37120, 116, 6, 7, 0, 0, 36.60%, 10, 0, 4, 9.47, 244152, 97, 140886, 0
37125, 116, 6, 7, 0, 0, 36.60%, 10, 0, 4, 10.69, 244208, 97, 140921, 0
37132, 116, 6, 7, 0, 0, 36.60%, 10, 0, 4, 0.30, 244239, 97, 140933, 0
37140, 116, 6, 7, 0, 0, 36.60%, 10, 0, 4, 0.50, 244256, 97, 140942, 0
37145, 116, 6, 7, 0, 0, 36.60%, 10, 0, 4, 11.08, 244287, 97, 140962, 0
37150, 116, 6, 7, 0, 0, 36.60%, 10, 0, 4, 10.22, 244339, 97, 141002, 0
37155, 116, 6, 7, 0, 0, 36.60%, 10, 0, 4, 10.80, 244394, 97, 141037, 0
37160, 116, 6, 7, 0, 0, 36.60%, 10, 0, 4, 10.56, 244426, 97, 141055, 0
37169, 116, 0, 7, 0, 0, 36.60%, 10, 0, 4, 0.20, 244452, 97, 141069, 0
37176, 116, 0, 7, 0, 0, 36.60%, 10, 0, 4, 0.58, 244512, 97, 141097, 0
37181, 116, 0, 7, 0, 0, 36.60%, 10, 0, 4, 15.00, 244538, 97, 141110, 0
37192, 116, 0, 7, 0, 0, 36.60%, 10, 0, 4, 0.10, 244566, 97, 141125, 0
37204, 116, 0, 7, 0, 0, 36.60%, 10, 0, 4, 0.20, 244582, 97, 141131, 0
37209, 116, 0, 7, 0, 0, 36.60%, 10, 0, 4, 9.63, 244630, 97, 141162, 0
37214, 117, 3, 7, 0, 0, 36.60%, 10, 0, 4, 9.25, 244678, 97, 141192, 0
37221, 117, 3, 7, 0, 0, 36.60%, 10, 0, 4, 0.54, 244710, 97, 141209, 0
37226, 117, 3, 7, 0, 0, 36.60%, 10, 0, 4, 12.58, 244772, 97, 141241, 0
37231, 117, 3, 7, 0, 0, 36.60%, 10, 0, 4, 12.12, 244826, 97, 141271, 0
37236, 117, 3, 7, 0, 0, 36.60%, 10, 0, 4, 12.94, 244849, 97, 141285, 0
37241, 117, 2, 7, 0, 0, 36.60%, 10, 0, 4, 12.83, 244893, 97, 141313, 0
37246, 117, 2, 7, 0, 0, 36.60%, 10, 0, 4, 11.95, 244950, 97, 141344, 0
37251, 117, 2, 7, 0, 0, 36.60%, 10, 0, 4, 11.36, 245005, 97, 141372, 0
37256, 117, 2, 7, 0, 0, 36.60%, 10, 0, 4, 0.27, 245022, 97, 141384, 0
37263, 117, 2, 7, 0, 0, 36.60%, 10, 0, 4, 0.34, 245037, 97, 141393, 0
37270, 117, 2, 7, 0, 0, 36.60%, 10, 0, 4, 0.92, 245066, 97, 141411, 0
37275, 117, 2, 7, 0, 0, 36.60%, 10, 0, 4, 12.06, 245121, 97, 141444, 0
37280, 117, 2, 7, 0, 0, 36.60%, 10, 0, 4, 12.17, 245183, 97, 141475, 0
37285, 117, 2, 7, 0, 0, 36.60%, 10, 0, 4, 11.22, 245240, 97, 141509, 0
37295, 117, 5, 7, 0, 0, 36.60%, 10, 0, 4, 0.17, 245279, 97, 141539, 0
37300, 117, 5, 7, 0, 0, 36.60%, 10, 0, 4, 12.07, 245338, 97, 141571, 0
37306, 117, 5, 7, 0, 0, 36.60%, 10, 0, 4, 0.60, 245390, 97, 141597, 0
37315, 117, 5, 7, 0, 0, 36.60%, 10, 0, 4, 0.17, 245428, 97, 141621, 0
37320, 117, 5, 7, 0, 0, 36.60%, 10, 0, 4, 4.10, 245435, 97, 141626, 0
37328, 117, 3, 7, 0, 0, 36.60%, 10, 0, 4, 0.53, 245469, 97, 141646, 0
37337, 117, 3, 7, 0, 0, 36.60%, 10, 0, 4, 0.72, 245504, 97, 141666, 0
37345, 117, 3, 7, 0, 0, 36.60%, 10, 0, 4, 0.17, 245528, 97, 141680, 0
37353, 117, 3, 7, 0, 0, 36.60%, 10, 0, 4, 0.84, 245582, 97, 141716, 0
37363, 117, 3, 7, 0, 0, 36.60%, 10, 0, 4, 0.35, 245622, 97, 141741, 0
37368, 117, 3, 7, 0, 0, 36.60%, 10, 0, 4, 5.18, 245643, 97, 141756, 0
37373, 117, 4, 7, 0, 0, 36.60%, 10, 0, 4, 9.57, 245700, 97, 141787, 0
37378, 117, 4, 7, 0, 0, 36.60%, 10, 0, 4, 13.02, 245723, 97, 141802, 0
37386, 117, 4, 7, 0, 0, 36.60%, 10, 0, 4, 0.38, 245753, 97, 141820, 0
37394, 117, 4, 7, 0, 0, 36.60%, 10, 0, 4, 0.26, 245793, 97, 141850, 0
37399, 117, 4, 7, 0, 0, 36.60%, 10, 0, 4, 10.54, 245831, 97, 141876, 0
37404, 117, 1, 7, 0, 0, 36.60%, 10, 0, 4, 11.71, 245893, 97, 141904, 0
37409, 117, 1, 7, 0, 0, 36.60%, 10, 0, 4, 11.19, 245951, 97, 141940, 0
37415, 117, 1, 7, 0, 0, 36.60%, 10, 0, 4, 12.35, 246015, 97, 141965, 0
37421, 117, 1, 7, 0, 0, 36.60%, 10, 0, 4, 0.34, 246020, 97, 141969, 0
37426, 117, 1, 7, 0, 0, 36.60%, 10, 0, 4, 0.61, 246042, 97, 141980, 0
37431, 117, 6, 7, 0, 0, 36.60%, 10, 0, 4, 12.39, 246101, 97, 142014, 0
37436, 117, 6, 7, 0, 0, 36.60%, 10, 0, 4, 11.97, 246160, 97, 142045, 0
37443, 117, 6, 7, 0, 0, 36.60%, 10, 0, 4, 0.73, 246196, 97, 142061, 0
37449, 117, 6, 7, 0, 0, 36.60%, 10, 0, 4, 0.68, 246219, 97, 142074, 0
37455, 117, 6, 7, 0, 0, 36.60%, 10, 0, 4, 11.93, 246282, 97, 142105, 0
37460, 117, 6, 7, 0, 0, 36.60%, 10, 0, 4, 11.35, 246344, 97, 142141, 0
37466, 117, 6, 7, 0, 0, 36.60%, 10, 0, 4, 0.18, 246345, 97, 142142, 0
37471, 117, 6, 7, 0, 0, 36.60%, 10, 0, 4, 10.13, 246402, 97, 142170, 0
